4232,ang áng
4233,áng chừng
4234,ắt
4235,ân cần
4236,âu
4237,ẩu
4238,ba láp
4239,bách bộ
4240,bãi bồi
4241,bám riết
4242,bạt mạng
4243,bát ngát
4244,bay
4245,băng
4246,bằng
4247,bâng quơ
4248,bập bềnh
4249,bất công
4250,bất đắc dĩ
4251,bất kỳ
4252,bất thình lình
4253,bây bẩy
4254,bây giờ
4255,bấy lâu
4256,bèn
4257,biến
4258,biện
4259,bó gối
4260,bon bon
4261,bồng bột
4262,bông lông
4263,bỗng nhiên
4264,bộp chộp
4265,cả gan
4266,cà lăm
4267,cả thảy
4268,can chi
4269,canh cánh
4270,cạnh khóe
4271,căm căm
4272,cặn kẽ
4273,cần
4274,cẩn mật
4275,cật lực
4276,chả
4277,chan chứa
4278,chang chang
4279,chanh chua
4280,chắc chắn
4281,chăm chắm
4282,chằm chằm
4283,chẳng
4284,chẳng hạn
4285,chẳng may
4286,chẳng thà
4287,chậm
4288,chập chững
4289,chễm chệ
4290,chí
4291,chí chết
4292,chí chóe
4293,chí lý
4294,chí mạng
4295,chính xác
4296,chịt
4297,cho
4298,cho đã
4299,chóng
4300,chòng chọc
4301,chót vót
4302,chốc nữa
4303,chổng gọng
4304,chồng ngồng
4305,chớ
4306,chớp
4307,chợt
4308,chu đáo
4309,chủ ý
4310,chủ yếu
4311,chúa
4312,chùn chụt
4313,chút nữa
4314,chừ
4315,chưa
4316,có lẽ
4317,có thể
4318,có thể gọi là
4319,có vẻ
4320,cóc cần
4321,coi như
4322,còn nữa
4323,cố tình,cố ý
4324,cồng kềnh
4325,công khai
4326,cỡ chừng
4327,cởi mở
4328,cùng
4329,cũng,cũng vậy,cũng thế
4330,cùng tận
4331,cuội
4332,cuống
4333,cứ
4334,cực
4335,dăng dẳng
4336,dần dần
4337,dè
4338,dĩ nhiên
4339,diễn biến
4340,diện tiền
4341,dìu dặt
4342,dọc đường
4343,dông dài
4344,duy
4345,dựa trên
4346,dửng dưng
4347,dường
4348,dường nào
4349,dường như
4350,đại khái
4351,đáng lẽ
4352,đáng lý
4353,đáo để
4354,đặng
4355,đâu
4356,đến
4357,đi
4358,đích thân
4359,điếu
4360,định rõ
4361,đổ đốn
4362,đôi khi
4363,đồng thời
4364,đột ngột
4365,đỡ
4366,đời nào
4367,đủ
4368,đụ má
4369,đứt
4370,ẽo ẹt
4371,êm giấc
4372,ềnh
4373,gay go
4374,gằm
4375,gắt gao
4376,gần đây
4377,gần tới
4378,gấp bội
4379,gấp rút
4380,gẫu
4381,ghẻ lạnh
4382,ghê
4383,gia chi dĩ
4384,giám
4385,giản dị
4386,giấm giúi
4387,giẹo
4388,gióng một
4389,giờ đây
4390,giừ
4391,giữa
4392,gọi là
4393,gọn lỏn
4394,gọn thon lỏn
4395,gục
4396,gượng nhẹ
4397,hà tất
4398,hài hòa
4399,hai lòng
4400,hàng
4401,hàng đầu
4402,hàng ngày
4403,hao phí
4404,hãy
4405,hay không
4406,hay làm
4407,hằng
4408,hăng hăng
4409,hằng ngày
4410,hắt hiu
4411,hấp tấp
4412,hầu
4413,hầu hết
4414,hậu hĩ
4415,hết
4416,hết lòng
4417,hết sức
4418,hiện
4419,hiền dịu
4420,họa
4421,hoắc
4422,hỏm
4423,hồ
4424,hộc máu
4425,hồi hộ
4426,hồi hộp
4427,hôm kia
4428,hôm nay
4429,hôm qua
4430,hỗn
4431,hổn hà hổn hển
4432,hỗn hào
4433,hổn hển
4434,hổng hểnh
4435,hốt hoảng
4436,hốt nhiên
4437,hớ
4438,hơi hơi
4439,hời hợt
4440,hớt hải
4441,hớt hơ hớt hải
4442,húng hắng
4443,hùng hục
4444,húp híp
4445,hụt
4446,huyên thiên
4447,huỳnh huỵch
4448,hừng hực
4449,ì
4450,ịch
4451,inh
4452,ĩnh
4453,ít nhất
4454,ít nhiều
4455,ít nữa
4456,kẽ nách
4457,kèo kẹo
4458,kề cà
4459,kế đến
4460,kể ra
4461,kềnh càng
4462,khả
4463,khải
4464,khai mù
4465,kham khổ
4466,khảnh
4467,khăm
4468,khắm lặm
4469,khăng khăng
4470,kheo khéo
4471,khét mù
4472,khệ nệ
4473,khểnh
4474,khi không
4475,khi nào,lúc nào
4476,khiển
4477,khoảng chừng
4478,khốc hại
4479,khôn
4480,khốn đốn
4481,khốn kiếp
4482,khôn xiết
4483,không
4484,không bao giờ
4485,không chừng
4486,không hề
4487,không thể
4488,khụ
4489,khúc khích
4490,khuếch
4491,khư khư
4492,khừ khừ
4493,kì
4494,kiên nhẫn
4495,kiệt
4496,kín
4497,kìn kìn
4498,kinh khiếp
4499,kịp,kịp thời
4500,kíp chầy
4501,kịt
4502,kỹ
4503,kỳ cùng
4504,là
4505,lạ
4506,lại bữa
4507,lai nhai
4508,lạm
4509,làm gì
4510,làm lợi
4511,làm nhàm
4512,làm vầy
4513,làm vậy
4514,làm vì
4515,lảnh
4516,làu
4517,lay lắt
4518,lặc lè
4519,lắm
4520,lăn lóc
4521,lăn tăn
4522,lần
4523,lẫn
4524,lần lần
4525,lần lượt
4526,lập cập
4527,lập tức
4528,lầu lầu
4529,lẻ
4530,lẽ ra
4531,lè xè
4532,lẹm
4533,lem lém
4534,leo lẻo
4535,lép bép
4536,lệ khệ
4537,lên cao
4538,lếu
4539,lịa
4540,liền
4541,liền tay
4542,líu la líu lô
4543,líu lô
4544,lọ
4545,loáng
4546,lóc cóc
4547,lòe
4548,lọi
4549,lỏm
4550,lòng vòng
4551,lổ
4552,lỗ
4553,lố
4554,lỗ vốn
4555,lộn
4556,lỡ
4557,lơi
4558,lu bù
4559,lũ lượt
4560,lụi
4561,lúi húi
4562,lui lủi
4563,lủn củn
4564,lún phún
4565,lung
4566,lung tung
4567,luôn
4568,luôn luôn
4569,luống những
4570,lừ lừ
4571,lữa
4572,lừng
4573,lửng
4574,lướt thướt
4575,mà thôi
4576,mải
4577,mãi
4578,mai mốt
4579,mai sau
4580,màn màn
4581,mãn ý
4582,mảng
4583,mau mắn
4584,may ra
4585,may sao
4586,mặc kệ
4587,mặc nhiên
4588,măng sữa
4589,mần răng
4590,mèm
4591,mém
4592,méo xệch
4593,miên man
4594,miệng
4595,minh bạch
4596,mịt mờ
4597,mịt mù
4598,mịt mùng
4599,mỏi nhừ
4600,mọi nơi
4601,móm mém
4602,mòn
4603,mon men
4604,mô
4605,một cách thực tế
4606,một thể
4607,mở hàng
4608,mới đây
4609,mới hay
4610,mới rồi
4611,mớm
4612,muộn
4613,muôn dặm
4614,muộn màng
4615,muôn một
4616,múp míp
4617,mựa
4618,nào
4619,náo
4620,nào đâu
4621,này
4622,nãy giờ
4623,năm năm
4624,năng
4625,nặng lòng
4626,nặng nề
4627,nắng ráo
4628,nặng trĩu
4629,Bản mẫu : new vie adv
4630,nên
4631,ngả ngốn
4632,ngang phè
4633,ngát
4634,ngạt
4635,ngay
4636,ngay cả
4637,ngày kia
4638,ngay lập tức
4639,ngày nay
4640,ngay ngắn
4641,ngày tháng
4642,ngăm ngăm
4643,ngắn ngủn
4644,ngặt ngõng
4645,ngần nào
4646,ngất
4647,ngầu
4648,ngẫu
4649,ngấu
4650,ngậu
4651,ngẫu nhiên
4652,ngậy
4653,nghe đâu
4654,nghênh ngang
4655,nghễu
4656,nghiêm
4657,nghiêm minh
4658,nghiễm nhiên
4659,nghìn dặm
4660,nghịt
4661,ngoạch
4662,ngoem ngoém
4663,ngon
4664,ngon ơ
4665,ngon xơi
4666,ngọt sắc
4667,ngộ
4668,ngồng
4669,ngông nghênh
4670,ngớ
4671,ngụ
4672,ngủm
4673,nguội lạnh
4674,nguyên
4675,ngược
4676,ngược lại
4677,nhá nhem
4678,nhanh nhẹn
4679,nháo
4680,nhạt
4681,nhảy vọt
4682,nhặm lẹ
4683,nhăng
4684,nhằng
4685,nhẳng
4686,nhằng nhằng
4687,nhẫn nại
4688,nhần nhận
4689,nhân thể
4690,nhân tiện
4691,nhất đán
4692,nhất định
4693,nhất nhất
4694,nhất quyết
4695,nhất tề
4696,nhây
4697,nhẹ
4698,nhẹ bồng
4699,nhẹ nhàng
4700,nhếu nháo
4701,nhiệm
4702,nhiên hậu
4703,nhiệt liệt
4704,nhiều nhặn
4705,nhịu
4706,nhoáng
4707,nhoáy
4708,nhõn
4709,nhọn hoắt
4710,nhổm
4711,nhồm nhàm
4712,nhộn nhịp,đông người
4713,nhỡ
4714,nhớt nhợt
4715,nhuế nhóa
4716,như nhau
4717,như thế
4718,như vậy
4719,những
4720,những là
4721,nhường
4722,nói chung
4723,nói riêng
4724,nội thành
4725,nôn nao
4726,nốt
4727,nỡ
4728,nơi nơi
4729,nục
4730,núc nác
4731,nục nạc
4732,nữa
4733,nứt mắt
4734,oách
4735,oang
4736,oang oang
4737,ọe
4738,ỏi
4739,òm ọp
4740,óng
4741,õng ẹo
4742,òng ọc
4743,ốm nhom
4744,ồn
4745,ồn ào
4746,ờ
4747,ở đời
4748,ỡm ờ
4749,phải biết
4750,phải cách
4751,phải chăng
4752,phải đũa
4753,phải rồi
4754,phảng phất
4755,phăm phăm
4756,phăn phắt
4757,phăng
4758,phắt
4759,phập
4760,phè
4761,phè phỡn
4762,phếch
4763,phệt
4764,phí
4765,phi mã
4766,phịch
4767,phiên phiến
4768,phỏng chừng
4769,phong phanh
4770,phót
4771,phốc
4772,phốp
4773,phơ
4774,phớt
4775,phú hậu
4776,phung phúng
4777,phụt
4778,phứa
4779,phượu
4780,quả
4781,quá
4782,quá độ
4783,quả là
4784,qua ngày
4785,quá sức
4786,quả tang
4787,quả thực
4788,quách
4789,quái
4790,quanh năm
4791,quanh quẩn
4792,quấy quá
4793,quỷ thần ơi
4794,quyết nhiên
4795,quýnh
4796,rạc cẳng
4797,rành rọt
4798,rão
4799,rặt
4800,rậm rì
4801,rầm rộ
4802,rấn
4803,rất
4804,rất là
4805,rất mực
4806,rè rè
4807,rề rề
4808,rệu
4809,ri
4810,rinh
4811,rịt
4812,ríu ra ríu rít
4813,ríu rít
4814,ròng rã
4815,rộ
4816,rỗ hoa
4817,rồi
4818,rối ra rối rít
4819,rộng
4820,rốt cuộc
4821,rởm
4822,rợp
4823,rù
4824,rũ rượi
4825,rục rịch
4826,rụi
4827,rùm beng
4828,ruỗng
4829,rứa
4830,rực
4831,rực rỡ
4832,rừng rực
4833,rượn
4834,rứt ruột
4835,sá
4836,sá chi
4837,sa đà
4838,sá gì
4839,sá quản
4840,sạch trơn
4841,sán
4842,sảng
4843,sạt
4844,sát nút
4845,sát sạt
4846,sau đây
4847,sau này
4848,sặc gạch
4849,sặc máu
4850,sặm
4851,sắp
4852,sắp sửa
4853,sắp tới
4854,sầm
4855,sấn sổ
4856,sấp
4857,sập sùi
4858,sất
4859,sâu thẳm
4860,sẽ hay
4861,sè sè
4862,sẻn
4863,sệ nệ
4864,sệt
4865,sì
4866,sỉ
4867,sì sụp
4868,sòng phẳng
4869,sòng sọc
4870,song song
4871,sồ
4872,sỗ
4873,sồn sột
4874,sống nhăn
4875,sốt
4876,sột soạt
4877,sốt vó
4878,sơ qua
4879,sơ sài
4880,sớm
4881,sớm mai
4882,sớm muộn
4883,sớm sủa
4884,sụ
4885,sùi sụt
4886,sũng
4887,sùng sục
4888,suốt đời
4889,suýt
4890,sực
4891,sững
4892,sừng sững
4893,sưng vù
4894,tại sao,vì sao,do sao
4895,tạm được
4896,tạm ổn
4897,tàm tạm
4898,tản
4899,tàn tàn
4900,tắt
4901,tận tình
4902,te
4903,tem tép
4904,tệ
4905,tênh
4906,tếu
4907,thà
4908,tha hồ
4909,thảng hoặc
4910,thành khẩn
4911,thành thử
4912,thào
4913,thau tháu
4914,thảy
4915,thay lảy
4916,thậm
4917,thậm chí
4918,thấm thoắt
4919,thân chinh
4920,thần hiệu
4921,thập thành
4922,thật
4923,thật sự
4924,thâu
4925,thây kệ
4926,thể nào
4927,thế tất
4928,thếch
4929,thí dụ
4930,thì phải
4931,thiểm độc
4932,thiệt
4933,thinh
4934,thình lình
4935,thỉnh thoảng
4936,tho
4937,thỏa thích
4938,thoáng
4939,thoạt
4940,thoạt tiên
4941,thoắng
4942,thoắt
4943,thỏm
4944,thòm thèm
4945,thong thả
4946,thót
4947,thốc
4948,thộc
4949,thôi thôi
4950,thốn
4951,thông tầm
4952,thời xưa
4953,thũng thịu
4954,thừ
4955,thư thư
4956,thực sự
4957,thường
4958,thường khi
4959,thường ngày
4960,thường thường
4961,thượt
4962,tí nữa
4963,tỉ tê
4964,tía lia
4965,tiếng rằng
4966,tinh
4967,tịnh
4968,tình thật
4969,tịnh vô
4970,tít
4971,to xù
4972,toang
4973,toen hoẻn
4974,tõm
4975,tóp
4976,tọp
4977,tót
4978,tọt
4979,tồ tồ
4980,tội gì
4981,tốt
4982,tơ lơ mơ
4983,tởm
4984,tớp
4985,trái cựa
4986,tràn lan
4987,trăng trắng
4988,trật trưỡng
4989,trém
4990,tréo
4991,trẹo
4992,trẹt lét
4993,trệch
4994,trên
4995,trên dưới
4996,triến
4997,triệt để
4998,trịt
4999,trọi
5000,tròm trèm
5001,tróm trém
5002,trong
5003,trong khi
5004,trọng vọng
5005,trối kệ
5006,trối thây
5007,trông chừng
5008,trống hốc
5009,trở đi
5010,trơ trơ
5011,trở xuống
5012,trợt lớt
5013,trụm
5014,trung bình
5015,trùng ngũ
5016,truồng
5017,trừ bữa
5018,trực tuyến
5019,trước đây
5020,trước hết
5021,trước khi
5022,trước mắt
5023,trước sau
5024,túc tắc
5025,tùm hum
5026,tum húp
5027,tủm tỉm
5028,tun hủn
5029,tung thâm
5030,tung tóe
5031,turn-about
5032,tùy
5033,tùy nghi
5034,tuy nhiên
5035,tuy rằng
5036,túy tâm
5037,tùy ý
5038,tuyền
5039,tuyệt vời
5040,tự,tự làm
5041,tự dưng
5042,tự hồ
5043,tự nguyện
5044,tử tế
5045,tức thì
5046,tức tốc
5047,từng
5048,tươi
5049,tươm
5050,tướt
5051,ù
5052,ú ớ
5053,ục ịch
5054,ùm
5055,vào
5056,vào khoảng
5057,vay
5058,vẫn
5059,vân vân
5060,vầy
5061,vậy thì
5062,vấy vá
5063,véo von
5064,vênh
5065,ví dụ
5066,vì thế
5067,vĩnh hằng
5068,vò võ
5069,vòng quanh
5070,vòng vèo
5071,vọt
5072,vô
5073,vô cớ
5074,vô cùng
5075,vội
5076,vỡ lòng
5077,với nhau
5078,vù vù
5079,vung
5080,vừa mới
5081,vừa rồi
5082,vừa tầm
5083,vừa vừa
5084,vượt quá
5085,xá
5086,xém
5087,xiều
5088,xỉu
5089,xô bồ
5090,xơi xơi
5091,y
5092,y nguyên
5093,yểu
5094,xuyên Việt,xuyên Việt Nam
5095,từ phải sang trái,từ phải qua trái
5096,từ trái sang phải,từ trái qua phải
5097,vòng quanh Trái Đất,quanh thế giới
5098,quanh nhà,xung quanh nhà
