11682,sự biểu hiện,sự biểu lộ,sự biểu thị,sự thể hiện
11683,lí lẽ bề ngoài,lý lẽ bề ngoài
11684,hồ sơ thân chủ
11685,cơ quan thông tin,cơ quan dữ liệu
11686,kịch,tác phẩm kịch,vở kịch
11687,thông tin văn bản,thôn tin thành văn
11688,văn bản thiêng liêng,tài liệu thiêng liêng
11689,buộc tội,lời buộc tội
11690,lịch,lịch công tác
11691,sự làm lộ,sự làm lộ bí mật,sự lộ,sự rò rỉ thông tin,sự tiết lộ,sự tiết lộ bí mật,sự để lộ,sự để lộ bí mật
11692,tiếng,tiếng kêu,âm,âm thanh
11693,chữ nguyên âm,nguyên âm
11694,luận điểm,luận điệu,ý kiến
11695,đường link,sự liên kết,sự liên hệ,link
11696,trả lời,hồi âm,hồi đáp,câu trả lời,lời hồi âm,lời hồi đáp
11697,bài diển thuyết khoa trương
11698,danh sách kí tự,danh sách ký tự
11699,in phẳng,in planographic
11700,bài hát có nhiều bè
11701,biển,biển hiệu,biển hiệu đường phố,biển tên phố,biển tên đường,hiệu
11702,tài liệu,dữ liệu,tin tức
11703,xác định từ,hạn định từ
11704,vai ngữ nghĩa,vai tham thể
11705,thẻ,thẻ cá nhân,thẻ thành viên
11706,công bố,lời công bố,lời tuyên bố
11707,quyền vào thẳng,quyền vào trực tiếp,tuyên bố,việc vào thẳng,việc vào trực tiếp
11708,sự liên lạc thư từ,quan hệ thư từ,sự giao tiếp thư từ
11709,khiếu nại,đơn kiện
11710,buổi hòa nhạc
11711,lời nói vô nghĩa,lời nói ngu ngốc
11712,cờ hiệu,cờ lệnh
11713,phông chữ,kiểu chữ
11714,bản dự toán,bảng kê giá,bảng khai giá
11715,chữ,kí tự
11716,toa thuốc,đơn thuốc
11717,quãng ba
11718,hộ chiếu
11719,tiếng không,không
11720,nhãn,nhãn mác
11721,siêu ngôn ngữ
11722,kí hiệu,bộ kí hiệu,ngôn ngữ đánh dấu
11723,phim phụ
11724,bài báo khoa học,bài báo
11725,bằng cử nhân,bằng tốt nghiệp đại học,bằng tốt nghiệp
11726,cụm từ chủ-vị
11727,phương trình
11728,diễn ngôn,văn bản
11729,sự chất vấn,sự tra hỏi,sự hỏi
11730,sự dung túng,sự đồng lõa
11731,danh từ chung
11732,sự biện hộ,sự bào chữa,sự chứng minh
11733,hát ru,bài hát ru
11734,biệt danh,biệt hiệu,tên hiệu
11735,chữ viết cẩu thả,chữ viết quệch quạc,chữ viết bôi bác lằng ngoằng
11736,chỉ thị,chỉ đạo,giấy đòi,lệnh,mệnh lệnh,quyết định,trát,văn bản chỉ dẫn
11737,nốt láy,nốt láy rền
11738,sự khác biệt,sự cách biệt,sự khác nhau,khoảng cách
11739,lí do,nguyên cớ,động cơ
11740,lời nói dí dỏm,cách nói dí dỏm
11741,kết cấu đoạn,ngữ,ngữ đoạn
11742,sự hỏi dò,sự thẩm vấn,sự chất vấn
11743,phụ âm vô thanh
11744,lời cảm thông,lời chia buồn
11745,phụ âm xát,âm xát
11746,tiểu thuyết khoa học viễn tưởng,tiểu thuyết khoa học giả tưởng
11747,lời nịnh hót,lời xu nịnh,lời tán tỉnh,lời dỗ ngọt
11748,cơ sở dữ liệu ngôn ngữ,cơ sở dữ liệu từ vựng
11749,thuật in đá,thuật in thạch bản in thạch bản
11750,nhạc thịnh hành,nhạc đại chúng,nhạc bình dân
11751,thư điện tử,e-mail,email
11752,phách không nhấn,phách nhẹ,nhịp không nhấn mạnh
11753,báo chí,thể văn báo chí,văn báo chí,thông tin báo chí
11754,cột,mục
11755,giai thoại,tuyển tập giai thoại
11756,tiếng rên rỉ,tiếng cằn nhằn
11757,sự cằn nhằn,sự càu nhàu,sự làu bàu
11758,trao đổi,thảo luận,tranh luận,bàn luận,luận bàn,cuộc trao đổi,cuộc thảo luận,cuộc bàn luận,cuộc luận bàn,cuộc tranh luận
11759,ablaut nguyên âm,độ biến nguyên âm
11760,bí mật,điều bí mật
11761,bằng thạc sỹ về nghệ thuật và khoa học,AM
11762,lời buộc tội,lời cáo buộc,lời kết tội
11763,bản ghi chép,tài liệu ghi chép,nhật kí ghi chép,nhật kí công việc
11764,điện tín,điện báo,bức điện,điện
11765,chứng thư quyền sở hữu tài sản
11766,tiếng Ba Lan,ngôn ngữ Ba Lan
11767,cử chỉ,thủ ngữ,ngôn ngữ cơ thể
11768,cuộn tài liệu,cuộn sách
11769,tiếng nói lầm bầm
11770,chương trình tạp kĩ
11771,giấp phép
11772,chuyện vô lí,chuyện vô lý,chuyện vớ vẩn,chuyện ngu ngốc,chuyện nhảm nhí
11773,mã thư tín,mã bưu chính,mã bưu điện,chỉ số bưu điện
11774,phạm trù ngữ pháp
11775,phần lặp chủ đề
11776,chương trình gây hại,chương trình có hại
11777,phép cường điệu,phép nói quá,phép ngoa dụ
11778,âm giáp chót,âm áp chót,âm giáp cuối
11779,lời than thở,lời phàn nàn,lời than phiền
11780,cột chỉ đường
11781,phiên xét xử,phiên xử
11782,bằng chứng ngoại phạm,chứng cớ ngoại phạm
11783,mã lệnh,mã,mã máy tính
11784,điểm chuẩn,điểm tham chiếu,điểm quy chiếu
11785,chữ ghép
11786,khiển trách
11787,chuyên khảo
11788,cái được biểu đạt,nghĩa,ý,ý nghĩa
11789,dẫu mũi tên
11790,cụm từ,ngữ
11791,sự bảo đảm,sự cam kết,sự cam đoan,sự dám chắc,sự đảm bảo
11792,bệnh sử
11793,biểu diễn gây quỹ,biểu diễn từ thiện,chương trình từ thiện
11794,xổ bộ nhớ
11795,tiếng cười
11796,lời nói dối,lời giả dối
11797,lời,ca từ
11798,thư trả lời của Giáo Hoàng
11799,ngôn điệu
11800,tán gẫu,chat,nói chuyện phiếm,cuộc tán gẫu,chuyện phiếm,chát chít
11801,sự bật hơi
11802,cuộc hội đàm,cuộc hội kiến
11803,lên lớp,tinh tướng,tính vi
11804,chính sách xã hội
11805,lỗi in ấn,lỗi in
11806,đoạn trích dẫn
11807,bằng đại học loại ưu
11808,chính sách kinh tế
11809,màn ca múa nhạc,ca múa nhạc,màn ca vũ
11810,bài chính tả
11811,sự đùa cợt,sự chế nhạo,sự giễu cợt,sự nhạo báng,sự chế giễu,sự bỡn cợt,sự đùa bỡn
11812,nhạc nhà thờ,nhạc tôn giáo,âm nhạc tôn giáo
11813,ether,aether,ete môi trường điện từ theo giả thiết
11814,tiểu từ
11815,lời nói vô nghĩa,lời nói không có ý nghĩa
11816,luật chơi
11817,bằng chứng,minh chứng
11818,giấy bảo đảm,giấy bảo hành
11819,hài kịch,kịch vui
11820,chủ nghĩa thuần túy
11821,ballad,khúc ba-lat,bản ba-lat
11822,manh mối,đầu mối
11823,tiếng rên rỉ,giọng rên rỉ
11824,sự đánh vần
11825,từ tục,từ bậy,từ bậy bạ,từ ngữ tục,từ ngữ bậy,từ ngữ bậy bạ,từ ngữ thô tục,từ ngữ tục tĩu,từ ngữ bẩn thỉu,lời lẽ thô tục,lời lẽ tục tĩu,lời lẽ bậy bạ
11826,bảng kí hiệu,biểu kí hiệu,bảng chú thích kí hiệu,bảng kí hiệu viết tắt
11827,số PIN,mã PIN,số thẻ nhận dạng,số nhận dạng cá nhân
11828,cứ liệu,dữ liệu,giấy tờ,hồ sơ,tài liệu,tư liệu,tập dữ liệu,văn bản,văn kiện
11829,ca ngợi,khen ngợi,lời ca ngợi,lời ca tụng,lời khen,lời khen ngợi,lời tán dương,sự ca ngợi,sự ca tụng,sự khen,sự khen ngợi,sự tán dương,tán dương
11830,Hiến pháp Mĩ,Hiến pháp Hoa Kì
11831,trợ động từ
11832,dạng nguyên
11833,hình vị,từ vị
11834,tác phẩm văn học,tác phẩm văn chương,văn phẩm
11835,phần,tập,đoạn
11836,sự khẳng định,sự quyết đoán,sự quả quyết,sự tuyên bố,sự xác nhận
11837,giọng kéo dài
11838,tiêu đề giật gân,đầu đề giật gân,title giật gần,tít giật gân
11839,bản chép tay,văn bản viết tay,văn bản chép tay,bản viết tay
11840,dấu hai chấm,hai chấm
11841,sự phản hồi,ý kiến phản hồi
11842,bảng chọn,mơ-nuy,thực đơn,thực đơn máy tính
11843,diễn đạt lại,sự diễn đạt lại
11844,tiên đề
11845,phỏng tác,bản phóng tác,tác phẩm phỏng theo,bản phỏng theo
11846,dự luật,luật dự thảo
11847,lời tóm tắt,bản tóm tắt,bản sơ lược
11848,luật hình sự,bộ luật hình sự,hình pháp,hình luật
11849,tiếng cười khùng khục
11850,ngôn ngữ tự nhiên
11851,sự định danh,sự phân định
11852,truyện ngắn
11853,hướng dẫn,chỉ dẫn
11854,tiền án tiền sự,hồ sơ tội phạm,hồ sơ phạm tội,lí lịch tư pháp
11855,câu hỏi,dấu chấm hỏi
11856,âm răng,âm chân răng,âm ổ răng,phụ âm chân răng,phụ âm ổ răng
11857,ô-pê-ra,ôpêra,opera
11858,bản giao hưởng,bản nhạc giao hưởng
11859,lỗ hổng của luật pháp,khe hở của luật pháp,kẽ hở của luật pháp
11860,sự bất đồng,sự bất hòa,sự không đồng ý kiến
11861,tiểu thuyết giả tưởng
11862,sử thi,anh hùng ca,thiên anh hùng ca,bản anh hùng ca
11863,quy tắc biến đổi,phép biến đổi,sự thay đổi,sự biến đổi
11864,cờ tổ quốc,quốc kì,quốc kỳ
11865,biên niên sử
11866,điều biến,sự điều biến,sự biến đổi,điều chế tín hiệu,sự điều chế tín hiệu
11867,sự ồn ào,sự ầm ĩ,sự ồn ĩ,sự om sòm,sự huyên náo
11868,nói đùa,giễu cợt
11869,sâu máy tính
11870,đề xuất mới
11871,quãng bốn
11872,sự hoan nghênh,sự tiếp đón ân cần,sự nhiệt liệt chào đón,sự nhiệt liệt đón chào,sự nhiệt liệt chào mừng
11873,lịch sử bệnh,lịch sử bệnh án
11874,truyện phiêu lưu,truyện mạo hiểm
11875,lệnh triệu tập,lệnh tập trung
11876,trích đoạn,đoạn trích,phần trích
11877,danh bạ
11878,lời diễn đạt,lời phát biểu
11879,danh từ riêng,tên riêng
11880,hợp đồng,hợp đồng cho thuê
11881,nốt,phím,nốt nhạc,phím nhạc
11882,giọng nhỏ nhẹ,giọng khẽ,giọng thấp
11883,ngôn từ,lời nói,từ ngữ
11884,truyện tình,truyền tình yêu,truyện ngôn tình
11885,quãng trưởng
11886,cảnh,cảnh phim
11887,logarit,loga,lôga,lô-ga,lô-ga-rít,lôgarit
11888,điểm chính,điểm trọng tâm,điểm cốt yếu,điểm trọng yếu,điểm cốt lõi
11889,hợp đồng nhượng quyền,hợp đồng cấp quyền
11890,lời nói láo xược,hành động láo xược
11891,bài dịch để quay cóp,bản dịch quay cóp
11892,sự lạc giọng,sự mất giọng,sự mất tiếng,sự nghẹn lời
11893,CV,lí lịch,lí lịch cá nhân,lý lịch,lý lịch cá nhân,sơ yếu lí lịch,sơ yếu lý lịch,tiểu sử,tiểu truyện
11894,tiếng Attic,tiếng Ionic,phương ngữ Ionic,phương ngữ Attic,tiếng Hi Lạp cổ điển
11895,lời nói dối vô hại,lời nói dối nhỏ,lời nói đùa
11896,biện pháp nghệ thuật
11897,âm giai toàn cung
11898,văn nói,ngôn ngữ nói,ngôn ngữ binh dân
11899,tiếng vỗ tay,cái vỗ tay,tràng pháo tay,việc vỗ tay,sự vỗ tay,vỗ tay
11900,sổ tay,phiếu ghi,phiếu ghi nhớ,sổ tay ghi nhớ
11901,Lệnh Ông
11902,địa chỉ mạng,website
11903,lời chỉ trích chua cay,lời chửi rủa,lời lăng mạ,lời mắng nhiếc,lời nhục mạ,lời phỉ báng,lời sỉ nhục,lời sỉ vả,lời xỉ vả,sự chửi rửa,sự lăng mạ,sự sỉ nhục,sự sỉ vả
11904,sự tố cáo,sự tố giác,sự vạch mặt,tố cáo,tố giác,việc tố cáo,việc tố giác,việc vạch mặt
11905,tin vắn,tin nhanh,bản tin,tin
11906,đường gạch chân,đường gạch dưới
11907,dòng đầu,dòng đầu tiên
11908,sự dài dòng,sự dông dài,sự huyên thuyên,sự luyên thuyên,sự rườm rà,sự huyên thuyên xích đế,sự dài dòng văn tự
11909,đề phụ,tiêu đề phụ,tiêu đề nhỏ
11910,ngôn ngữ,tiếng,tiếng nói
11911,dấu gạch chéo,dấu sượt phải
11912,sự khinh thường,sự coi khinh,sự khinh rẻ,sự khinh miệt
11913,nhân hóa,nhân cách hóa
11914,dân ca,dân gian,bài hát dân ca,bài hát dân gian
11915,khó khăn,vấn đề khó,bài toán khó,bài toán khó khăn,bài toán phức tạp,bài toán nan giải,vấn đề phức tạp,vấn đề nan giải,vấn đề khó khăn
11916,Gur,Voltaic,ngôn ngữ Gur,ngôn ngữ Vota
11917,phương tiện truyền thông,phương tiện thông tin
11918,oang oang,nói oang oang,thùng rỗng,thùng rỗng kêu to
11919,sự khoa trương,sự tự cao tự đại
11920,phát thanh truyền hình
11921,từ nhấn mạnh
11922,sự phản bác,sự bác bỏ,sự bắt bẻ
11923,khóa,khóa nhạc,âm điệu,điệu
11924,sự phát biểu rõ ràng
11925,xin xỏ,sự xin xỏ,nài xin,sự nài xin,vòi vĩnh,sự vòi vĩnh
11926,từ chêm
11927,công pháp công luật
11928,luật chữ đỏ,luật chữ Đỏ,quy định chữ đỏ,quy định chữ đỏ,rubric
11929,quãng sáu,âm sáu
11930,liên từ,hệ từ,động từ nối
11931,thuyết trình,diễn thuyết,hùng biện,sự thuyết trình,sự diễn thuyết
11932,hợp đồng,bản thỏa thuận,bản giao ước,biên bản thỏa thuận,biên bản giao ước,bản giao kèo
11933,con tem,tem,tem bưu điện,tem thuế,tem thư
11934,dạng thức,dạng mẫu
11935,chồng cảnh,mờ chồng,hiệu ứng chồng cảnh,hiệu ứng mờ chồng,dissolve
11936,trọng âm,âm nhấn
11937,lời dẫn truyện,lời nhắc vở,lời báo thoại
11938,sonata,xô-nát,xô nát,sô-nát,sô nát,bản sonata,bản xô-nát,bản xô nát,bản sô-nát,bản sô nát
11939,tạp lục,hợp tuyển,tuyển tập
11940,dấu luyến,dấu luyến âm
11941,sự lè nhè,tiếng lè nhè
11942,sự phát,sự truyền,sự chuyển giao
11943,tước,tước vị,tước hiệu
11944,đường đồng mức,đường bình độ
11945,dự đoán,tiên đoán,tiên tri,dự báo,đoán trước,lời dự đoán,lời tiên tri,lời dự báo,lời tiên đoán
11946,dấu chấm,điểm chấm
11947,dấu thăng,nốt thăng
11948,nhượng bộ,sự nhượng bộ,sự nhân nhượng
11949,tài liệu tham khảo,danh mục tài liệu tham khảo
11950,dấu ngoặc kép,dấu nháy
11951,sự chống đối,sự phản đối
11952,tài liệu thương mại,văn thương mại
11953,dòng,hàng,dòng chữ,hàng chữ
11954,độc thoại,độc thoại nội tâm
11955,tín hiệu điện tử
11956,dấu mũ
11957,bản thuyết minh kĩ thuật,bản chi tiết kĩ thuật
11958,dạ khúc
11959,tên,tên gọi
11960,liến thoắng,rôm rả,sự liến thoắng,sự rôm rả
11961,vận đơn
11962,bản vá lỗi
11963,dấu hiệu,vật báo hiệu
11964,dấu chân,dấu giày,vết chân,vết giày
11965,tệp tin,tập tin,tệp,file
11966,lời,tiếng
11967,thứ tự,thứ tự biểu diễn,vị trí,vị trí biểu diễn
11968,việc kêu gọi,sự quyên góp
11969,thổ ngữ,tiếng địa phương
11970,đại cương,tổng quan,trích yếu,khái lược,tóm lược,bản khái lược,bản tóm lược
11971,biên tập,tinh chỉnh,sự biên tập,sự tinh chỉnh,sự viết lại
11972,tân ngữ
11973,tin quan trọng,tin tức quan trọng,tin nổi bật,tin tức nổi bật
11974,bản phối,bản hòa âm,bản phối khí,bản hòa âm phối khí
11975,cái nhún vai,nhún vai
11976,nháy mắt,cái nháy mắt,nheo mắt,cái nheo mắt,đá lông nheo,cái đá lông nheo
11977,dòng tít,nhan đề,title,tiêu đề,tít,tựa đề,đầu đề,đề mục
11978,nguồn tin,thông tin,tuy-ô
11979,cau có,nhăn nhó,nét cau có,nét nhăn nhó,rúm ró,sự cau có,sự nhăn nhó,sự rúm ró,vẻ cau có,vẻ nhăn nhó
11980,từ đồng nghĩa
11981,đường dóng
11982,SALT,Đàm phán cắt giảm vũ khí chiến lược,Cuộc đàm phán cắt giảm vũ khí chiến lược
11983,sự làm mất uy tín,sự làm mất thể diện,sự chê bai,sự gièm pha
11984,đô,nốt đô
11985,bản định giá,bản kê khai giá trị,bản nhận xét giá trị,bản đánh giá giá trị
11986,dạng so sánh,cấp so sánh,mức độ so sánh
11987,dấu cách
11988,sự miêu tả,sự mô tả
11989,đồ hình,đồ hình phân tích,hồ sơ,profile
11990,từ loại
11991,thẻ thư viện
11992,dấu hóa,bộ khóa,hóa biểu
11993,dấu giáng,nốt giáng
11994,ba hoa,ba hoa chích chòe,khoa trương,khoe khoang,khoác lác,phét lác,sự ba hoa,sự ba hoa chích chòe,sự khoa trương,sự khoe khoang,sự khoác lác,sự nói láo,sự phét lác
11995,danh tính,danh tánh,sự nhận dạng,sự nhận diện,nhận dạng,nhận diện
11996,lời tán dương,lời tán tụng,lời ca tụng
11997,Sách Khôn ngoan,Wisdom of Solomon,Wisdom
11998,bằng tốt nghiệp hệ hai năm,văn bằng tốt nghiệp hệ hai năm
11999,dấu chấm than,dấu chấm cảm
12000,khai báo,sự khai báo,sự thông báo,thông báo,thông tin,việc báo tin,việc khai báo,việc thông báo,việc thông tin
12001,dấu gạch ngang,dấu gạch nối,dấu nối
12002,tác phẩm tiếng Phạn
12003,lời nguyền,lời nguyền rủa
12004,tham luận,bài tham luận
12005,tiếng kêu,sự kêu
12006,dạng,kiểu
12007,bóng dáng,dáu tích,dấu,dấu hiệu,dấu hằn,dấu lằn,dấu vết,vết,vết tích
12008,tin ngắn,tin vắn,bản tin ngắn
12009,giấy ghi độ,độ
12010,tên gọi,danh hiệu,danh xưng
12011,nguyên tắc đạo đức,phép tắc,phương châm xử thế,tôn chỉ
12012,coupon,voucher,cu-pông,cu-pôn,cu-pon,phiếu mua hàng,vé mua hàng,vao-chơ,vao-trơ
12013,lời hoan hô,tiếng cổ vũ,tiếng hoan hô,tiếng hò reo
12014,sắc lệnh giáo hoàng,sắc lệnh Giáo hoàng,sắc lệnh của giáo hoàng,sắc lệnh của Giáo hoàng
12015,dấu hiệu nghe nhìn
12016,gáo nước lạnh
12017,khúc nhạc đồng quê,bản nhạc đồng quê
12018,catalô,ca-ta-lô
12019,cương lĩnh,cương lĩnh chính trị
12020,lượng từ vựng,vốn từ,vốn từ vựng
12021,phông chữ đậm,kiểu chữ in đậm
12022,giao diện,giao diện người dùng
12023,sự báo động,sự báo nguy,lệnh báo động,lệnh báo nguy
12024,tiếng Ý,ngôn ngữ Ý
12025,công trình nghệ thuật,tác phẩm,vở,bản,bức,bài
12026,hiến pháp,pháp luật cơ bản
12027,sự diễn đạt mơ hồ,sự diễn đạt tối nghĩa,sự diễn đạt mờ nghĩa
12028,ngôn ngữ Miến-Tạng
12029,sự thỉnh cầu
12030,giấy thông hành an toàn
12031,sự chú dẫn
12032,bài đưa tin,bài phóng sự
12033,giới từ
12034,công ước,hiệp định
12035,chữ Ai Cập cổ phổ thông,chữ Ai Cập cổ thông tục
12036,mạo từ
12037,ngôn ngữ nền
12038,giấy tờ đất đai,giấy tờ nhà đất
12039,phép chuyển nghĩa,phép tu từ
12040,sự biểu đạt,sự biểu lộ
12041,rap,nhạc rap,nhạc hip-hop
12042,cú pháp,cấu trúc câu
12043,sự thăm dò,sự tiếp xúc
12044,tiếng còi,tiếng còi xe
12045,vở diễn,tác phẩm
12046,hiệp ước hòa bình,hòa ước
12047,biểu thức,công thức
12048,lời rao hàng
12049,quân hàm,cấp bậc
12050,bản kiến nghị,bản đề nghị
12051,hợp đồng,hợp đồng bảo hiểm
12052,mẫu đơn xin việc,đơn xin việc
12053,nhóm ngôn ngữ Ấn - Iran,ngôn ngữ Ấn - Iran
12054,phương tiện truyền thông đại chúng,phương tiện thông tin đại chúng
12055,liên từ,từ nối
12056,chương trình đặc biệt
12057,sách dẫn luận,giáo trình dẫn luận,sách nhập môn,giáo trình nhập môn
12058,lối diễn đạt dài dòng,lối diễn đạt dông dài,lối diễn đạt rườm rà
12059,tiếng bồi,tiếng lai
12060,áo,tấm áo,chiếc áo
12061,sự chế nhạo,sự nhạo báng,cái nhìn chế nhạo,câu nói nhạo,cười nhạo,cười khẩy
12062,tiếng Latinh,ngôn ngữ Latinh
12063,tiếng kêu ê
12064,âm schwa,âm shwa
12065,hệ thập phân,hệ biểu diễn thập phân,hệ đếm cơ số mười,hệ thống số thập phân
12066,rất không hài lòng
12067,lời cam kết,lời hứa,lời hứa hẹn,lời thề,lời thề nguyền,lời thệ ước
12068,khẩu hiệu,châm ngôn,phương châm,khẩu lệnh,biểu ngữ
12069,đơn yêu cầu,đơn đề nghị
12070,tin đồn nhảm,tin đồn,chuyện tầm phào
12071,phép chính tả
12072,chủ ngữ
12073,phép dùng từ tượng thanh
12074,chữ cái,con chữ,chữ,mẫu tự
12075,bản khai có tuyên thệ
12076,ghi chú lưu cục
12077,tiếng Fox,ngôn ngữ Fox
12078,cọc đánh dấu
12079,điều quái gỡ,điều kinh khủng,điều khủng khiếp
12080,sự thờ phụng,sự thờ cúng
12081,tiếng gầm thét,tiếng gầm gào
12082,ý định,mục tiêu,mục đích
12083,công cụ phát sinh,công cụ phái sinh,chứng khoán phái sinh
12084,nốt chính,âm chủ,âm chủ trong âm giai
12085,tiếng Anh,ngôn ngữ Anh,Anh ngữ
12086,chương trình,chương trình nghị sự,kế hoạch,kế hoạch làm việc
12087,nghề sân khấu
12088,hành động cúi chào,sự cúi chào
12089,phương pháp tốc kí,thuật tốc kí,phép tốc kí,phương pháp tốc ký,thuật tốc ký,phép tốc ký
12090,lời giới thiệu,lời mở đầu,lời nói đầu,lời tựa,phần mở đầu,đoạn mở đầu
12091,phim tài liệu,phim tư liệu
12092,ai điếu,bi ca,bài hát tang,bài hát truy điệu,bài điếu ca,khúc bi ai,khúc bi thương,sầu ca,tang ca,thơ bi,điếu văn
12093,thuật ngữ,từ chuyên môn,từ chuyên ngành
12094,bản ghi nhớ,bản nhắc nhớ
12095,chế độ bảo vệ nền công nghiệp trong nước,bảo hộ mậu dịch
12096,truyện trinh thám,phim trinh thám,tiểu thuyết trinh thám
12097,điện não đồ,EEG
12098,thương hiệu,tên thương mại,nhãn hiệu
12099,hành động ngôn từ,hành vi ngôn từ,hành vi dùng lời,hành vi bằng lời
12100,nhạc hiệu
12101,mũ,số mũ,lũy thừa
12102,cho,để,để cho,sự cho,sự để,sự để cho
12103,cảnh,phong cảnh,cảnh tượng,hình ảnh
12104,hoán dụ
12105,quy tắc ngôn ngữ
12106,hành khúc
12107,sự bắt tay,việc bắt tay
12108,kiểu làm thơ,luật thơ,lối thơ,niêm luật,phép làm thơ,vần luật,vận luật
12109,phần nội dung,phần chính
12110,Rê,nốt Rê
12111,tiếng hí hí,tiếng hi hí,tiếng cười hí hí,tiếng cười hi hí
12112,di chúc,chúc thư,bản di chúc,bản chúc thư
12113,giọng,sắc thái giọng
12114,dấu phụ
12115,mệnh đề khẳng định toàn xưng
12116,giao tiếp thính giác,thông tin thính giác,nghe ngóng
12117,funk,nhạc funk
12118,bổ đề,định đề
12119,bài kiểm tra,bài thi
12120,số,số báo,số tạp chí
12121,sự không tán thành,sự phản đối
12122,sóng phản xạ ra đa,sóng phản xạ sóng vô tuyến
12123,sự khoa trương,sự khoe khoang,sự phô trương
12124,tác phẩm văn học đồng quê,tác phẩm đồng quê
12125,dấu hiệu,tín hiệu
12126,tác phẩm hư cấu
12127,tiểu thuyết,truyện,truyện dài
12128,bí danh,mật danh,biệt danh
12129,sự miêu tả bằng lời,bức tranh ngôn từ
12130,thông cáo,thông báo ngắn,bản tin ngắn,bản thông báo ngắn
12131,đèn giao thông,tín hiệu đèn giao thông,đèn báo giao thông
12132,sự phát âm,sự phát âm ra
12133,lời giới thiệu,thư giới thiệu,sự tiến cử
12134,tên họ,họ
12135,sự đoán,sự phỏng đoán,sự suy đoán,sự ước chừng
12136,phó từ,phụ từ,trạng từ
12137,ngữ hệ Sioux,hệ ngôn ngữ Sioux
12138,kỉ yếu,kỷ yếu
12139,tranh biếm họa,tranh đả kích
12140,bi hài kịch,vở bi hài kịch
12141,phần mềm nâng cấp,bản nâng cấp,phiên bản nâng cấp
12142,tiếng Bắc Kinh,ngôn ngữ Bắc Kinh,tiếng Quan Thoại,ngôn ngữ Quan Thoại
12143,âm át
12144,cuộc dàn xếp,cuộc thương lượng,cuộc thương thảo,cuộc đàm phán,dàn xếp,thương lượng,thương thảo,đàm phán
12145,hóa đơn,hóa đơn tính tiền
12146,lời ghi chú,lời chú giải
12147,điểm chính,điểm then chốt,trọng điểm
12148,trò hề,trò cười,trò đùa,trò khôi hài,trò hài hước
12149,nhạc không lời
12150,việc chiếu phim,sự chiếu phim
12151,cười khinh bỉ,cười khẩy,cười nhếch mép,tiếng cười khẩy
12152,bài hát ca ngợi
12153,sol,nốt sol
12154,vẻ,điệu,giọng,mùi
12155,âm rung
12156,khúc đò đưa,bài hát đò đưa,barcarolle
12157,log
12158,đẩy lùi,đánh lui,đánh lùi,sự đẩy lùi,sự đánh lùi,sự đánh lui
12159,phiên họp,khóa họp,kỳ họp
12160,bản nhạc hỗn hợp
12161,bài chính,bài viết chính,bài nổi bật,bài đặc biệt
12162,hiệu lệnh rút quân
12163,chương trình,chương trình máy tính
12164,bưu điện,bưu chính
12165,nhạc,âm nhạc
12166,chương trình nhị phân
12167,phiếu bầu cử,lá phiếu,lá thăm
12168,sự giới thiệu
12169,phát thanh-truyền hình
12170,phương tiện biểu hiện,phương tiện chuyển tải,phương tiện truyền bá
12171,tiếng chim hót,tiếng chim kêu
12172,lối nói,cách nói,kiểu nói,phong cách nói
12173,chương trình ứng dụng,phần mềm ứng dụng
12174,tiếng kêu,tiếng la,tiếng hét,tiếng hò hét
12175,sự đánh trống hạ cờ
12176,bách khoa toàn thư,từ điển bách khoa thư,bộ bách khoa thư,bộ từ điển bách khoa,bộ từ điển bách khoa thư,bộ bách khoa toàn thư,bộ từ điển bách khoa toàn thư
12177,chủ đề,chủ đề giai điệu,chủ đề âm nhạc
12178,sách hướng dẫn du lịch
12179,dấu hiệu,điềm báo,dấu hiệu biểu hiện
12180,sắc lệnh Sa hoàng,sắc lệnh vua Nga,sắc lệnh của Sa hoàng,sắc lệnh của vua Nga
12181,vé
12182,cơ sở,khái niệm cơ sở,kiến thức cơ sở,kiến thức căn bẳn,kiến thức cơ bản
12183,bảng Anh,pound Anh,đồng bảng Anh,đồng pound Anh
12184,sự khăng khăng đòi,sự nhất định đòi,sự cố nài
12185,trước tác,tuyển tập,các bài viết
12186,dấu hỏi,dấu hỏi chấm,dấu chấm hỏi,hỏi chấm,chấm hỏi
12187,chương trình,tờ chương trình,tờ chương trình biểu diễn
12188,vi rút,vi-rút,virus,vi rút máy tính,vi-rút máy tính
12189,sự phô bày,sự trưng bày
12190,văn,văn xuôi
12191,sổ tay,bảng tính sẵn
12192,dấu phảy,dấu phẩy,dấu thập phân,phảy,phẩy
12193,lời nói ủy mị,lời lẽ ủy mị,lời nói sướt mướt,lời lẽ sướt mướt
12194,giả thiết,giả thuyết,giả định
12195,điều khẳng định,sự khẳng định
12196,dấu bình,dấu hoàn
12197,bài hát đạo,bài ca đạo,bài hát tôn giáo,bài ca tôn giáo
12198,kì,kỳ,kì ra báo,kỳ ra báo,kì đăng báo,kỳ đăng báo
12199,bằng danh dự hạng nhất
12200,lời bao biện,lời biện bạch,lời biện hộ,lời bào chữa,sự biện hộ,sự bào chữa
12201,công cụ chuyển nhượng
12202,phong cách biểu đạt,phong cách bộc lộ,phong cách
12203,nét cong bay bướm
12204,buổi biểu diễn công cộng,giải trí công cộng
12205,hình chữ vạn,chữ vạn
12206,khích lệ,khuyến khích,động viên,lời khích lệ,lời khuyến khích,lời động viên
12207,tiếng bập bẹ,tiếng bi bô
12208,hợp âm chuyển thuận tai,hợp âm chuyển thuận
12209,ngữ hệ Algonquin,hệ ngôn ngữ Algonquin
12210,âm tắc mút
12211,tiếng mẹ đẻ,ngôn ngữ mẹ đẻ,ngôn ngữ thứ nhất
12212,lời chú giải,lời chú thích,lời dẫn giải,đoạn thuyết minh
12213,hội nghị chuyên đề,hội thảo,seminar
12214,giấy tính tiền,hóa đơn thanh toán
12215,sự mâu thuẫn,sự trái ngược,sự phủ định,sự phủ nhận
12216,thư của mục sư,thư mục vụ
12217,thơ,thi ca,thơ ca,nghệ thuật thơ
12218,sự chào,sự chào hỏi,lời chào,lời chào hỏi
12219,sự chỉ đạo,sự hướng dẫn,sự dìu dắt
12220,tóm tắt lại,tóm lược lại,bản tóm tắt lại,bản tóm lược lại
12221,bè đệm
12222,lời cầu nguyện,lời nguyện cầu
12223,báo ảnh,tạp chí ảnh
12224,sự chế nhạo,lời chế nhạo
12225,bằng chứng,bằng cớ,bằng cứ,chứng cớ,chứng cứ,hiện vật,vật chứng,vật cớ,vật cứ
12226,nhạc cổ điển,âm nhạc cổ điển,nhạc truyền thống,âm nhạc truyền thống
12227,ý chính,đại ý,ý chủ đạo,ý nghĩa chủ đạo
12228,đọc cho viết,đọc chính tả,sự đọc chính tả,sự đọc cho viết
12229,buổi biểu diễn kịch,buổi diễn kịch
12230,bài luyện đọc,bài đọc
12231,lời tán thành,lời đồng ý
12232,thành tố,thành phần,thành phần ngữ pháp
12233,diễn văn chào mừng,diễn văn chúc mừng
12234,khúc dạo,nhịp dạo,khúc dạo đầu
12235,hành vi giả tạo,hành vi đạo đức giả,hành động đạo đức giả,thái độ giả tạo,thái độ đạo đức giả
12236,âm nền
12237,kinh Cựu Ước
12238,chào theo nghi thức,chào theo nghi thức quân đội
12239,tiếng gào lên,tiếng rú lên
12240,bản viết tay,bút tích
12241,chữ viết tay,chữ viết,tự dạng
12242,tin đồn,lời bàn tán,lời đồn đại,lời xì xào,lời xì xào bàn tán
12243,mệnh đề toán học,định lí toán học,định lý toán học
12244,sự giả vờ,sự dối trá,sự giả dối
12245,hàng rào thương mại,hàng rào quan thuế
12246,lời giả dối,lời đạo đức giả,lời nói thớ lợ
12247,phiên họp của tòa án,phiên họp của cơ quan lập pháp
12248,phép đặt vần luật
12249,trang,trang web
12250,lời hứa,bản cam kết
12251,phụ âm lưỡi
12252,chương trình tiện ích,chương trình phục vụ
12253,trung tố
12254,tiền ngữ,mệnh đề đứng trước
12255,kí tự biểu ý,ký tự biểu ý,thành phần biểu ý
12256,sự thách thức,sự thách đấu
12257,chuyện trò,cuộc chuyện trò,cuộc nói chuyện,cuộc trò chuyện,cuộc đàm đạo,nói chuyện,trò chuyện,tâm sự,đàm đạo
12258,cột mốc,mốc ranh giới
12259,chuyện bí mật,chuyện kín,chuyện riêng,chuyện riêng tư
12260,nét chữ nguệch ngoạc,chữ viết nguệch ngoạc
12261,lời cảnh báo,lời răn
12262,tiếng Thượng Hải,tiếng Ngô
12263,lời yêu cầu,lời đề nghị,sự yêu cầu,sự đòi hỏi,việc yêu cầu,việc đòi hỏi,yêu cầu,đòi hỏi,điều kiện
12264,tiếng Hi Lạp cổ,ngôn ngữ Hi Lạp cổ
12265,phần,phân đoạn,tiết đoạn
12266,nhóm ngôn ngữ Slavo,nhóm ngôn ngữ Xla-vơ,ngôn ngữ Slavo,ngôn ngữ Xla-vơ
12267,biên bản
12268,tiểu sử các thánh
12269,hình thái từ,hình thái
12270,mật khẩu,mật ngữ,mật lệnh,khẩu lệnh,pass,password
12271,sự quảng cáo rùm beng
12272,biến tấu
12273,truyền thông điện tử
12274,báo cáo,bản báo cáo,báo cáo nghiên cứu,bản báo cáo nghiên cứu
12275,nét ngoáy sau
12276,báo lá cải
12277,khuông nhạc,hàng kẻ nhạc
12278,hằng sai
12279,chương trình soạn thảo
12280,báo cáo tài chính,bản báo cáo tài chính
12281,sự gạ gẫm,sự rủ rê,sự gạ
12282,sách,cuốn sách,quyển sách
12283,dấu móc,dấu ngoặc,móc,ngoặc
12284,khoảng thụt đầu dòng,chỗ thụt đầu dòng
12285,hợp đồng cộng tác,hợp đồng đối tác,cam kết,bản cam kết
12286,BASIC,ngôn ngữ lập trình BASIC
12287,nhóm ngôn ngữ Kamarupan,ngôn ngữ Kamarupan
12288,đoạn giới thiệu phim,đoạn quảng cáo phim,trailer
12289,điếu văn,bài điếu văn
12290,công nghiệp phim ảnh,ngành công nghiệp phim ảnh
12291,giao tiếp động vật,liên lạc động vật
12292,bài phân tích
12293,sự công nhận,sự nhận,sự thú nhận,sự thừa nhận,sự xác nhận
12294,thông tin mới,tin tức mới
12295,diễn đạt hoa mĩ,diễn đạt màu mè,diễn đạt cầu kì,diễn đạt văn vẻ
12296,sự vô lễ,sự bất kính,sự thiếu tôn kính,sự thiếu tôn trọng,sự bất lễ
12297,luật La Mã
12298,tiếng cười thầm
12299,giấy chứng nhận
12300,luận cứ,lí,lí lẽ,lý,lý lẽ
12301,phim thời sự
12302,mệnh đề
12303,sự bắt chước,sự nhái lại
12304,diễn văn,bài diễn văn,bài diễn thuyết,bài thuyết trình
12305,bằng cử nhân điều dưỡng,BAN
12306,ngữ hệ Ấn - Âu,hệ ngôn ngữ Ấn - Âu
12307,thư chuyển bằng đường bộ,thư chuyển bằng đường sắt,thư chuyển bằng đường biển,thư chuyển bằng đường hàng không
12308,bảng kiểm kê,danh sách kiểm kê,bản kê hàng tồn kho
12309,tiếng cười hố hố,tiếng cười ha hả
12310,thông cáo báo chí
12311,biển địa chỉ,biển số nhà
12312,form,mẫu
12313,đơn hàng nước ngoài,đơn hàng quốc tế
12314,sách hướng dẫn,sách chỉ dẫn
12315,ngoại động từ
12316,thì,thời
12317,chuỗi nốt lướt
12318,nhãn đĩa,nhãn hiệu,hãng đĩa ghi âm
12319,quy tắc ngữ pháp,quy tắc quy phạm
12320,sự huyên thuyên,sự luyên thuyên,sự hiên thuyên,sự liên thuyên,sự huyên tha huyên thuyên,sự luyên tha luyên thuyên,lời nói xàm,lời nói nhảm,sự ba xàm,lời ba xàm,sự ba sàm,lời ba sàm,lời lảm nhảm,sự lảm nhảm
12321,chuyện cười,chuyện hài,chuyện hài hước,chuyện khôi hài,chuyện buồn cười,chuyện tiếu lâm,chuyện tếu táo,chuyện mắc cười
12322,nhắc vở,nhắc tuồng,lời nhắc,lời nhắc vở,lời nhắc tuồng,việc nhắc vở,việc nhắc tuồng
12323,nốt xướng âm
12324,sự vẫy tay,cái vẫy tay,vẫy tay
12325,sự lây,sự lây lan
12326,đường đẳng cự
12327,vai nghĩa biểu thị thời gian
12328,xoắn,đoạn xoắn,đường xoắn ngắn
12329,xòe bài,hạ bài,lượt xòe bài,lượt hạ bài
12330,tính nhọn,tính thuôn nhọn
12331,tưởng niệm,tưởng nhớ,kỉ niệm,kỷ niệm,sự tưởng niệm,sự tưởng nhớ
12332,thang âm
12333,lối phân tách,kiểu phân tách
12334,nhạc Mĩ-Phi,African-American music
12335,ý kiến,quan điểm,quan niệm,cách nhìn
12336,luân khúc,canon,ca-nông
12337,nguyệt san
12338,thông số kĩ thuật,đặc điểm kĩ thuật,chi tiết kĩ thuật
12339,bài tập,bài luyện
12340,chứng minh thư,giấy chứng minh,thẻ căn cước
12341,khóa cấp tốc,khóa học cấp tốc,chương trình cấp tốc
12342,chương trình truyền hình,chương trình ti vi,chương trình vô tuyến
12343,điện quốc tế,điện đường dài,bức điện quốc tế,bức điện đường dài
12344,phép liên tưởng,phép so sánh liên tưởng
12345,chế định li hôn,chế định ly hôn
12346,lời đáp,lời đối đáp
12347,nhạc swing,nhạc jive
12348,lệnh giới nghiêm
12349,thơ,bài thơ
12350,câu thơ,dòng thơ
12351,chương trình thử nghiệm
12352,cảm ơn,cám ơn
12353,thơ trữ tình,bài thơ trữ tình
12354,tiền lệ
12355,chửi,mắng,chửi mắng
12356,học vị thạc sĩ,bằng thạc sĩ
12357,sự bày tỏ,sự biểu lộ
12358,cuộc bàn cãi,cuộc tranh luận,lời nói hai nghĩa,lời nói lập lờ,lời nói mập mờ,lời nói nước đôi,sự lảng tránh,sự lẩn tránh,sự lập lờ,sự mập mờ,sự nói nước đôi,sự thoái thác,sự tránh,sự tránh lé,sự ăn nói lập lờ,sự ăn nói mập mờ,tranh luận
12359,thuật hùng biện,tài hùng biện,sự hùng biện
12360,lệnh tịch biên,lệnh tịch thu
12361,sự chửi rủa,sự nguyền rủa,lời nguyền rủa
12362,phao côn,phao hình nón,phao nón
12363,chủ nghĩa đế quốc,đế quốc chủ nghĩa
12364,giấy mời,lời mời,thiệp mời,thư mời,thiếp mời
12365,sự chỉ trích,sự khiển trách,sự phê bình,sự phê phán
12366,chữ viết,chữ
12367,giấy tờ chuyển nhượng
12368,nhật kí,nhật ký
12369,hình vị hạn chế,hình vị ràng buộc,hình vị giới hạn,hình vị bị hạn chế,hình vị bị ràng buộc,hình vị giới hạn
12370,hệ thống truyền hình,truyền hình
12371,kiểm tra chuyên sâu,bài kiểm tra chuyên sâu
12372,lời bôi nhọ,lời nói xấu,lời vu cáo,lời vu khống,lời đặt điều
12373,bàn bạc,họp bàn,hội đàm,cuộc bàn bạc,cuộc họp bàn,cuộc hội đàm
12374,chức danh,tước hiệu,danh hiệu
12375,tiếng Trung Quốc,ngôn ngữ Trung Quốc,tiếng Trung,tiếng Hoa,Hoa ngữ,tiếng Hán,Hán ngữ
12376,đoạn đồng ca,đoạn điệp khúc,đoạn điệp
12377,ngôi
12378,chữ khắc trên bia mộ
12379,sự thách thức,sự khiêu chiến
12380,danh sách,bản kê tên,bản ghi tên
12381,chủ từ
12382,sự chỉ trích,lời chỉ trích
12383,điều lệ,quy chế,quy định
12384,nhóm ngôn ngữ Đông Mã Lai - Đa Đảo,ngôn ngữ Đông Mã Lai - Đa Đảo
12385,nghệ danh
12386,phần trên,phần trước
12387,chương trình dịch,bộ chuyển đổi,bộ dịch
12388,sự cấu âm
12389,nội dung,phần chính
12390,phương ngữ,giọng địa phương,tiếng địa phương
12391,sự cho phép,sự chấp nhận,sự chấp thuận,sự thuận theo,sự ưng ý
12392,lối nói uốn giọng,lối uốn giọng,sự uốn giọng
12393,sự chỉ trích gay gắt,lời chỉ trích gay gắt,sự đả kích
12394,sự truyền bá,sự phát tán,sự phổ biến,sự đề xướng
12395,ngữ hệ Maya,hệ ngôn ngữ Maya
12396,nguyên hàm
12397,lời nói,tiếng nói
12398,sự giải thích,sự diễn giải,sự thông ngôn,sự thông dịch
12399,thư mục
12400,giao ước,hợp đồng
12401,kinh Coran,kinh Co-răng,sách thánh đạo Hồi
12402,thông tin tình báo quân sự,tin tình báo quân sự
12403,quãng bảy,âm bảy
12404,sự in,in ấn
12405,Phúc âm Mark,Tin lành Mark,Tin lành Mác,Phúc âm Máccô,sách Mác,sách Máccô,Phúc Âm Mark,Phúc Âm Mác,Phúc Âm Máccô
12406,kể,kể chuyện,kể lại,sự kể chuyện,sự kể lại,sự thuật lại,sự tường thuật,thuật,thuật lại
12407,sự la ó
12408,sự gọi tên,sự nêu tên,sự chỉ tên
12409,tên chế,tên chế giễu,tên chế nhạo
12410,sự khuyến khích,sự thúc đẩy,sự xúc tiến,sự đẩy mạnh
12411,giấy,giấy má
12412,sự khinh thường,sự coi thường,sự xem thường
12413,bản tam tấu,bản nhạc tam tấu
12414,a hèm,e hèm,hèm hèm,hừ
12415,giải vô địch,giải nhất
12416,kinh cầu nguyện
12417,nhóm ngôn ngữ Tây German,ngôn ngữ Tây German
12418,sự chào mừng,sự chào đón,sự hoan nghênh,sự tiếp đón,sự đón tiếp
12419,cấm,luật cấm,lệnh cấm
12420,điều khoản bổ sung,điều khoản thêm vào
12421,cantat,cantata
12422,buổi học phụ đạo
12423,lời ứng khẩu
12424,nhạc soul
12425,bảng giá
12426,học vị tiến sĩ,học vị tiến sỹ,bằng tiến sĩ,bằng tiến sỹ
12427,nhạc ba-lê,nhạc vũ kịch,nhạc kịch múa
12428,note,bản ghi,bản ghi chép,bản ghi chú
12429,đàm thoại,tọa đàm,đàm luận,cuộc đàm thoại,cuộc hội đàm,cuộc đàm luận
12430,sáng tác thơ,nghệ thuật sáng tác thơ,nghệ thuật làm thơ,sự làm thơ,sự sáng tác thơ
12431,thỏa thuận,sự thỏa thuận
12432,đơn xin,đơn
12433,nốt luyến âm,đoạn luyến âm
12434,bài viết,trước tác,trứ tác
12435,mã số,số hiệu,mã
12436,loạt,seri,se-ri
12437,sự bỏ thầu,bao thầu
12438,bài,bài viết,bài báo
12439,âm gió
12440,nhóm ngôn ngữ German,ngôn ngữ German
12441,sự bóc trần,sự phơi trần,sự vạch trần,sự vạch mặt,sự phơi bày,sự đưa ra ánh sáng
12442,chính sách đối ngoại,đường lối ngoại giao,đường lối đối ngoại,chủ trương đối ngoại
12443,lệnh xuất phát,hiệu lệnh xuất phát,dấu hiệu xuất phát
12444,hồi,màn
12445,sự thật,sự thực,lời nói thật
12446,nốt móc đơn,móc đơn
12447,truyện ngụ ngôn,ngụ ngôn
12448,cột chỉ đường ngón tay
12449,sách hướng dẫn sử dụng,tài liệu hướng dẫn sử dụng,sách hướng dẫn,tài liệu hướng dẫn
12450,điểm tập hợp,tụ điểm
12451,đề từ
12452,phim,phim được trình chiếu
12453,lời chào tạm biệt,lời chào từ biệt
12454,bói toán,sự bói toán,sự bói,sự tiên tri,sự dự cảm
12455,cơ sở dữ liệu máy tính,cơ sở dữ liệu điện tử
12456,sự chia sẻ,sự sẻ chia,sự tâm sự
12457,sự hiểu theo nghĩa đen
12458,sự yêu sách,sự đòi hỏi,quyền đòi hỏi,quyền yêu sách
12459,thi viết,bài thi viết,bài thi
12460,đại từ
12461,chuyện vớ vẩn,chuyện tầm phào
12462,đánh mốc,đánh dấu
12463,sọ,đầu lâu,xương sọ,hình sọ,hình đầu lâu,hình xương sọ
12464,tờ rơi,tờ quảng cáo,tờ rơi quảng cáo
12465,bài luận,bài tiểu luận,báo cáo,chuyên luận,luận văn,luận án,tiểu luận
12466,từ dài,từ có nhiều mẫu tự
12467,sự miễn cưỡng đồng ý,sự miễn cưỡng bằng lòng
12468,từ trái nghĩa
12469,từ điển điện tử,MRD
12470,lời,nhời,lời nói,nhời nói,lời lẽ,nhời nhẽ
12471,tham số,tham biến,thông số
12472,dấu chấm phẩy,chấm phẩy,chấm phảy
12473,tin đồn,lời đồn,tiếng đồn
12474,căn tố,gốc,gốc từ,từ gốc,từ nguyên
12475,phần kết,lời kết,lời bạt
12476,sự phản đối chính thức,lời phản đối chính thức
12477,giọng,tiếng
12478,điện tâm đồ,biểu đồ điện tim,EKG,ECG
12479,đơn vị ngôn ngữ,đơn vị ngôn ngữ học
12480,thư pháp,nghệ thuật viết chữ đẹp
12481,đoạn nhạc,khúc nhạc
12482,thông tin xác thực,tin xác thực,thông tin đáng tin cậy
12483,lời nói đầu,đề tựa
12484,tiếng Kuki-Chin,tiếng Kuki,ngôn ngữ Kuki
12485,sự bật đèn xanh,bật đèn xanh
12486,sự buộc tội,sự đổ lỗi,sự đổ trách nhiệm
12487,lời cầu khẩn,lời khẩn cầu,lời cầu xin
12488,bảng đáp án,đáp án
12489,nói liến thoắng,nói liến thoáng,nói tía lia
12490,thi vấn đáp,thi nói,cuộc thi vấn đáp,cuộc thi nói
12491,thông tin tòa soạn
12492,hệ ngôn ngữ Nam Đảo,ngữ hệ Nam Đảo,họ ngôn ngữ Austronesian
12493,kênh kênh truyền
12494,phụ âm tắc,âm tắc
12495,bổ ngữ
12496,lời chỉ trích,lời trách mắng,lời khiển trách,lời phê bình
12497,sự chứng minh,sự biện hộ,sự giải thích
12498,bằng tiến sĩ về trị liệu xương,DO
12499,tranh vui,truyện tranh cười,cột tranh vui,mục tranh vui,biếm họa,comic strip,cartoon strip,strip
12500,chữ kí,chữ ký
12501,pháo sáng
12502,vị từ
12503,sự khuyến cáo
12504,sổ,sổ ghi chép,sổ sách,sổ tay
12505,tài liệu biên soạn,tài liệu sưu tập
12506,sự phản đối,sự phản kháng,sự kháng nghị,lời phản đối,lời phản kháng,lời kháng nghị
12507,số báo,số báo ra
12508,Quốc tế ca
12509,sự vinh danh
12510,hàm,lon,quân hàm,phù hiệu quân hàm
12511,xì căng đan,xì-căng-đan,scandal,chuyện tai tiếng,chuyện bê bối,chuyện gièm pha
12512,báo,thông báo
12513,sự lưu hành,việc lưu hành
12514,Tư bản,Tư bản luận,bộ Tư bản,bộ Tư bản luận
12515,divertimento,đi-vơ-ti-men-tô
12516,xướng bài,việc tố,việc xướng bài,tố
12517,sự phát biểu,sự diễn thuyết,sự diễn thuyết trước công chúng
12518,sự khoe khoang khoác lác
12519,từ chối,từ bỏ,từ khước,chối từ,khước từ,sự từ chối,sự từ bỏ,sự từ khước,sự chối từ,sự khước từ
12520,tái biên,việc viết lại,sự viết lại
12521,visa
12522,gợi ý,lời gợi ý,lời đề nghị,lời đề xuất,sự gợi ý,sự khơi gợi,sự đề nghị,sự đề xuất,đề nghị,đề xuất
12523,giao tiếp thị giác,thông tin thị giác,nhìn ngắm
12524,vé phạt,giấy phạt
12525,hứa,hứa hẹn,thỏa thuận
12526,bài,bài hát,ca khúc
12527,dấu sao,dấu hoa thị
12528,trao nhượng,giao nhượng,sự từ bỏ,sự trao nhượng,sự giao nhượng
12529,zeta,zê-ta
12530,đọc lướt,việc đọc lướt,liếc qua,việc lướt qua
12531,số ít,dạng số ít,hình thức số ít
12532,vu khống,vu cáo,sự vu khống,sự vu cáo
12533,sự khấu đầu,sự khấu đầu lạy tạ,sự cúi lạy sát đất,sự quỳ lạy
12534,biệt ngữ,tiếng lóng
12535,tập san thời sự
12536,sự kháng biện,sự bác bỏ,sự phản đối
12537,lời chúc,lời chúc mừng,sự chúc,sự chúc mừng
12538,thiếp Valentine,thiệp Valentine,thiếp Va-len-tin,thiệp Va-len-tin,thiếp tình nhân,thiệp tình nhân
12539,cuộc hội ý,sự hối ý
12540,nơi nhận,nơi đến,địa chỉ,địa chỉ người nhận,địa chỉ nơi nhận
12541,Job,sách Job,sách ông Job
12542,dấu hiệu nổi bật
12543,LISP,ngôn ngữ lập trình LISP,ngôn ngũ xử lí danh sách
12544,tài liệu đáng tin cậy
12545,khuyến mãi,sự khuyến mãi
12546,tái bút,PS
12547,sự miêu tả,cách miêu tả
12548,nhịp,nhịp điệu,vần,vần nhịp,vần điệu
12549,tên thân mật,tên gọi thân mật
12550,dàn ý,dàn bài,sườn,đặc điểm chính,đề cương
12551,ống gió
12552,sự lí giải,sự giải nghĩa,sự giải thích
12553,ẩn số,số chưa biết
12554,sự làm giả
12555,tác phẩm hội thoại,tác phẩm đối thoại
12556,sự cắt bỏ,sự cắt bớt,sự biên tập,sự xóa đi,sự bỏ đi
12557,tâm,tâm điểm,trung tâm,đích ngắm
12558,đạo đức,nguyên tắc đạo đức,quy tắc đạo đức,chuẩn mực đạo đức,luân thường đạo lí,luân thường đạo lý
12559,thoáng,nét,một thoáng,một nét
12560,dấu in ấn
12561,palindrome,thuận nghịch độc,cụm xuôi ngược,từ xuôi ngược,cụm xuôi ngược
12562,sự đồng ý,sự chấp thuận,sự ưng thuận
12563,từ đồng âm,từ đồng âm khác nghĩa,từ đồng âm dị nghĩa
12564,từ khóa
12565,nhạc van-xơ
12566,tiếng nói,giọng nói
12567,âm nước
12568,đồ thị bức xạ,giản đồ bức xạ
12569,thơ ca ngợi,thơ ca tụng,tụng ca
12570,giai điệu,điệu nhạc
12571,kí tự dưới,ký tự dưới,kí hiệu dưới,ký hiệu dưới,chỉ số dưới dòng
12572,thư quảng cáo
12573,danh mục,mục lục,bảng liệt kê,danh mục liệt kê,ca ta lô
12574,điều khoản mánh khóe
12575,quãng,quãng âm
12576,hệ thống kí hiệu,hệ thống ký hiệu bản đồ,hệ kí hiệu,hệ ký hiệu
12577,chuyện khó tin,chuyện hoang đường
12578,sự chế nhạo,sự chế giễu,sự giễu cợt,sự cười nhạo
12579,nốt tròn
12580,tiếng than khóc,tiếng rên khóc,tiếng rên rỉ
12581,tiếng than phiền,tiếng kêu ca,tiếng kêu than
12582,thì hiện tại,thời hiện tại
12583,bản khai thu nhập cá nhân
12584,ngữ điệu
12585,danh sách ngăn xếp
12586,sự thông báo,sự đưa tin
12587,trò đùa hài hước
12588,sự dạm hỏi
12589,áp phích,poster
12590,phụ lục
12591,nội dung,chủ đề,đề tài
12592,bằng,chứng chỉ,văn bằng,bằng cấp
12593,hồi kí,hồi ký,tự truyện
12594,quãng năm
12595,giấp phép thông hành,giấy thông hành,giấy đi đường
12596,lệnh đình chỉ
12597,nghị quyết
12598,thông tri,yết thị,thông cáo
12599,lịch trình,bảng giờ giấc,biểu thời gian
12600,lời cầu khẩn,lời nài xin
12601,hình vẽ minh họa,hình minh họa,hình
12602,mồm chữ A,sự há hốc mồm
12603,sự diễn thuyết,sự nói chuyện
12604,lời nói khàn khàn
12605,bài phê bình,bài phê bình văn học,phê bình văn học
12606,bản in rời,bản in thêm,bản in riêng,bản in đính kèm
12607,sự thưởng,sự thưởng công,sự đền ơn
12608,sự thuyết phục,sự làm cho tin
12609,kí hiệu vị trí,ký hiệu vị trí,kí hiệu định vị,ký hiệu định vị
12610,điện thoại,cuộc gọi,cú gọi,cú điện thoại,cuộc điện thoại
12611,phụ đề
12612,yêu cầu thanh toán,yêu cầu chi trả
12613,đề tài để viết,đề tài viết
12614,hành vi xúc phạm,hành vi coi thường,hành động bất kính,lời nói xúc phạm,lời nói coi thường,lời nói bất kính
12615,sự bắn ra một tràng,sự xổ ra một tràng,sự tung ra một loạt bắn ra một tràng,xổ ra một tràng,tung ra một tràng
12616,tạp chí,tập san
12617,hệ thống mã,hệ mã,hệ mã hóa
12618,dấu nhắc
12619,sự miêu tả trực quan,sự miêu tả
12620,phim hoạt hình,phim hoạt họa
12621,chữ in hoa,chữ hoa,chữ cái hoa,chữ viết hoa
12622,điều khám phá ra,điều phát hiện ra,điều tìm ra
12623,thuật in máy
12624,phép lặp thừa,sự lặp thừa
12625,lời đe dọa,lời hăm dọa
12626,lời vô nghĩa,điều vô nghĩa
12627,ứng đối,đối đáp,ứng đáp,sự ứng đối,sự đối đáp,sự ứng đáp
12628,lời khuyên,lời mách nước
12629,sự tranh cãi,sự tranh luận,sự đấu tranh
12630,sách Phúc Âm
12631,công-xéc-tô,concerto
12632,nhật báo,nhật trình
12633,cớ,lí do
12634,giấy khai hải quan,giấy kê khai hải quan
12635,lối chơi chữ,trò chơi chữ
12636,ghi chú,ghi chú cuối trang,chú cuối trang
12637,sách trắng,bạch thư
12638,âm tiết
12639,sự phủ nhận,lời phủ nhận
12640,hạn ngạch nhập khẩu,hạn mức nhập khẩu
12641,hệ thống số,hệ số
12642,nghệ thuật hùng biện
12643,đoạn thơ kết,khổ thơ kết
12644,lời nhận xét,lời đánh giá
12645,hội nghị bàn tròn
12646,ngữ danh từ,danh ngữ,cụm danh từ
12647,tiếng Iran,ngôn ngữ Iran,tiếng I-ran,ngôn ngữ I-ran
12648,nội động
12649,lời phê bình sâu sắc,lời nhận xét sắc sảo
12650,từ thuộc,từ phân
12651,ấn phẩm định kì,ấn phẩm định kỳ,tạp chí định kì,tạp chí định kỳ,xuất bản phẩm định kì,xuất bản phẩm định kỳ
12652,phụ ngữ,trạng ngữ
12653,tóm tắt,trích yếu,toát yếu,bản tóm tắt,bản tóm tắt ý chính,bản tóm lược ý chính
12654,thiếp,thiệp
12655,sở hữu,cách sở hữu
12656,thần giao cách cảm
12657,sự liên lạc với nhau
12658,uyển ngữ
12659,thông tin tình báo,tin tình báo,tin tức tình báo
12660,nốt chơi bật,đoạn nhạc chơi bật
12661,giọng nam trung
12662,nhóm ngôn ngữ Ural-Altai,nhóm ngôn ngữ U-ran - An-tai,ngôn ngữ Ural-Altai,ngôn ngữ U-ran - An-tai
12663,công thức,cách thức,cách làm
12664,phụ âm
12665,ngữ cảnh,văn cảnh
12666,giọng nam trầm,âm nam trầm
12667,lời chào tạm biệt,lời chúc tạm biệt
12668,nhãn dính,nhãn dán
12669,lời đề tặng
12670,hệ điều hành,OS
12671,chứng từ chuyển nhượng,giấy chuyển nhượng
12672,hiệp định liên minh,hiệp định đồng minh,hiệp ước liên minh,hiệp ước đồng minh
12673,sách kỉ lục,sách kỉ lục,quyển sách kỉ lục,quyển sách kỉ lục
12674,khúc hành quân,khúc quân hành
12675,nốt đen
12676,cuộc cãi cọ,cuộc cãi lẫy,cuộc cãi lộn,cuộc cãi nhau,cuộc cãi vã,cuộc tranh cãi,cãi cọ,cãi lẫy,cãi lộn,cãi nhau,cãi vã,tranh cãi
12677,ngữ hệ Niger-Kordofanian,hệ ngôn ngữ Niger-Kordofanian
12678,lời thề tin theo
12679,lời chứng,lời khai
12680,bằng lòng,sự bằng lòng,sự nhất trí,sự thống nhất,sự tán thành,sự tán đồng,sự đồng tình,sự đồng ý,tán thành,tán đồng,đồng tình,đồng ý
12681,trình đệ trình,sự trình,sự đệ trình
12682,giấy biên nhận,giấy biên lai,biên nhận,biên lai
12683,nhóm ngôn ngữ Mã Lai - Đa Đảo,ngôn ngữ Mã Lai - Đa Đảo
12684,sh
12685,siêu liên kết
12686,lệnh cấm,sự cấm đoán
12687,giấy phong hàm
12688,việc,vụ,vụ việc,vụ kiện,vụ tố tụng,việc kiện,việc tố tụng
12689,phụ san
12690,bài quảng cáo,sự quảng cáo
12691,tín hiệu rađiô
12692,giấy cấp bằng sáng chế
12693,cột cây số,cột ki-lô-mét,cây số
12694,phần đính kèm,phần phụ đính
12695,tiếng hú,tiếng rít,tiếng rú,tiếng tru
12696,nội tình,thông tin mật,thông tin nội bộ,tin mật,tin nội bộ
12697,bằng sáng chế,bằng phát minh
12698,nhạc dân tộc,nhạc dân gian,nhạc dân ca
12699,kí hiệu toán học,ký hiệu toán học
12700,trang đối
12701,sự đa cảm,tính đa cảm
12702,công báo
12703,denta,đen-ta
12704,đơn hàng,đơn đặt hàng
12705,tiếng cười nhạo,tiếng cười khẩy,tiếng cười nhạo báng
12706,bài học,lời răn dạy
12707,độc tấu,độc diễn,đơn diễn,đơn ca,diễn đơn
12708,bản in,dạng bản in,dạng in,ấn bản
12709,biểu đồ,sơ đồ,sơ đồ biểu diễn,đồ thị
12710,cụ thể hóa,cụ tượng hóa
12711,nói hỗn,nói xấc,nói láo,lời nói hỗn,lời nói xấc,lời nói láo,lời xấc xược,lời hỗn láo,lời xấc láo,sự hỗn hào,sự hỗn láo,sự xấc xược,sự láo xược
12712,bản tuyên thệ,lời chứng
12713,tên,tên chính
12714,chuyện ba hoa,chuyện huyên thuyên,chuyện huyên thiên,chuyện huyên thuyên xích đế,chuyện luyên thuyên
12715,tối hậu thư,thư cuối
12716,đèn phanh xe,đèn sau xe,đèn đuôi xe,đèn stop
12717,âm liên tục,phụ âm liên tục
12718,cái O.K.,cái OK,cái Okay,cái Ok,cái Okie,cái ok,cái okie,cái ôkê,O.K.,OK,Okay,Ok,Okie,ok,okie,ôkê
12719,động từ
12720,tin nhắn
12721,văn phong,lối viết,cách viết,phong cách,phong cách viết,phong cách viết văn
12722,nịnh hót,sự nịnh hót,nịnh bợ,sự nịnh bợ,tâng bốc,sự tâng bốc,xu nịnh,sự xu nịnh,bợ đỡ,sự bợ đỡ
12723,lệnh,lịnh,mệnh lệnh,mịnh lịnh
12724,hằng đúng,luôn đúng,mệnh đề hằng đúng,mệnh đề luôn đúng
12725,nói tù mù,ăn nói tù mù,nói khó hiểu,ăn nói khó hiểu,nói tối nghĩa,ăn nói tối nghĩa
12726,từ nguyên,nguồn gốc của từ
12727,Mixa,Mi-xa,Misa,Mi-sa,mixa,misa,lễ Mixa,lễ Mi-xa,lễ Misa,lễ Mi-sa,lễ mixa,lễ misa,Mass
12728,vé chuyển phương tiện vận chuyển,vé thay phương tiện vận chuyển
12729,lặng,dấu lặng
12730,tài liệu lưu trữ,hồ sơ lưu trữ
12731,pháo sáng tín hiệu,pháo sáng Very
12732,tiếng Etperantô,ngôn ngữ Esperanto,ngôn ngữ Ét-pê-ran-tô,Quốc tế ngữ,Esperanto
12733,bản in,trang in
12734,lời phụ xướng
12735,phần đệm ứng tác,phần đệm ngẫu hứng
12736,dự báo thời tiết,dự đoán thời tiết,khí tượng học
12737,cuộc đối đầu,mối bất hòa,sự bất hòa,sự bất đồng,sự xích mích,sự đối chọi,sự đối đầu
12738,tranh luận,tranh cãi,cãi vã,cuộc tranh luận,cuộc tranh cãi,sự cãi vã
12739,chỗ trống,khoảng trống
12740,báo khổ nhỏ,báo cỡ nhỏ
12741,thông thái rởm
12742,quà tặng,tặng phẩm,tặng vật
12743,chữ tượng hình,chữ viết tượng hình
12744,truyện li kì,truyện ly kì,truyện phiêu lưu,phim li kì,phim ly kì,phim phiêu lưu,kịch li kì,kịch ly kì,kịch phiêu lưu,thể loại li kì,thể loại ly kì,thể loại phiêu lưu
12745,mật mã
12746,phần nối tiếp,đoạn tiếp,cuốn tiếp theo
12747,thông tin bí mật,thông tin mật,tin bí mật,tin mật
12748,quốc ca
12749,sự ra hiệu
12750,sự phô diễn,sự hoa mĩ,sự văn vẻ
12751,sự thể hiện,sự diễn đạt,sự biểu đạt
12752,phù hiệu taxi,huy hiệu đăng kí taxi
12753,phao,phao cứu hộ,phao cứu sinh,phao cứu đắm
12754,chào,cúi chào,cúi mình,cúi người,cúi đầu,sự cúi chào,sự cúi mình,sự cúi người,sự cúi đầu
12755,bằng,bằng tốt nghiệp
12756,giá đặc biệt,giá khuyến mại
12757,ngôn ngữ lập trình
12758,tiết mục
12759,đặt tiền tố,sự đặt tiền tố,sự thêm tiền tố,việc đặt tiền tố,việc thêm tiền tố
12760,giao thức
12761,lời cảm ơn,lời cám ơn,sự cảm ơn,sự cám ơn
12762,round
12763,phỏng vấn,cuộc phỏng vấn,bài phỏng vấn
12764,vẻ cau mày,vẻ chau mày,vẻ nhăn mặt,vẻ nhăn mặt
12765,tiếng Anh Trung cổ
12766,dấu,con dấu
12767,sự mặc cả,sự thương lượng,sự thương thuyết,sự thỏa thuận,sự đàm phán,sự đàm phán ngoại giao
12768,lời nhận xét,lời bình luận
12769,thông báo thanh toán
12770,chương trình con
12771,lệnh của tòa án
12772,hệ đếm thập phân
12773,lời kêu gọi,khẩu hiệu kêu gọi
12774,lời hứa,điều hứa,điều hẹn ước,sự hứa hẹn
12775,nhạc kịch,phim ca nhạc
12776,say sưa,say sưa về,nói say sưa,say sưa nói
12777,thông tin,tin,tin thời sự,tin tức
12778,văn đạo,văn chép,văn cóp,văn ăn cắp,văn sao chép,bài văn đạo,bài văn chép,bài văn cóp,bài văn ăn cắp,bài văn sao chép
12779,bản dàn bè,bản nhạc,bản tổng phổ,tổng phổ
12780,lời lẽ coi thường,lời lẽ khinh thường,lời lẽ khinh bỉ,lời lẽ dè bỉu,lời lẽ coi khinh,lời lẽ khó nghe,lời lẽ thô thiển,lời lẽ bốp chát
12781,sự vô lí,sự vớ vẩn,sự ba lăng nhăng
12782,lời mắng,lời chửi,lời mắng chửi,lời chửi mắng,lời mắng mỏ,lời mắng nhiếc,lời chỉ trích
12783,tên giả,tên tạm thời
12784,chuyên san,cơ quan ngôn luận
12785,lời vô thức
12786,phần mềm,chương trình phần mềm,phần mềm máy tính,hệ thống phần mềm,bộ phần mềm
12787,tập tin văn bản,tệp tin văn bản,tập văn bản,tệp văn bản
12788,tài liệu đính kèm,tài liệu đi kèm
12789,mong muốn,ước mong,mong mỏi,ước ao,ao ước,sự mong muốn,sự ước mong,sự mong mỏi,sự ước ao,sự ao ước
12790,tài liệu sửa lại
12791,dấu trọng âm,dấu nhấn mạnh,dấu nhấn
12792,sự làm toáng lên,sự bù lu bù loa
12793,Opera,trình duyệt Opera
12794,tiếng thầm thì,tiếng thì thầm,tiếng thầm thĩ,tiếng thì thào,thầm thì,thì thầm,thầm thĩ,thì thào
12795,sổ ghi điểm,phiếu ghi điểm,thẻ ghi điểm,sổ tính điểm,phiếu tính điểm
12796,chữ Ai Cập cổ đại,chữ tượng hình Ai Cập,chữ viết tượng hình Ai Cập
12797,tuần báo,báo hàng tuần
12798,gật,gật đầu,cúi đầu
12799,thiệp chúc mừng,tấm thiệp chúc mừng
12800,sắc lệnh vua ban
12801,blip
12802,dấu ba chấm,dấu chấm chấm,dấu chấm lửng,ba chấm,chấm lửng
12803,chế phẩm giễu nhại,chế phẩm nhại lại,sản phẩm giễu nhại,sản phẩm nhại lại,chế phẩm châm biếm,sản phẩm châm biếm
12804,sự phê chuẩn,sự chấp nhận
12805,thể thức,cách chức
12806,bản quyền,tác quyền,quyền tác giả
12807,thánh ca,bài thánh ca
12808,vè,bài vè
12809,dấu sắc,thanh sắc
12810,tin nóng,tin sốt dẻo,tin hot
12811,vật ám chỉ,vật nói đến
12812,đường dẫn,cookie
12813,thiệp chào,bưu thiếp ghé thăm
12814,vũ khí đối thoại
12815,radio,ra đi ô,ra-đi-ô,vô tuyến,vô tuyến điện
12816,kế hoạch làm việc,thời gian biểu,thời khóa biểu
12817,giấy ra vào,giấy phép ra vào,giấy thông hành
12818,bàn luận,luận bàn,sự bàn luận,sự luận bàn
12819,đãi bôi,sự đãi bôi,khen đãi bôi,lời khen đãi bôi
12820,từ mượn,từ vay mượn,từ ngoại lai
12821,âm chặn,âm ồn,phụ âm chặn,phụ âm ồn
12822,thông báo,thông báo chính thức
12823,vé mời
12824,dấu của nhà xuất bản
12825,dấu huyền,thanh huyền
12826,cẩm nang,sách bỏ túi,sổ tay hướng dẫn
12827,vạch chia độ
12828,phương tiện,công cụ,phương tiện truyền thông,công cụ truyền thông
12829,dấu tích,dấu kiểm tra
12830,sự khiển trách,sự quở trách
12831,từ mới,từ ngữ mới
12832,tin đồn,tin truyền miệng,tin hành lang
12833,cây chùy,cây gậy,cây quyền,cây trượng,quyền trượng,trượng
12834,tử ngữ,ngôn ngữ chết
12835,từ trung tâm,trung tâm ngữ,thành phần trung tâm
12836,việc kí tên
12837,nhượng bộ,điểm nhượng bộ,điểm nhân nhượng
12838,dấu móc câu,dấu ngoặc nhọn,dấu ngoặc ôm
12839,tuyển tập,tổng tập,toàn tập,tuyển,ấn phẩm tuyển chọn
12840,lệnh gọi đến dự một phiên tòa,trát đòi hầu tòa
12841,truyền thông tâm lí
12842,kì thi cuối,kì thi cuối kì,kì thi cuối học kì,kì thi hết kì,cuộc thi hết kì,kì kiểm tra cuối kì,kì kiểm tra hết kì
12843,lời khuyên,lời chỉ bảo
12844,mã Móc-xơ,mã Morse
12845,tiền tố,tiếp đầu ngữ
12846,phách đầu
12847,lệnh,câu lệnh,dòng lệnh
12848,tiếng Quiche,ngôn ngữ Quiche
12849,phần quảng cáo,mục quảng cáo
12850,danh sách,bản danh sách,bảng danh sách,danh sách dữ liệu,bản danh sách dữ liệu,bảng danh sách dữ liệu
12851,rock n roll,rock,nhạc rock n roll,nhạc rock,rock and roll
12852,ngôn ngữ đa chiều,ngôn ngữ nhiều chiều
12853,kênh,đường,nguồn
12854,đơn yêu cầu,đơn khiếu nại,đơn kiến nghị
12855,nhóm ngôn ngữ Balto-Slavo,ngôn ngữ Balto-Slavo
12856,lời nói chua cay,lời nói xúc phạm,lời nói cay nghiệt,lời nói chua chát,lời nói nhẫn tâm
12857,sự ăn mày,sự ăn xin,cảnh ăn mày,cảnh ăn xin
12858,thư chuyển phát nhanh,thư hỏa tốc,thư tốc hành
12859,nhạc vũ quay
12860,bản dự thảo,bản phác thảo,bản thảo
12861,bưu thiếp
12862,sách giáo khoa,sách giáo trình,giáo trình,sách
12863,vẻ mặt,nét mặt,điệu bộ khuôn mặt,biểu hiện khuôn mặt,biểu cảm khuôn mặt
12864,sự dự báo,sự dự đoán
12865,cam,vấu
12866,phần dẫn chuyện,phần giới thiệu
12867,đoạn chuyển tiếp,đoạn nối
12868,khiêu vũ,múa,nhảy múa,nhảy
12869,tâm sự,cuộc tâm sự,lời tâm sự,buổi tâm sự,dốc bầu tâm sự
12870,diễn văn đề cử,bài diễn văn đề cử
12871,phụ tố
12872,ngoại cảm,E.S.P.,ESP
12873,nét bút,nét
12874,danh sách đánh bóng,đội hình ra sân
12875,sự chứng minh,phép chứng minh
12876,luật,điều luật,đạo luật
12877,lời nói phi chuẩn,lời nói thông tục
12878,nhóm ngôn ngữ La tinh,ngôn ngữ La tinh
12879,bài xã luận,bài bình luận
12880,chương
12881,truyện cổ tích,truyền thuyết,huyền thoại,cổ tích
12882,họp báo,cuộc họp báo,buổi họp báo
12883,phần trình bày
12884,tràng pháo tay,tràng vỗ tay
12885,cảnh báo,lời cảnh báo
12886,lời đính ước,lời hứa hôn,lời hẹn ước
12887,sự diễn kịch
12888,lời lẽ nhạo báng,lời lẽ chế nhạo
12889,sự gợi ý,sự ám chỉ
12890,tiết nhạc,đoản khúc
12891,phạm trù số,số
12892,âm vị
12893,giọng nói,giọng
12894,nguồn phong phú
12895,kẻ vô danh tiểu tốt
12896,phần chính,đoạn chính
12897,thư cá nhân,thư riêng
12898,nước mắt cá sấu
12899,sách tham khảo,tài liệu tham khảo,công trình tham khảo
12900,diễn biến,cốt truyện
12901,khía cạnh,quan điểm,mặt
12902,mã,ám số,ám tự
12903,giọng bực bội,giọng bực tức,giọng khó chịu,giọng tức tối
12904,sự bất bình,sự bất công
12905,phần giới thiệu,màn giới thiệu,lời giới thiệu,lời mở đầu
12906,chuỗi từ,loạt từ
12907,khoa trương,điệu bộ khoa trương,cử chỉ khoa trương
12908,thạc sĩ giảng day,thạc sỹ giảng dạy,MAT
12909,hợp đồng thuê tàu,hợp đồng chuyên chở
12910,đoạn hát nói
12911,nhật kí chuyến đi,nhật ký chuyến đi,nhật kí hành trình,nhật ký hành trình
12912,nhạc pop
12913,quảng cáo,quảng cáo thương mại
12914,tiếng Phúc Kiến Đài Loan
12915,sách nhỏ,cuốn sách nhỏ,quyển sách nhỏ
12916,cuộc đối thoại,hội thoại,lời thoại,lời đối thoại,mẩu đối thoại,thoại,đối thoại
12917,chữ run
12918,sự bép xép,sự hớt lẻo
12919,nhạc Thánh lễ,Thánh nhạc
12920,ngữ hệ Hán Tạng,hệ ngôn ngữ Hán Tạng,ngữ hệ Hán - Tạng,hệ ngôn ngữ Hán - Tạng
12921,mã vạch,mã sản phẩm
12922,tiếng thở dài,sự thở dài
12923,đe dọa,hăm dọa,sự đe dọa,sự hăm dọa,mối đe dọa
12924,quy tắc,phép tắc,luật
12925,tiểu thuyết lãng mạn,tiểu thuyết hư cấu
12926,nhạc khiêu vũ,nhạc nhảy,nhạc dance
12927,kí âm,ký âm
12928,thì quá khứ,thời quá khứ
12929,cốt truyện,nội dung
12930,tiếng ré,tiếng thét
12931,cuộc đối thoại,cuộc hội thoại
12932,hợp đồng,khế ước,thỏa ước,giao kèo,hiệp ước,hiệp định
12933,cười,nụ cười
12934,phim viễn Tây,phim cao bồi
12935,truyền hình cáp
12936,ánh sáng,ánh đèn
12937,sự thu hồi
12938,sự dối trá,sự lừa dối,sự lừa gạt,sự lừa đảo,sự nói dối,sự nói láo,sự nói điêu
12939,la,nốt la
12940,lời dụ dỗ
12941,nghi thức,phép xã giao,quy ước
12942,phụ âm yết hầu,âm yết hầu
12943,sử,lịch sử,sử sách,sử kí
12944,vị ngữ,ngữ động từ,cụm động từ
12945,phông chữ hiện đại,phông chữ Bô-nô-đi
12946,đặc ngữ,thành ngữ,đoản ngữ,quán ngữ
12947,phong cách cổ,phong cách cổ điển,phong cách cổ xưa
12948,bi kịch
12949,kiểm tra nhanh,kiểm tra ngắn
12950,danh từ
12951,trang chủ
12952,loại nhạc,thể loại nhạc,phong cách nhạc
12953,quy tắc ngôn ngữ phổ dụng
12954,lệnh kèn
12955,ô nhịp,khuông nhịp
12956,sự dâng trào,sự tuôn trào
12957,lưu lượng
12958,sự đồng lõa,sự bao che,sự đồng mưu
12959,quyền trượng,gậy quyền
12960,tiếng Ba Tư,ngôn ngữ Ba Tư
12961,bản nhạc dạo
12962,chú giải,chú thích,ghi chú
12963,tiếng Hi Lạp,ngôn ngữ Hi Lạp
12964,chất giọng
12965,cốt truyện,kịch bản
12966,nhãn,nhãn hiệu
12967,luận điểm,luận đề,chính đề
12968,cầu hôn,sự cầu hôn
12969,thơ ngỏ,thư ngỏ
12970,quan hệ công chúng,PR
12971,bài hát cầu kinh,bài hát thánh ca
12972,buổi biểu diễn,buổi trình diễn,cuộc trình diễn
12973,thông cáo,cáo thị
12974,châm ngôn,cách ngôn,phương ngôn
12975,chứng từ
12976,đoạn chuyển điệu
12977,sự tru,sự hú,sự rít,sự rú,sự gào thét,sự la hét
12978,mã truy cập,mã đăng nhập,mã truy nhập
12979,thơ tứ tuyệt,thơ bốn câu
12980,punk,nhạc punk
12981,chính sách,chủ trương
12982,xin chào,chào
12983,tổ khúc
12984,sự giảng,sự giảng giải
12985,dấu chấm câu,dấu chấm,chấm câu,chấm
12986,tác phẩm âm nhạc,tác phẩm nhạc,nhạc phẩm,sáng tác
12987,sự mập mờ,mập mờ,đánh lận con đen
12988,lời cảm thán,lời thốt lên,lời kêu lên
12989,tin mới nhất,tin tức mới nhất,thông tin mới nhất,tin gần đây nhất,tin tức gần đây nhất,thông tin gần đây nhất
12990,từ điển,tự điển
12991,phương tiện truyền thông,sóng truyền thông,phương tiện phát thanh - truyền hình
12992,cổ đại,lịch sử cổ đại,lịch sử cổ xưa,thời kì cổ đại,thời kỳ cổ đại
12993,dấu chữ thập,dấu ghi chú
12994,tín hiệu đầu ra,tín hiệu ra
12995,võ sĩ đạo
12996,củng cố,sự củng cố,minh họa,sự minh họa
12997,sự lên án,sự chỉ trích
12998,văn bản pháp lí,văn bản pháp lý,văn bản quy phạm pháp lí,văn bản quy phạm pháp lý
12999,tình ca,bản tình ca,tình khúc,ca khúc tình yêu,bài hát tình yêu
13000,dải tần số,dải tần,băng tần
13001,tiểu sử,sơ yếu,sơ yếu lí lịch,hồ sơ lí lịch,bản tóm tắt tiểu sử,bản sơ lược tiểu sử
13002,vua,nhà vua,ngôi vua,ngai vàng
13003,số nhiều,dạng số nhiều,hình thức số nhiều
13004,chuyện nhảm,chuyện phiếm,chuyện nhảm nhí
13005,tín hiệu điện báo
13006,torah,Ngũ thư Do Thái,Năm sách Môise
13007,từ điển,từ điển giải nghĩa,sách từ vựng
13008,lời tụng niệm,lời khấn,lời cầu nguyện
13009,đảo đề,mệnh đề đảo
13010,giấy,giấy in,folio
13011,bản viết lại,bản sáng tác lại,bản làm lại
13012,bức thư ngắn,bức thư cá nhân ngắn
13013,tuyên ngôn,bản tuyên ngôn,bản tuyên bố,bản tuyên cáo
13014,lời trêu chọc,lời đùa cợt,lời chồng ghẹo,lời chế giễu
13015,chiếu chỉ,chỉ dụ,ngọc chỉ,sắc lệnh,thánh chỉ
13016,số điện thoại
13017,iota,i
13018,kí hiệu viết,ký hiệu viết,kí hiệu in,ký hiệu in
13019,bản dịch,bài dịch
13020,bản bát tấu,bản hòa tấu,bản hợp tấu,bản nhạc bát tấu,bản nhạc hòa tấu,bản nhạc bát tấu
13021,ngôn ngữ lập trình C,ngôn ngữ C,C
13022,jazz,ja,nhạc ja,nhạc jazz
13023,kinh,kinh sách
13024,nhịp,nhịp thơ
13025,chữ in
13026,biểu đồ dòng chảy
13027,chữ khắc,chữ tạc
13028,giấy xin phép
13029,phông chữ tỉ lệ,phông cân xứng
13030,tiếng làu bàu,tiếng cằn nhằn
13031,fa,nốt fa,pha,nốt pha
13032,ngữ hệ Niger-Congo,hệ ngôn ngữ Niger-Congo
13033,sự hòa giải,sự dàn xếp
13034,nhạc thính phòng
13035,sự bĩu môi,cái bĩu môi
13036,thì tương lai,thời tương lai
13037,tiếng Crow,ngôn ngữ Crow,tiếng Cờ-rao,ngôn ngữ Cờ-rao
13038,đoạn cắt
13039,bán nguyên âm,bán phụ âm
13040,đề cập,sự đề cập,sự kể ra,sự nói đến
13041,lời độc thoại,lời tự thoại
13042,khổ thơ,đoạn thơ,khổ,đoạn
13043,kịch bản phim
13044,cơ sở lập luận
13045,phó từ,có tính chất phó từ
13046,tiếng Anh miền Bắc
13047,tin tốt,tin có lợi
13048,sự giao thiệp,sự giao tiếp,sự giao dịch,sự giao du,sự tiếp xúc
13049,tên tục
13050,định nghĩa,lời định nghĩa,sự định nghĩa
13051,sổ liên lạc,phiếu thành tích,phiếu kết quả
13052,thanh nhạc
13053,định lí,định lý
13054,kết,đoạn kết,phần kết,hồi kết,kết thúc
13055,CAD,đồ họa CAD,phần mềm CAD
13056,chỉ mục,mục lục,bản chỉ mục,bản mục lục,bản liệt kê
13057,tục ngữ
13058,hiện tượng tâm linh,hiện tượng cận tâm lí,hiện tượng cận tâm lý,hiện tượng ngoại tâm lí,hiện tượng ngoại tâm lý,psi
13059,từ phái sinh
13060,lấy cung,lấy lời khai,việc lấy cung,việc lấy lời khai,thu thập bằng chứng,thu thập lời khai
13061,hư từ,từ chức năng
13062,phương tiện truyền đạt
13063,tính từ
13064,chiếu ra mắt,chiếu duyệt,buổi chiếu ra mắt,buổi chiếu duyệt,preview
13065,sắc lệnh,nghị định,quy định,quy định
13066,nhân chứng,lời chứng
13067,thỏa hiệp,sự thỏa hiệp,dàn xếp,sự dàn xếp
13068,đoạn trích kinh thánh
13069,sự loại bỏ,sự bác bỏ
13070,lệnh,khẩu hiệu
13071,tiếng Lap,tiếng Sami,tiếng Sa-mi,ngôn ngữ Lap,ngôn ngữ Sami,ngôn ngữ Sa-mi
13072,ngữ hệ Ural,ngôn ngữ Ural
13073,thư,bức thư,lá thư,phong thư
13074,sự cầu phúc,sự chúc phúc,sự cầu chúc
13075,thông tin tuyên truyền,thông tin cổ động
13076,loại từ chính,thành phần ngữ pháp chính
13077,kĩ thuật điện báo,kỹ thuật điện báo
13078,lời nói đùa,câu nói đùa
13079,ngôn ngữ nhân tạo
13080,huân chương,huy chương
13081,hợp âm
13082,hạng mục,điều khoản
13083,luật quốc hội
13084,chữ cái đầu tiên,chữ viết tắt
13085,lệnh ân xá,giấy ân xá
13086,bản khái quát,bản tổng quan,bản tóm tắt
13087,tiếng Đức,ngôn ngữ Đức,ngôn ngữ Thượng Giéc-manh,tiếng Thượng Giéc-manh,ngôn ngữ Thượng Giécmanh,tiếng Thượng Giécmanh,tiếng Thượng Giecmanh,ngôn ngữ Thượng Giecmanh,ngôn ngữ Thượng German,tiếng Thượng German,các ngôn ngữ Thượng Đức
13088,lời cảnh cáo,bài học
13089,thời sự,tin tức thời sự,chương trình thời sự,bản tin thời sự,tin tức
13090,luật tiền lệ,tiền lệ pháp,án lệ
13091,bảng thuật ngữ,bảng thuật ngữ khoa học,bảng thống kê thuật ngữ,bảng thống kê thuật ngữ khoa học,bảng chú giải thuật ngữ,bảng chú giải thuật ngữ khoa học
13092,sự ngụy biện,lí sự cùn,lý sự cùn
13093,hậu tố,tiếp vị ngữ
13094,chữ a,A,a
13095,chữ ă,Ă,ă
13096,chữ â,Â,â
13097,chữ w,W,w
13098,chữ b,B,b
13099,chữ c,C,c
13100,chữ d,D,d
13101,chữ đ,Đ,đ
13102,chữ h,H,h
13103,chữ j,J,j
13104,chữ k,K,k
13105,chữ m,M,m
13106,chữ n,N,n
13107,chữ ô,Ô,ô
13108,chữ ơ,Ơ,ơ
13109,chữ r,R,r
13110,chữ s,S,s
13111,chữ t,T,t
13112,chữ v,v,v
13113,chữ y,Y,y
13114,chữ q,Q,q
13115,chữ ê,Ê,ê
13116,chữ ư,Ư,ư
13117,chữ x,X,x
13118,chữ z,Z,z
13119,chữ f,F,f
13120,chữ u,U,u
13121,chữ i,I,i
13122,chữ l,L,l
13123,chữ g,G,g
13124,chữ e,E,e
13125,chữ o,O,o
13126,chữ p,P,p
13127,biểu đồ thanh,biểu đồ cột
13128,biểu đồ hình quạt,biểu đồ tròn,biểu đồ bánh,biểu đồ phần trăm,Pie chart
13129,câu văn,dòng văn
13130,ngôn ngữ ký hiệu,ngôn ngữ kí hiệu,thủ ngữ
