15272,Do Thái
15273,tiếp tân
15274,lính tăng
15275,chỉ huy,người chỉ huy,người cầm đầu,người đứng đầu,người điều khiển
15276,kẻ ăn bám,kẻ ăn chực,phường ăn chạc uống hôi
15277,kẻ đạo đức giả,tên đạo đức giả,người giả nhân giả nghĩa,tên giả nhân giả nghĩa
15278,lãnh đạo tôn giáo
15279,khách,khách hàng,khách trọ
15280,chủ doanh nghiệp nhỏ
15281,ma cà rồng,lamia,ma hút máu
15282,bóng ma,con ma,hồn ma,ma,ma quỉ,ma quỷ,quỉ,quỷ
15283,nhà khoa học xã hội,nhà nghiên cứu khoa học xã hội,nhà khoa học các ngành xã hội
15284,kẻ tống tiền
15285,nhà nhân văn học
15286,mạng,mạng người,mạng sống,sinh mạng,sinh mệnh
15287,người điểm sách,người điểm phim
15288,nữ nhà báo,nữ kí giả,nữ ký giả
15289,cầu thủ trung phong,ném bóng,quarterback,trung phong,trung phong ném bóng
15290,găng-xtơ,kẻ cướp
15291,chú rể mới,tân lang
15292,sử gia,nhà sử học,nhà viết sử
15293,nội trợ,người nội trợ
15294,bạo chúa,bạo quân,ác bá
15295,trung sĩ tham mưu
15296,bố mẹ nuôi,cha mẹ nuôi
15297,phụ tá,thư kí,thư ký,trợ lí,trợ lý
15298,giám đốc điều hành
15299,nhà ngoại cảm
15300,kẻ gian xảo,tên gian xảo,kẻ dối trá,kẻ gian
15301,quản đốc,đốc công
15302,người quen,người thân,người nhà,bà con thân thuộc
15303,nhân vật tưởng tượng,nhân vật hư cấu,hình dung tưởng tượng,hình tượng hư cấu,hình tượng tưởng tượng
15304,diễn viên chính
15305,kẻ phản động
15306,cảnh sát,công an
15307,gián điệp nằm vùng
15308,kẻ ám sát,thích khách,kẻ mưu sát
15309,quận công
15310,bố dượng,cha dượng,dượng
15311,dì,dì ghẻ,mẹ,mẹ ghẻ,mẹ kế
15312,quân xung kích
15313,lực lượng siêu nhiên,lực lượng siêu phàm,cái siêu nhiên,cái siêu phàm,sự siêu nhiên,sự siêu phàm
15314,giáo chủ
15315,trung úy,trung úy cảnh sát
15316,luật sư biện hộ,luật sư bào chữa
15317,nhà luân lí học,nhà đạo đức học
15318,thạc sĩ,thạc sỹ
15319,phi công chiến đấu
15320,nữ quý tộc Anh,mệnh phụ
15321,hạm trưởng,phi trưởng
15322,cụ già,ông cụ,ông già,ông lão,lão già
15323,nguyên đơn,người kiện
15324,quái vật dân gian,quái vật thần thoại
15325,cô gái,cô nàng,cô nương,maam,madam,mađam,quí bà,quí cô,quý bà,quý cô
15326,bạn đường,bạn đồng hành
15327,bà chằn,bà la sát
15328,nhà quản lí
15329,lang băm,lang vườn
15330,du kích,lính du kích,anh du kích,cô du kích,chiến sĩ du kích
15331,thuyền trưởng
15332,người nhận sự vinh hạnh
15333,người làm thuê ở trại chăn nuôi
15334,Stone,Oliver Stone
15335,người làm ra,người tạo ra,người sáng tạo,người phát minh
15336,thợ săn,người đi săn
15337,đạo diễn,đạo diễn phim,đạo diễn điện ảnh
15338,người thay thế,người đóng thế
15339,cư dân thành thị,dân cư thành thị,dân thành phố,dân thành thị,người thành phố,người thành thị
15340,Smith,Joseph Smith
15341,chính khách,người chính khách
15342,người đăng kí,bạn đọc,khách hàng
15343,người nghỉ,người nghỉ ngơi
15344,thần Sin,thần Mặt trăng
15345,giúp việc,giúp việc gia đình,giúp việc trong nhà,người giúp việc,người giúp việc gia đình,người giúp việc trong nhà,người phụ việc,phụ tá,phụ việc
15346,người nội bộ,người của nội bộ,người trong cuộc,thành viên công ti
15347,Hall,G.  Stanley Hall,Granville Stanley Hall
15348,đàn ông,đàn ông thực thụ
15349,người tấn công,kẻ tấn công
15350,người Ba Lan,dân Ba Lan,người dân Ba Lan,cư dân Ba Lan
15351,bè bạn,bạn bè,người quen,người quen biết
15352,người theo đạo Hin-đu,người theo Ấn Độ giáo,Hindu,Hindoo
15353,thuyền viên
15354,giao hàng,người giao hàng,người giao nhận
15355,nguyên thủ,nguyên thủ quốc gia,người đứng đầu nhà nước
15356,cao bồi,người chăn gia súc
15357,Mantle,Mickey Mantle,Mickey Charles Mantle
15358,bạn,tri kỉ,bằng hữu,hảo hữu,bạn bè,bạn bè bằng hữu,tri âm tri kỉ,tri kỷ,tri âm tri kỷ
15359,người I-ran,người Iran,người Ba Tư,dân I-ran,dân Iran,dân Ba Tư,cư dân I-ran,cư dân Iran,cư dân Ba Tư
15360,người đương đại,người đương thời,người hiện đại
15361,người Oregon,người Oregan
15362,thần tượng,idol
15363,người say,người say rượu
15364,Scaramouch,Scaramouche
15365,người theo đuổi,người tán,người tán tỉnh
15366,nghệ sĩ hát dân ca và nhạc cổ truyền,ca sĩ hát dân ca và nhạc cổ truyền
15367,nhà ngoại giao
15368,bồi thẩm,bồi thẩm viên
15369,bác sĩ giải phẫu,bác sĩ phẫu thuật
15370,ba,bọ,bố,cha,phụ thân,thân phụ,thầy,tía,ông bô,ông già
15371,cựu nam sinh
15372,da Gamma,Vasco da Gamma,Gamma
15373,chủ tịch,chủ tọa,hiệu trưởng
15374,liên minh,đồng minh
15375,xế điên
15376,mụ phù thủy,nữ phù thủy
15377,kẻ đồi bại,đồ giời đày,nghịch tử
15378,minh tinh,nghệ sĩ nổi tiếng,người nổi tiếng,sao
15379,hậu vệ cuối
15380,tín đồ,thành viên giáo phái,thành viên môn phái
15381,chủ trang trại
15382,nữ phát ngôn viên,nữ phát ngôn,phát ngôn viên nữ,người phát ngôn nữ
15383,cha xứ,linh mục,mục sư,vị cha xứ
15384,công nhân,người lao động,người làm,người thợ,thợ
15385,bà chủ,bà chủ nhà
15386,triều thần,cận thần
15387,đồng bị cáo
15388,điều tra viên,người điều tra
15389,giám định viên,viên thanh tra,người kiểm soát
15390,khách du lịch
15391,em bé
15392,biên dịch viên,biên dịch,dịch giả,nhà dịch thuật
15393,nhà siêu thực,người theo chủ nghĩa siêu thực
15394,bên,đương sự
15395,nhà sinh học,nhà sinh vật học
15396,cử nhân
15397,người chơi gôn
15398,người viết,người thảo
15399,người phát minh,người sáng chế,người sáng tạo,người tạo thành
15400,người chống đối,người phản đối,người đối đầu,người đối địch,đấu thủ,địch thủ,đối phương,đối thủ
15401,fan,người hâm mộ,người hâm mộ thể thao,người ngưỡng mộ,người say mê,người yêu thích
15402,Sully,Duc de Sully,Maxmilien de Bethune
15403,Sunday,Billy Sunday,William Ashley Sunday
15404,bảo mẫu,người trông trẻ
15405,người tiên phong,người mở đường,người khai phá,người đi đầu
15406,người nhanh trí,người nhanh nhẹn,người thích ứng nhanh,người tiếp thu nhanh,người hiểu nhanh
15407,Maxim,Sir Hiram Stevens Maxim
15408,người không có khả năng,người không đủ khả năng,người không đủ trình độ,người kém cỏi,người bất tài
15409,Paris,Pari,Pa-ri,hoàng tử Paris,hoàng tử Pari,hoàng tử Pa-ri
15410,cây bút phê bình,cây phê bình,người phê bình,nhà phê bình
15411,người hoàn thành,người kết thúc,người hoàn thiện
15412,thị nữ,tì nữ,hầu gái,đầy tớ gái,bảo mẫu,người ở
15413,Con Ngài,Con,Con Một,Con Một Ngài,Ngôi Lời,Lời của Chúa,Logos
15414,thần đồng,tài năng nhí
15415,tác giả kinh điển,nghệ sĩ kinh điển
15416,người lười,người biếng,người lười biếng,người lười nhác,người ăn không ngồi rồi
15417,người làm quảng cáo
15418,thực tập sinh,bác sĩ thực tập
15419,nghiện,người nghiện,con nghiện,người nghiện ma túy
15420,Court,Margaret Court,tay vợt Margaret Court
15421,Whittle,Frank Whittle,Sir Frank Whittle
15422,sơ sinh,trẻ sơ sinh
15423,Vernier,Paul Vernier,nhà toán học Paul Vernier
15424,con bạc,người cá cược,người cá độ
15425,đàn ông độc thân,đàn ông chưa vợ
15426,tá điền
15427,người lao động,người vô sản
15428,Ward,Mrs.  Humphrey Ward,Mary Augusta Arnold Ward
15429,Marquis,Don Marquis,Donald Robert Perry Marquis,nhà hài kịch Don Marquis
15430,Low,David Low,Sir David Low,Sir David Alexander Cecil Low
15431,người hưởng,người thụ hưởng
15432,Waters,Ethel Waters
15433,người thua,người thua cuộc,người thất bại
15434,người theo chủ nghĩa tư bản
15435,người Lapp,Lapp
15436,Stone,Lucy Stone
15437,Porter,William Sydney Porter,O.Henry,nhà văn O.Henry
15438,người thất bại,người vô dụng,người bỏ đi,người bất tài vô dụng
15439,đại biểu công nhân,đại biểu công đoàn,đại diện công đoàn
15440,người yêu,người thân yêu,người yêu dấu,người được yêu mến
15441,người sản xuất,nhà sản xuất
15442,More,Thomas More,Sir Thomas More
15443,người tuyệt vọng,người không còn hi vọng,người không còn hy vọng
15444,phiên dịch,thông dịch,phiên dịch viên,người phiên dịch,thông dịch viên
15445,Bush,George Bush,George W .  Bush,George Walker Bush,Tổng thống Bush,Tổng thống George W .  Bush,Tổng thống Bush con,Bush con
15446,Phật tử,môn đồ Phật giáo,môn đệ Phật giáo,môn sinh Phật giáo,đồ đệ Phật giáo,đệ tử Phật giáo,tín đồ Phật giáo,đệ tử nhà Phật,con nhang Phật tử
15447,người tuyên truyền,tuyên truyền viên
15448,tiến sĩ,Tiến sĩ,Tiến sĩ khoa học,Ts
15449,Swift,Jonathan Swift,Dean Swift
15450,người cung cấp thông tin
15451,Bell,Vanessa Bell,Vanessa Stephen
15452,người lai
15453,người làm trò tiêu khiển,người làm trò mua vui
15454,người rụt rè,người bẽn lẽn,người xẻn lẻn
15455,người Mông Cổ
15456,người bắn,tay súng
15457,người nói dối
15458,người thừa,người phụ,người dư thừa,người không quan trọng
15459,thuyền phó thuyền buôn
15460,người bất mãn,người bất bình,người không bằng lòng
15461,nam trầm,bass,basso,giọng nam trầm
15462,vĩ nhân,người vĩ đại,người khổng lồ
15463,người điều hành,người điều khiển
15464,nông dân,người lao động nông nghiệp
15465,người mơ mộng,người không thực tế,người mơ mộng hão huyền
15466,tên trộm có vũ khí
15467,Maquis,Maquisard
15468,đối tượng,chủ thể
15469,ứng cử viên,người ứng cử,người tranh cử,người tham gia tranh cử
15470,Young,Whitney Young,Whitney Moore Young Jr .
15471,thần đồng,thiên tài bẩm sinh,thiên tài nhỏ tuổi,thiên tài nhí
15472,Stone,I.F.Stone,Isidor Feinstein Stone,nhà báo Isidor Feinstein Stone
15473,Grant,Duncan Grant,Duncan James Corrow Grant
15474,Waller,Fats Waller,Thomas Wright Waller
15475,người cổ hủ,người lạc hậu,người cổ lỗ,người bảo thủ,người lỗi thời
15476,người có tầm ảnh hưởng
15477,Phoebe,thần Mặt trăng Phoebe
15478,người lái bè,người lái mảng
15479,người cầm quyền,người quản lí,người quản lý,người cầm quyền cai trị
15480,người xem,khán giả
15481,thợ mộc,người thợ mộc,người làm mộc
15482,sư tử Hà Đông,đàn bà tướng nam,đàn bà nam tướng,đàn bà có tướng nam
15483,Moon,Sun Myung Moon
15484,người Ý,người I-ta-li-a,dân Ý,dân I-ta-li-a
15485,công dân,cư dân,dân,dân bản địa,dân cư,người dân,người dân bản địa
15486,thằng nhỏ,thằng nhóc,đứa nhóc,cu cậu
15487,Swift,Gustavus Franklin Swift
15488,Wyrd,Weird,thần Wyrd,Thần Wyrd,thần Weird,thần Weird,thần số phận
15489,sinh vật thần thoại
15490,King,B.  B .  King,Riley B King,ca sĩ B. B. King
15491,người biết chữ,người có học
15492,đàn em
15493,Curl,Robert Curl,Robert F. Curl,Robert Floyd Curl Jr .,nhà hóa học Robert Curl
15494,người thuộc cung Sư Tử,người thuộc cung Leo
15495,người đo vẽ địa hình
15496,người Đức,dân Đức
15497,người thay thế,người thế chân,người thay chân,người thế chỗ
15498,Hertz,Heinrich Hertz,Heinrich Rudolph Hertz,nhà vật lí Heinrich Hertz
15499,tay súng,xạ thủ,người giỏi bắn súng
15500,Porter,Katherine Anne Porter,nhà văn Katherine Anne Porter
15501,Wolf,Friedrich August Wolf
15502,North,Frederick North,Đệ nhị Bá tước Guilford
15503,thuyền viên cao cấp,thuyền viên cấp cao
15504,người thuộc cung Song Tử,người thuộc cung Song Nam,người thuộc cung Song Sinh
15505,người rừng,tarzan,tác dăng,tác giăng,tác-dăng
15506,thằng xỏ lá,kẻ đểu giả,thằng xỏ lá ba que
15507,quản lí,quản lý,người quản lí,người quản lý,người trông nom,người giám sát
15508,trưởng cai ngục,cai ngục trưởng
15509,thợ khâu,người thọ khâu
15510,người tiết kiệm
15511,Bao Công,Bao Chửng,Bao Thanh Thiên
15512,người Mĩ,cư dân Mĩ,American
15513,thu ngân,nhân viên thu ngân,người thu tiền
15514,người ưu tú
15515,West,Mae West
15516,người nhảy
15517,người khổng lồ,vật khổng lồ
15518,Hardy,Oliver Hardy
15519,người bị ép buộc,người bị cưỡng chế
15520,người Wisconsin,dân Wisconsin
15521,thầy phong thủy,thầy bói phong thủy,thầy địa lí
15522,trùm,kẻ cầm đầu,tên cầm đầu,ông trùm,tên trùm,thằng trùm
15523,Post,C.  W .  Post,Charles William Post
15524,người nhận
15525,thổ dân,người bản địa,người địa phương
15526,thợ mỏ,thợ mỏ than,công nhân mỏ,công nhân mỏ than
15527,người tuân phục,người phục tùng,người quy thuận,kẻ vâng lời
15528,bảo vệ,gác cổng,người gác,người bảo vệ,người canh gác,người gác cổng
15529,người ốm,người bị ốm,người bệnh,người bị bệnh
15530,Snow,C.  P .  Snow,Charles Percy Snow,Baron Snow of Leicester
15531,Hall,Radclyffe Hall,Marguerite Radclyffe Hall
15532,Stone,Harlan Fiske Stone
15533,người hầu,người lao dịch,nô lệ,đầy tớ
15534,viên coi ngựa,viên giám mã,quan giám mã,quan coi ngựa
15535,Wade,Virginia Wade
15536,Eddy,Mary Baker Eddy,Mary Morse Baker Eddy
15537,tù binh chiến tranh,POW
15538,quản lí sân khấu,phụ trách sân khấu,phụ trách hậu đài,người quản lí sân khấu,người phụ trách sân khấu,người phụ trách hậu đài
15539,Cha Chí Thánh,Cha Toàn năng,Cha chí cao,Cha toàn năng,Chúa,Chúa Cha,Chúa Chí Thánh,Chúa Toàn năng,Chúa Trời,Giê-hô-va,Jehovah,Thượng đế,Đấng Chí Thánh,Đấng Toàn năng,Đấng Tạo hóa,Đức Chúa Cha,Đức Chúa Trời,Đức Giê-hô-va,Đức Jehovah
15540,người nhiều tuổi hơn,người lớn tuổi hơn
15541,siêu sao,thiên tài
15542,nhân thần,bán thần,á thần
15543,thính giả,người nghe
15544,thợ bạc,người thợ bạc
15545,người đỡ đẻ,bà đỡ
15546,Bell,Alexander Bell,Alexander Graham Bell
15547,con buôn,tay buôn
15548,người nhỏ bé,người nhỏ,người bé
15549,Chase,Salmon P .  Chase,Salmon Portland Chase
15550,Tiffany,Louis Comfort Tiffany
15551,người khôn lỏi,người khôn vặt,người khôn khéo,người khôn ngoan
15552,thằng hầu,tiểu đồng,người hầu
15553,người độc quyền
15554,bà vú,bảo mẫu,chị vú,người vú,vú,vú em,vú nuôi
15555,người giữ,người nắm giữ
15556,người kê gian,người làm tình qua hậu môn,dân lắp đít
15557,người khởi nghĩa,người nổi dậy,người nổi loạn
15558,Saturn,Thần Saturn,thần Saturn
15559,thợ sửa đồ gia dụng,người thợ sửa đồ gia dụng
15560,người đánh
15561,Ouranos,Uranus,Thần Trời,Thần Uranus,thần Uranus
15562,người tích trữ
15563,người thân cận,người kề cận,chỗ thân cận
15564,người lái tàu thủy,người lái tàu
15565,bợm rượu,bợm nhậu,ma men,sâu rượu,người nghiện rượu nặng
15566,Funk,Casimir Funk,nhà hóa sinh Casimir Funk
15567,người khả nghi,người bị tình nghi,người bị nghi ngờ,kẻ khả nghi,kẻ bị tình nghi,kẻ bị nghi ngờ
15568,người gốc Pháp
15569,người lập pháp,nhà lập pháp,người làm luật
15570,Town,Ithiel Town,kiến trúc sư Ithiel Town
15571,lãnh đạo,chỉ huy,người lãnh đạo,người chỉ huy,người chỉ đạo,người hướng dẫn,người dẫn dắt,người chỉ dẫn
15572,vận động viên dự bị
15573,quản lí,chỉ huy,quản lý,người quản lí,người quản lý,người chỉ huy
15574,người đánh cá,thuyền chài
15575,cầu thủ,cầu thủ bóng rổ,vận động viên bóng rổ
15576,người mách nước,quân sư
15577,người thu tiền,người thu phí
15578,thủ thư,người quản lí thư viện
15579,Mason,George Mason,nhà cách mạng George Mason
15580,người theo chủ nghĩa tự do,người tán thành tự do
15581,người xa xứ,người xa quê
15582,phó,cấp phó,người thay quyền,quyền
15583,người cố vấn thông thái
15584,đại diện liên bang
15585,trưởng bộ phận bàn
15586,người nguyên thủy
15587,thợ sửa ô tô
15588,ông tổ
15589,cai ngục,cai tù,cán bộ,cán bộ quản lí trại giam,cán bộ trại giam,giám ngục,người cai ngục,người cai tù,người quản lí trại giam,người quản ngục,người quản tù,quản giáo,quản giáo trại giam,quản ngục,quản tù,viên cai ngục,viên cai tù,viên quản ngục,viên quản tù
15590,người phá đình công,kẻ phá đình công,người chống đình công,kẻ chống đình công
15591,Page,Thomas Nelson Page,nhà văn Thomas Nelson Page
15592,người theo chủ nghĩa cá nhân
15593,người Fox,Fox
15594,người thuộc giai cấp tư sản
15595,người thô thiển,người thô tục,người thô lỗ
15596,Smith,John Smith,Thuyền trưởng John Smith
15597,diễn viên,nghệ sĩ,người biểu diễn
15598,Matthew,thánh Matthew,Thánh Matthew,Mathiơ,Ma-thi-ơ,thánh Ma-thi-ơ,Thánh Ma-thi-ơ,sứ đồ Ma-thi-ơ,Lê-vi,Matheo,thánh Matheo,Thánh Matheo,Mátthêu,Thánh Mátthêu,Saint Matthew,St .  Matthew
15599,tùy viên
15600,thầy tu,thầy tăng
15601,người kí kết,bên kí kết,người ký kết,bên ký kết
15602,thần Jupiter,thần Jove
15603,Bell,Melville Bell,Alexander Melville Bell
15604,Major,John Major,John R .  Major,John Roy Major,Thủ tướng John Roy Major
15605,cảnh sát chấp pháp,cảnh sát thi hành án,cảnh sát trưởng
15606,Singer,Isaac Bashevis Singer,nhà văn Isaac Bashevis Singer
15607,Brown,Robert Brown,nhà thực vật học Robert Brown
15608,người chủ bại,người tiêu cực
15609,Nut,thần Nut,nữ thần Nut,Thần Nut,Nữ thần Nut
15610,cha,gã,hắn,thằng,ông
15611,White,Edward White,Edward D .  White,Edward Douglas White Jr
15612,thiếu tướng
15613,người chèo thuyền,người lái thuyền
15614,mù chữ,thất học,không biết chữ,người mù chữ,người thất học,người không biết chữ
15615,bị thịt,kẻ lười chảy thây,kẻ vô công rồi nghề
15616,người thao diễn
15617,người gửi,người truyền tin
15618,chủ,chủ nhà,chủ đất,địa chủ
15619,Green,William Green
15620,người không hài lòng,người bẫn mãn
15621,đảng viên,Đảng viên
15622,người nấu ăn,người làm bếp,cấp dưỡng,anh nuôi
15623,người thành đạt,người thành công
15624,người cảm nhận,người nhận biết
15625,người ngủ
15626,người Hi Lạp,dân Hi Lạp,người dân Hi Lạp,cư dân Hi Lạp,người Hy Lạp,dân Hy Lạp,người dân Hy Lạp,cư dân Hy Lạp
15627,người miền Bắc nước Mĩ,người miền Bắc nước Mỹ,người miến Bắc Hoa kì,người miền Bắc Hoa Kỳ
15628,đại công tước
15629,gà,lính mới,gà mới
15630,người phản đối,người bất đồng chính kiến
15631,người giúp việc,ô-sin
15632,người xây dựng,chủ thầu
15633,khách qua đường,người qua đường,người đi đường
15634,người trẻ,người ít tuổi
15635,kẻ nịnh bợ,kẻ nịnh hót,kẻ xu nịnh,người bợ đỡ,người nịnh bợ,người nịnh hót,người tâng bốc,người xu nịnh
15636,người cố vấn,cố vấn viên
15637,Black,Shirley Temple Black,Shirley Temple,diễn viên Shirley Temple
15638,Bond,Julian Bond
15639,người sao Hỏa,Martian
15640,dân da đỏ,người da đỏ,cư dân da đỏ,người da đỏ ở Bắc Mĩ,người Anh-điêng
15641,người theo đạo Cơ Đốc,tín đồ Cơ Đốc giáo
15642,bạn tâm giao,bạn tâm tình
15643,Pitman,Sir Isaac Pitman
15644,trẻ sơ sinh,trẻ chưa đầy tháng tuổi
15645,trai tân,gái trinh,trinh nữ,người còn tân,người còn trinh,gái còn trinh,trai còn tân
15646,người cuồng tín
15647,Crane,Hart Crane,Harold Hart Crane
15648,mammy,vú em da đen,bảo mẫu da đen
15649,kẻ sát sinh
15650,côn đồ,du côn,kẻ côn đồ,kẻ du côn,tay chân,tên côn đồ,tên du côn,tên lưu manh,tên vô lại,tên đầu gấu,đầu gấu
15651,người mẫu,người mẫu thời trang,người mẫu thời trang nữ
15652,người xấu,người xấu tính,người xấu xa,tên lừa đảo,kẻ bất lương
15653,người hiếu chiến,kẻ hiếu chiến
15654,Grey,Nữ hoàng Jane Grey
15655,số mệnh,số phận,vận số,vận mệnh
15656,trợ giảng,phụ giảng
15657,hướng dẫn viên,người chỉ dẫn,người dẫn đường,người hướng dẫn
15658,Ravel,Maurice Ravel,nhà soạn nhạc Raven
15659,người xúi giục,kẻ xúi giục,kẻ xúi bẩy,người xúi bẩy,kẻ chủ mưu,người chủ mưu,kẻ thủ mưu,người thủ mưu
15660,người bị ruồng bỏ
15661,Young,Brigham Young
15662,Mailer,Norman Mailer,nhà văn Norman Mailer
15663,cấp trên,người cấp trên
15664,Lamb,Charles Lamb,Elia,nhà văn Charles Lamb
15665,Clay,Henry Clay,the Great Compromiser
15666,Hill,J.  J .  Hill,James Jerome Hill
15667,người đàn ông lăng nhăng
15668,Wood,Natalie Wood
15669,người đánh giá
15670,người đi nghỉ mát
15671,người theo thuyết Machiavelli
15672,tín đồ Công giáo,người theo đạo thiên chúa,Catholic
15673,người diễn giải,người dẫn giải
15674,người tranh luận
15675,thần,ma
15676,vận động viên nhảy
15677,thai nhi,bào thai
15678,người truyền tin,người chuyển tin,người truyền đạt
15679,Bellow,Saul Bellow,Solomon Bellow
15680,du côn,vô lại,tên du,tên vô lại,người hay bắt nạt
15681,mọi,nông dân,hạ đẳng,hạ lưu,giống mèo mả gà đồng,cẩu tạp chủng,kẻ vô lại,kẻ khốn nạn
15682,Mars,thần Mars,Thần Mars
15683,người đồng tính nữ,les
15684,ứng cử viên,người được đề cử,đại biểu được đề cử
15685,người kiện,người kiện cáo,người kiện tụng
15686,y tá,điều dưỡng,hộ lí,điều dưỡng viên,cử nhân điều dưỡng
15687,đàn ông Ai-len
15688,Ra,Re,Thần Ra,thần Ra,thần Mặt trời
15689,King,Martin Luther King,Martin Luther King Jr .
15690,người La Mã cổ đại,dân La Mã cổ đại
15691,người làm nghề y
15692,tình nguyện viên,người tình nguyện,người xung phong
15693,Young,Edward Young
15694,người hà tiện,người keo kiệt,người bủn xỉn
15695,thần Olympic,Thần Olympic
15696,giảng viên,trợ giảng,trợ lí giáo sư,trợ lý giáo sư
15697,người sao lục,người sao chép,người chép lại
15698,Lodge,Sir Oliver Lodge,Sir Oliver Joseph Lodge,nhà vật lí học Oliver Lodge
15699,người cấp dưới,người dưới cấp,người dưới quyền,người kém cơ
15700,người bí hiểm
15701,người bảo thủ,người thủ cựu
15702,người có đầu óc,người trí thức
15703,trò cười,người bị làm trò cười
15704,Hall,Charles Francis Hall
15705,thợ đúc,người thợ đúc,công nhân đúc
15706,người đảm bảo,người bảo lãnh
15707,Worth,Charles Frederick Worth
15708,Hector
15709,người Ăng lê,người Ăng-lê,người Angle
15710,người Anh-điêng du mục
15711,người thuộc phe hữu
15712,người giúp đỡ,người phụ tá
15713,người ngây thơ
15714,viện sĩ,viện sĩ hàn lâm,viện sĩ viện hàn lâm
15715,người chết,kẻ chết,tử sĩ
15716,thợ lái,người thọ lái,thợ điều hành,người thợ điều hành,người lái,lái
15717,người đàn ông thanh lịch
15718,người mô phạm,người ra vẻ mô phạm
15719,người chăn ngựa
15720,người làm khổ,người hành hạ
15721,vận động viên nghiệp dư
15722,người thui thủi một mình
15723,Crow,người Crow
15724,ngài,sir
15725,thằng đần,thằng ngu,thằng ngốc,thằng khờ,tên ngu đần,kẻ đần độn
15726,người kiêm nhiệm
15727,tội phạm chính
15728,Ward,Montgomery Ward,Aaron Montgomery Ward
15729,người tham gia,người tham dự
15730,tí hon,người tí hon,thần lùn
15731,người uống
15732,người có tình dục bình thường
15733,trụ cột,cột trụ,rường cột,người trụ cột
15734,bạn gái,người yêu,người tình,tình nhân,bồ
15735,phi hành gia,nhà du hành vũ trụ
15736,kẻ cam chịu đọa đày,người cam chịu đày đọa
15737,á thần,á thánh
15738,chính ủy,chính trị viên
15739,cảnh sát điều tra
15740,cảnh sát nhà nước
15741,sứ quân,sứ quân La Mã
15742,người kì cựu,người kỳ cựu,lão thành,bậc lão thành
15743,nhiếp chính,người nhiếp chính
15744,chú,cậu,bác
15745,chủ nô
15746,bạn,chiến hữu,bạn cùng giới
15747,ma quỷ,yêu quái,ông ba bị,bogey
15748,lao công,người quét dọn
15749,thành viên nội các,thành viên chính phủ
15750,mẹ nuôi,dưỡng mẫu,nghĩa mẫu
15751,vệ sĩ
15752,hồng y,đức hồng y,hồng y giáo chủ
15753,cớm
15754,nhà tuyển dụng
15755,nữ tu hành,nữ tu sĩ
15756,tiểu nhân,kẻ đê tiện,kẻ vô lại
15757,anh trai,em trai,anh ruột,anh trai ruột,em trai ruột
15758,kẻ cò mồi
15759,bé gái,em bé gái,đứa bé gái
15760,công binh
15761,thám tử tư
15762,bạn cùng phòng,bạn
15763,chủ,chủ sỡ hữu,người chủ
15764,đồng phạm,đồng lõa,đồng mưu,tòng phạm,đồng đảng,kẻ đồng phạm,kẻ tòng phạm,kẻ đồng mưu,kẻ đồng lõa
15765,lính thủy đánh bộ,thủy quân lục chiến
15766,hồn,linh hồn
15767,đồng nghiệp,bạn đồng nghiệp,đồng ngành,bạn đồng ngành
15768,bậc thánh,hiển thánh,thánh,thánh nhân,thánh thần,thần,thần thánh,vị thánh
15769,vị cứu tinh,người cứu vớt,người cứu thoát,người cứu giúp,người cứu nguy
15770,chúa tể,lãnh chúa
15771,họa sĩ vẽ chân dung,người vẽ chân dung,thợ vẽ chân dung
15772,nông dân,người nông dân
15773,mĩ nhân,giai nhân,người đẹp,kiều nữ,mĩ nữ,bóng hồng
15774,nhà bảo vệ môi trường,nhà môi trường học
15775,kẻ thù,kẻ địch,quân thù,quân địch
15776,nhà thần học
15777,geisha,vũ nữ Nhật
15778,mật thám,thám tử
15779,nhà khoa học,nhà bác học
15780,triệu phú
15781,phục vụ,nhân viên phục vụ,nhân viên nhà hàng,nhân viên phục vụ hàng ăn
15782,lính liên bang,chiến sĩ liên bang
15783,bạo chúa,tên bạo chúa,kẻ độc tài,nhà độc tài
15784,thái giám,quan hoạn,hoạn quan,công công
15785,người giữ ngựa,người chăm sóc ngựa
15786,ca sĩ hát phụ họa
15787,quỷ sứ
15788,bán hàng rong,bán hàng dong,người bán hàng rong,người bán hàng dong
15789,tú bà,chủ chứa
15790,thống đốc quân sự
15791,người tham ăn,người phàm ăn,người hay ăn
15792,người khổng lồ,người giềnh giàng,người nặng kí
15793,phật,phật thích ca,phật thích ca mâu ni,thái tử tất đạt đa,thích ca mâu ni,tất đạt đa
15794,Bush,George Bush,George H . W.  Bush,George Herbert Walker Bush,Tổng thống Bush,Tổng thống Bush cha,Bush cha
15795,cộng sản,người cộng sản
15796,thiếp,vợ lẽ,vợ thứ,nàng hầu,phi tần
15797,chủ,nhà chủ,người chủ,người cho thuê,chủ cho thuê
15798,Hunt,Richard Morris Hunt
15799,thủ tướng,nguyên thủ
15800,tay chơi,dân chơi,kẻ chơi bời
15801,Chamberlain,Neville Chamberlain,Arthur Neville Chamberlain
15802,người đàn ông giàu
15803,người học đòi,học giả nửa mùa
15804,người tả khuynh,người phe tả
15805,chân,chỗ,người chơi,người chơi bài,người đánh bài
15806,Echo,nữ thần Echo
15807,Cerberus,chó ba đầu,hellhound
15808,Job,thánh Job,Thánh Job,Gióp
15809,người buôn bán phi pháp
15810,người đoạt giải,người chiến thắng
15811,Garland,Judy Garland,ca sĩ Judy Garland
15812,chủ nhiệm đề tài,nghiên cứu viên chủ chốt,nghiên cứu viên chính
15813,cấp trưởng,trưởng
15814,Philistine,người Philistine
15815,Mill,John Mill,John Stuart Mill,triết gia John Stuart Mill
15816,người điếc,người bị điếc,người khiếm thính,người bị khiếm thính
15817,Young,Cy Young,Danton True Young
15818,đại diện,người đại diện,người thay mặt
15819,Tutu,Desmond Tutu,giám mục Desmond Tutu
15820,người Yugoslav,người Jugoslav,người Yugoslavia,người Jugoslavia,dân Yugoslav,dân Jugoslav,dân Yugoslavia,dân Jugoslavia
15821,biên tập viên,phát thanh viên
15822,người nhân văn chủ nghĩa,người nhân đạo chủ nghĩa,người theo chủ nghĩa nhân văn,người theo chủ nghĩa nhân đạo,nhà hoạt động nhân đạo
15823,Wright,Frank Lloyd Wright
15824,thằng vứt đi,thằng bỏ đi,kẻ vứt đi,kẻ bỏ đi
15825,giám sát viên,người giám sát,người theo dõi,người kiểm tra
15826,trẻ mầm non,trẻ mẫu giáo
15827,Sioux,Siouan
15828,Stone,Harlan Stone,Harlan F .  Stone,Harlan Fisk Stone
15829,người gây dựng,người lập nên,người sáng lập,người thành lập,người tạo dựng,người tạo lập,người tạo ra,người xây dựng
15830,Laurel,Stan Laurel,Arthur Stanley Jefferson Laurel,danh hài Stan Laurel
15831,Monk,Thelonious Monk,Thelonious Sphere Monk,nhạc sĩ Thelonious Monk
15832,người Pygmy,người Pigmy
15833,Set,Seth,Thần Set,thần Set,Thần Seth,thần Seth
15834,người không được chào đón,người không được hoan nghênh,người không mời mà đến,người đến không đúng lúc
15835,anh nuôi,anh trai nuôi,em trai nuôi
15836,người mới,người mới học,người tập việc,người chưa có kinh nghiệm
15837,lãnh đạo tinh thần
15838,nhà soạn kịch,nhà viết kịch,kịch gia
15839,thợ xẻ đá,công nhân xẻ đá
15840,nhạc sĩ
15841,hoa tiêu
15842,nhà xã hội học
15843,nhà trị liệu
15844,người trả lời,người đáp lại
15845,binh nhì,lính quèn,lính trơn
15846,nghệ sĩ trường phái lãng mạn
15847,lính đánh thuê,quân đánh thuê
15848,sinh viên y khoa,sinh viên y
15849,nông nô
15850,samurai,võ sĩ samurai
15851,cha đỡ đầu
15852,phù rể
15853,công sứ đặc mệnh toàn quyền,công sứ toàn quyền,công sứ
15854,nhà hảo tâm,nhà từ thiện
15855,chủ ngân hàng
15856,kế toán,kế toán viên
15857,dân thường,dân đen,người bình dân,phó thường dân,thường dân,thứ dân
15858,chuyên gia tài chính
15859,con,con cái,con cháu
15860,người đồng đẳng
15861,sói già
15862,Holly,Buddy Holly,Charles Hardin Holley,ca sĩ Buddy Holly
15863,người chứng thực,người chứng nhận
15864,người ngoài hành tinh,người ngoài trái đất
15865,mõ,thằng mõ
15866,người chăn cừu
15867,đại biểu,người đại biểu,người đại diện
15868,trí thức,elite,hải đăng,trí thức ưu tú,trí thức elite
15869,người ngoài cuộc
15870,em chã,công tử bột
15871,người vượn
15872,người lái máy bay,người điều khiển máy bay,phi công
15873,người theo chủ nghĩa quân chủ
15874,ảo thuật gia,nhà ảo thuật,người làm ảo thuật
15875,bác sĩ,thầy thuốc,MD,Dr.
15876,tổng biên tập
15877,Venus,Urania,Vệ Nữ,thần Vệ Nữ,Thần Vệ Nữ
15878,người buôn bán đồ ăn cắp
15879,người có tội,người phạm pháp,người phạm tội,tội nhân,tội phạm,tội đồ
15880,người Spartan,Spartan
15881,người đóng vai,người thủ vai
15882,tín đồ đạo Tin lành,người theo đạo Tin lành
15883,Wren,Sir Christopher Wren
15884,người Tennessee,dân Tennessee,người dân Tennessee
15885,người chết vì đạo,người tử vì đạo,tử đạo
15886,tổ phụ
15887,Sully,Thomas Sully
15888,thợ rèn,người thợ rèn
15889,người thua,người thua cuộc,người thua bạc,người thua bài
15890,gác cổng,gác cửa,trực cửa,người gác cổng,người gác cửa,người trực cửa
15891,đại sứ,đại sứ đặc mệnh toàn quyền
15892,người trêu chọc,người trêu ghẹo,người chòng ghẹo,người trêu tức
15893,người học gạo,học sinh học gạo
15894,Smith,Julia Evelina Smith
15895,thần Mercury,thần Thương Mại
15896,Young,Loretta Young,diễn viên Loretta Young
15897,người được hi vọng,người được hy vọng
15898,người đàn bà khó ưa
15899,người chạy
15900,bảo vệ,canh gác,người bảo vệ,người gác,người canh gác,cận vệ,vệ binh
15901,người Việt,dân Việt,người Việt Nam,dân Việt Nam
15902,người giảng đạo,người đọc kinh
15903,người lái đò,người chèo đò,người chèo thuyền,lái đò,tay chèo
15904,đấng sinh thành,cha sinh mẹ đẻ,cha mẹ đẻ,bố mẹ ruột,bố mẹ đẻ
15905,sĩ quan cấp tướng,cấp tướng
15906,binh lính,binh sĩ
15907,nữ quý tộc,nữ quí tộc
15908,người đa nghi,người hoài nghi
15909,bán hàng,người bán hàng,nhân viên thị trường,người buôn bán,dân buôn
15910,đô vật,người đấu vật
15911,cháu trai,thằng cháu trai,thằng cháu ruột,thằng cháu
15912,con,con cái,hậu duệ
15913,linh hồn,tinh thần
15914,nghệ sĩ,người nghệ sĩ,người sáng tác,người sáng tạo
15915,tư vấn,nhà tư vấn,người tư vấn
15916,yêu tinh
15917,người phụ trách,phụ trách,thủ trưởng,sếp,đầu,trưởng,chủ
15918,kĩ sĩ quân đội,kỹ sư quân đội
15919,cướp biển,kẻ cướp biển,hải tặc
15920,giám đốc,người chỉ đạo
15921,công nhân di dời
15922,lính mới,tân binh
15923,trai bao,đĩ đực
15924,nhà giàu,người giàu
15925,bớp,ca ve,cave,gái,gái mại dâm,gái điếm,gái đứng đường,điếm,đĩ
15926,nhân vật phản diện,vai phản diện
15927,giọng ca,giọng hát
15928,tiếp viên,phục vụ viên
15929,liberal,người theo chủ nghĩa tự do
15930,nhân chứng,người làm chứng
15931,thượng úy hải quân
15932,kẻ chạy trốn,người lánh nạn,người trốn tránh
15933,bộ đội chính quy,lính chính quy,quân chính quy
15934,thông gia,sui da,dâu da
15935,Đảng viên Cộng hòa,người Đảng cộng hòa
15936,quý tộc nam,quý ông,quý tộc
15937,gã,thằng,thằng cha
15938,giáo viên thực tập
15939,nhà chức trách,nhà cầm quyền,người cầm quyền,nhà đương cục
15940,kẻ buôn nô lệ,kẻ buôn bán nô lệ
15941,cháu chắt,con cháu,dòng dõi,dòng họ,dòng máu,hậu duệ,hậu tự
15942,phu khuân vác,người khuân vác,bát-tê,cửu vạn
15943,đặc công,bộ đội đặc công,lính đặc công
15944,người cai quản tài chính
15945,sinh viên đại học,sinh viên cao đẳng
15946,ác quỉ,ác quỷ
15947,nhà tư tưởng,nhà triết học
15948,ga trưởng
15949,kẻ bất lương,người bất lương,kẻ không có lương tâm,người không có lương tâm
15950,hoàng thượng,hoàng đế,nhà vua,quốc vương,vua
15951,con les,nửa con nửa thằng
15952,cơ trưởng,phi trưởng
15953,hoàng hậu,hoàng phu
15954,giáo sĩ,người truyền giáo,người truyền đạo
15955,mọt sách
15956,nữ tu,xơ,bà xơ
15957,chủ tịch Hạ nghị viện
15958,tri kỉ,tri âm
15959,bà,mệ
15960,người có tiếng,người có tên tuổi,người của công chúng,người nổi tiếng,nhân vật,nhân vật nổi tiếng,nhân vật quan trọng
15961,kẻ trấn xe,kẻ trấn lột xe,tên trấn xe,tên trấn lột xe
15962,bà đồng,bà cốt
15963,nhà văn,nhà viết văn,người viết văn,người cầm bút,nhà báo,tác giả
15964,trung sĩ,trung sĩ cảnh sát
15965,cháu,cháu trai
15966,cầu thủ khúc côn cầu,người chơi khúc côn cầu
15967,chủ,chủ nhân,người sở hữu
15968,biệt đội SEAL,biệt kích SEAL,biệt đội Hải quân Mĩ
15969,kẻ phá hoại,người phá hoại
15970,lao công,công nhân vệ sinh
15971,thành viên bồi thẩm đoàn
15972,nạn nhân chiến tranh,nạn nhân của chiến tranh
15973,cô dâu,hôn thê,tân nương
15974,luật sư,trạng sư
15975,phái viên,người đại diện,sứ thần
15976,phe,con phe,dân phe
15977,nhà đại tư bản,vua,ông vua
15978,chân tay,học trò,môn đệ,môn đồ,thuộc hạ,vây cánh,đệ tử,đồ đệ
15979,lãnh chúa,chúa đất
15980,hồ li,hồ li tinh
15981,Wood,Grant Wood
15982,kẻ giả mạo,kẻ mạo danh
15983,người lắm chuyện,người nói nhiều,người hay bép xép,người lắm mồm,người lắm điều,người lắm mồm lắm miệng,người mồm năm miệng mười
15984,người cuồng dâm,dâm nữ,người đàn bà cuồng dâm
15985,Page,ngài Frederick Handley Page,Sir Frederick Handley Page
15986,người bán tin,chỉ điểm,mật thám
15987,lao động chân tay,người lao động chân tay
15988,người đi trước,tiền bối
15989,người bỏ cuộc,người thua cuộc
15990,giáo viên,giáo viên đại học,giảng viên,giảng viên đại học,người dạy,người dạy học,người thầy,người thầy giáo,nhà chuyên môn,nhà giáo,thầy,thầy cô
15991,thầy thuốc,thầy lang,ông lang,bà lang
15992,người theo đạo,người đi đạo,con chiên,tín đồ,tín hữu
15993,thần,vị thần
15994,tù nhân,tù binh,người tù
15995,Wright,Wilbur Wright
15996,đại sứ lâm thời
15997,người thi hành luật
15998,tổng giám mục
15999,thằng nô
16000,người cải cách,nhà cải cách,nhà duy tân
16001,dòi bọ,sâu bọ,súc sinh
16002,anh em,anh em trai,huynh đệ
16003,thằng quỷ,thằng giặc,nhóc tì
16004,người phương Đông,Oriental
16005,người thất bại,người thua cuộc,người bại trận
16006,người chơi nghiệp dư,người chơi không chuyên
16007,người nhìn xa trông rộng,người có tầm nhìn
16008,người Giéc-manh,Frank
16009,sĩ quan,sỹ quan,hạ sĩ quan,hạ sỹ quan
16010,người khổng lồ,nhân vật khổng lồ,người phi thường,nhân vật phi thường
16011,người khởi xướng,người khai mào,người nghĩ ra,người sinh ra,người tạo ra
16012,sĩ quan chỉ huy,sỹ quan chỉ huy
16013,người đến trước,người đến đầu
16014,người theo chủ nghĩa khoái lạc,người theo chủ nghĩa khoái lạc dâm dục,người theo chủ nghĩa nhục dục
16015,Hunt,Holman Hunt,William Holman Hunt,họa sĩ Holman Hunt
16016,người phá hủy,người phá hoại,người tiêu diệt
16017,người hay rình mò
16018,nhân viên văn phòng,nhân viên hành chính,nhân viên văn thư
16019,người học vẹt,học sinh học vẹt
16020,phóng viên,thông tin viên
16021,thủ kho,người giữ kho
16022,rối,bù nhìn,con rối,công cụ
16023,bác sĩ tâm thần,bác sĩ tâm lí
16024,hành khách
16025,học giả,nhà học giả
16026,nhạc trưởng
16027,tiếp viên hàng không
16028,lính dù,lính nhảy dù
16029,bà,bà già,bà lão,bà cụ,cụ bà
16030,giọng nam cao,tenor,tê-nô
16031,kẻ cướp máy bay,không tặc
16032,công nhân khai thác đá,công nhân mỏ đá
16033,quản tượng,người quản tượng,người giữ voi
16034,nhà não tướng học
16035,bậc huynh trưởng,bậc lão thành,bậc thầy,người cha,người thầy,người đi đầu,người đứng đầu
16036,nô lệ,nô bộc,trâu ngựa,thân trâu ngựa
16037,đồng đội
16038,kẻ ăn chơi,tên ăn chơi,kẻ ăn chơi trụy lạc,kẻ chơi bời trụy lạc
16039,chuyên gia y tế,chuyên gia y khoa
16040,hạ nghị sĩ
16041,nữ quí tộc,quí bà,quý bà
16042,chiếu dưới,kẻ kém cơ
16043,kẻ tàn sát,sát nhân
16044,kẻ trụy lạc,kẻ phóng đãng,người phóng đãng,người trụy lạc
16045,da màu,lai da màu,con lai da màu
16046,kẻ ăn thịt người
16047,bạn thân
16048,cầu thủ bóng bầu dục
16049,bố chồng,bố vợ,cha chồng,cha vợ
16050,tiểu yêu,tiểu quỷ
16051,hiệp sĩ,hiệp sĩ giang hồ
16052,kẻ lừa bịp,kẻ bịp bợm
16053,con mồi,đối tượng tấn công
16054,ông bà
16055,hoàng thân,hoàng tử,thái tử
16056,nữ tu viện trưởng,mẹ bề trên
16057,chàng trai,cậu bé,bé trai
16058,nhân sư
16059,nữ hướng đạo sinh,hướng đạo sinh nữ
16060,hội viên,người,nhân,thành viên
16061,lính miền Nam,quân miền Nam
16062,kĩ thuật viên,kỹ thuật viên
16063,khách,khách khứa
16064,con buôn,dân buôn,lái buôn,người buôn bán,nhà buôn,nhà buôn bán,thương lái,thương nhân
16065,diễn viên quần chúng
16066,sát thủ
16067,chú rể,hôn phu,tân lang
16068,nữ ca sĩ
16069,eon,aeon,hữu thể thần linh
16070,chuẩn tướng
16071,chiên,cừu non,con chiên,con cừu non
16072,Brown,John Brown
16073,tiểu thiên sứ
16074,người tin vào học thuyết tất yếu
16075,người canh giữ,người coi,người coi ngó,người giữ,người trông,người trông coi,người trông nom
16076,người Bảo thủ,đảng viên Đảng Bảo thủ,thành viên Đảng Bảo thủ
16077,người chồng bị cắm sừng
16078,côn đồ,kẻ đâm thuê chém mướn,tên đâm thuê chém mướn
16079,Cash,Johnny Cash,John Cash
16080,West,Benjamin West
16081,người tổ chức,người sắp xếp,người bố trí
16082,người theo chủ nghĩa dân tộc
16083,người cai trị,người thống trị,người trị vì,người cầm quyền
16084,người thông báo,người tuyên bố,người loan báo,người báo tin
16085,người Trung Quốc,người Trung Hoa,người Hoa,người Hán,người Tàu
16086,Born,Max Born,nhà vật lí Max Born,nhà vật lí học Max Born
16087,Pound,Ezra Pound,Ezra Loomis Pound,nhà văn Ezra Pound
16088,người đẹp,chân dài
16089,người ăn mừng
16090,người được ủy thác,người được phó thác
16091,Price,Leontyne Price,Mary Leontyne Price,ca sĩ Leontyne Price
16092,người Pháp,dân Pháp,cư dân Pháp
16093,Wood,Mrs.  Henry Wood,Ellen Price Wood
16094,người mẫu,người mẫu ảnh
16095,người theo chủ nghĩa thực dân,người thực dân chủ nghĩa
16096,cấp dưới,lính,người,tay chân
16097,người mạo hiểm,kẻ mạo hiểm,kẻ liều lĩnh,kẻ làm liều
16098,dân cày,người làm đất
16099,đối tác,người hợp tác,người cộng tác,partner
16100,người bi quan,kẻ bi quan
16101,Sax,Adolphe Sax
16102,lao dịch,người lao dịch
16103,thợ sửa chữa,người thợ sửa chữa,công nhân sửa chữa
16104,người tìm,người đi tìm,người tìm kiếm
16105,người cắt may,người may,người may quần áo,người may vá,thợ cắt may,thợ may,thợ may vá
16106,Fox,Charles James Fox,chính khách Charles James Fox
16107,Hall,Charles Martin Hall
16108,người lang thang,người lang bạt,người vô gia cư
16109,tài năng,người tài,người có năng khiếu,người có tài
16110,người đói ăn,người đang chết đói
16111,người từng trải,người trải đời
16112,tu sĩ,giáo sĩ,mục sư
16113,người mẫu,mẫu,người làm mẫu
16114,kì lân,unicorn
16115,người sáng tạo,người sáng chế,người chế tạo,người phát minh,người tạo nên
16116,người điên,người tâm thần,người mát dây,người dại,người có vấn đề
16117,người tò mò,người ham tìm hiểu
16118,Young,Pres Young,Lester Willis Young
16119,Wright,Willard Huntington Wright,S.  S .  Van Dine
16120,Sitter,Willem de Sitter
16121,người bán đồ trang sức,người bán đồ kim hoàn
16122,người hầu,người tùy tùng,tay sai,tùy tùng
16123,Post,Emily Post,Emily Price Post
16124,luật sư biện hộ,luật sư biện hộ tối cao
16125,lính quân cảnh,MP
16126,phe vé,cò vé
16127,giám đốc,thành viên hội đồng quản trị
16128,gà,thỏ non,cừu non
16129,nhà cách mạng
16130,nhà cầm quyền dân sự
16131,phục vụ,nhân viên phục vụ,nhân viên đường sắt,nhân viên phục vụ toa ngủ
16132,tiều phu
16133,người được nhượng độc quyền
16134,kẻ phản bội
16135,cô gái,thiếu nữ,người phụ nữ trẻ
16136,diva,nữ danh ca,danh ca nữ
16137,gái chưa chồng,phụ nữ chưa kết hôn
16138,nhân viên bán hàng,người bán hàng
16139,nhà sản xuất phim,người làm phim
16140,kẻ lừa gạt,kẻ lừa bịp
16141,diễn viên hài,nghệ sĩ hài
16142,quyền lực,quyền thế,quyền hạn
16143,quân cảnh,lính quân cảnh
16144,nhóm trưởng,trưởng nhóm
16145,binh sĩ,chiến binh,chiến sĩ,lính,người lính,quân lính,quân nhân
16146,nữ doanh nhân
16147,bệnh nhân,người bệnh
16148,kẻ cướp,kẻ cưỡng đoạt,kẻ cưỡng tước đoạt
16149,con riêng,con ghẻ
16150,Fry,Christopher Fry
16151,lính mới,người mới vào nghề,người chưa có kinh nghiệm
16152,thợ lành nghề,thợ khéo tay,người khéo tay
16153,Seaman,Elizabeth Seaman,Elizabeth Cochrane Seaman,Nellie Bly,nhà báo Elizabeth Seaman
16154,thần anglo-saxon,thần Ăng-lô-Xắc-xông
16155,hacker,tin tặc,hắc khách,đạo tặc máy tính,kẻ khủng bố máy tính
16156,người hẹn hò
16157,người cộng hòa,người ủng hộ cộng hòa
16158,chập chững,trẻ tập đi,đứa bé đi chập chững
16159,người ghi danh,người báo danh
16160,người hưởng lạc,người ham mê tửu sắc
16161,chủ,chủ nợ,người cho vay,người cho nợ,người cho vay nợ
16162,người khó thích nghi,người khó thích ứng
16163,người tu khổ hạnh
16164,Villa,Pancho Villa,Francisco Villa,Doroteo Arango
16165,người tu hành,nhà tù hành
16166,người tàn ác,người tàn bạo,người độc ác,người ác độc,người hung ác
16167,cò,trung gian,môi giới,người trung gian,người môi giới
16168,Reed,John Reed,nhà báo John Reed
16169,Hill,Benny Hill,Alfred Hawthorne
16170,Mullah,Mollah,Mulla
16171,Day,Clarence Day,Clarence Shepard Day Jr .,nhà văn Clarence Day
16172,Sand,George Sand,Amandine Aurore Lucie Dupin,Baroness Dudevant
16173,người gây rối,kẻ phá rối,kẻ gây phiền nhiễu
16174,người thuê,người mướn
16175,người vẽ đẹp
16176,người đốc công
16177,chuyên gia,chuyên viên,nhà chuyên khoa
16178,dân Lesbos,người Lesbos,dân Lesbos,người dân Lesbos,cư dân Lesbos,Lesbian
16179,hero,hero of alexandria,heron
16180,Tantalus,vua Tantalus
16181,người đàn ông thích ăn diện
16182,Chain,Ernst Boris Chain,Sir Ernst Boris Chain
16183,người chế tạo,người tạo ra,người làm ra
16184,đô đốc
16185,người liều,người liều lĩnh,người cả gan
16186,Nation,Carry Nation,Carry Amelia Moore Nation
16187,người ngoại đạo
16188,người báo cáo,báo cáo viên
16189,người đưa tin,sứ giả
16190,người gây rối,người phá rối,kẻ phá rối
16191,Haggard,Rider Haggard,Sir Henry Rider Haggard,Rider Haggard
16192,lính Lê dương,lính lê dương,lính Légion
16193,VIP,người quan trọng,nhân vật quan trọng,cán bộ cấp cao,người quyền cao chức trọng,very important person
16194,sĩ quan,sỹ quan,sĩ quan chính thức,sỹ quan chính thức
16195,người dẫn chỗ,người chỉ chỗ,người dẫn chỗ ngồi,người chỉ dẫn chỗ ngồi
16196,Python,rồng Python
16197,người giàu,người giàu có,người giàu sang,người sang giàu
16198,người kiệm lời,người ít nói,người nói ít,người ít lời
16199,Weld,Theodore Dwight Weld
16200,nhà huyền bí
16201,bác sĩ thú y,thầy thuốc thú y
16202,nữ học giả,nữ sĩ
16203,mẫu người lí tưởng,mẫu người lý tưởng
16204,tiên cá,nàng tiên cá
16205,cầu thủ chuyền bóng
16206,kẻ áp bức,kẻ đàn áp
16207,chủ cuộc họp,lãnh đạo cuộc họp
16208,người lập di,người khác thường
16209,bên nợ,bên vay,con nợ
16210,người làng,người quê,dân quê,người dân quê
16211,người xu nịnh bợ đỡ,người bợ đỡ,người xu nịnh
16212,bảo vệ,người che chở,người bảo vệ
16213,người dùng thuốc,người sử dụng thuốc
16214,người ăn xin,người ăn mày,người hành khất
16215,người cao lớn,người vạm vỡ
16216,Land,Din Land,Edwin Herbert Land
16217,Spark,Muriel Spark,Dame Muriel Spark,Muriel Sarah Spark,nhà văn Muriel Spark
16218,tín đồ,người sùng đạo,người mộ đạo,người ngoan đạo
16219,Tiến sĩ Hội thánh,Tiến sĩ,Doctor of the Church,Doctor
16220,Graf,Steffi Graf,Stephanie Graf,tay vợt Stephanie Graf
16221,người bắn súng
16222,thợ may,người thợ may
16223,Ana
16224,người phiền toái,kẻ phiền toái,người phiền phức,kẻ phiền phức
16225,thí sinh,người thi,người dự thi
16226,người thừa kế,người thừa hưởng,người kế nhiệm,người kế vị,người nối nghiệp,người nối ngôi,người thừa tự
16227,thần ác mộng
16228,công tử,công tử bột
16229,Myrmidon,hiệp sĩ Myrmidon
16230,Hall,Asaph Hall
16231,người kế nhiệm,người nối nghiệp,người nối ngôi,người tiếp bước,người tiếp nối
16232,người chấm thi,examiner
16233,Daphne
16234,Nightingale,Florence Nightingale,Lady with the Lamp
16235,người đấm
16236,Stone,Edward Durell Stone
16237,đầu gấu,võ sĩ đường phố
16238,mồ côi,trẻ mồ côi,đứa trẻ mồ côi,cô nhi
16239,người thực hành
16240,người giữ chức vụ
16241,người mắc bệnh nan y
16242,người tẻ nhạt
16243,nhóc,nhãi,nhãi ranh,nhóc con,thằng nhóc,thằng nhóc con,thằng nhãi,thằng nhãi ranh,thằng ranh con,trẻ vô gia cư,trẻ bụi đời,đứa trẻ vô gia cư,đứa trẻ bụi đời,bụi đời,vô gia cư,mồ côi,lang thang,lang thang cơ nhỡ
16244,ông tơ bà nguyệt,nguyệt lão,bà mối,bà mai,ông mối,ông tơ,bà nguyệt,người mai mối,người làm mai,người làm mối
16245,cầu thủ bóng chày,vận động viên bóng chày
16246,người trốn việc,người trốn trách nhiệm
16247,người kinh doanh chứng khoán,người buôn bán chứng khoán
16248,sứ giả,đại sứ
16249,người thợ máy,người thợ điều khiển máy móc
16250,người kiêng rượu bia,người kiêng rượu
16251,cử tri,người bầu cử,người bỏ phiếu
16252,người gọt,công nhân gọt
16253,vận động viên thể dục,chuyên viên thể dục,huấn luyện viên thể dục
16254,Hertz,Gustav Hertz,Gustav Ludwig Hertz,nhà vật lí Gustav Hertz
16255,người hiến,người hiến tặng
16256,người đình công,người bãi công
16257,người hành động,người làm
16258,thủy quái,lê-vi-a-than,leviathan
16259,Wolf,Hugo Wolf,nhà soạn nhạc Hugo Wolf
16260,người cho,người tặng,người hiến,người biếu
16261,Service,Robert William Service
16262,nhà thống kê,người thống kê
16263,Ball,Lucille Ball,diễn viên Lucille Ball
16264,White,T.  H .  White,Theodore Harold White
16265,chỗ dựa,trụ cột,bờ vai,nơi nương tựa,nơi nương nhờ,nơi trông cậy
16266,người Mông Thát,người Tác-ta,người Mông,quân Mông
16267,người có ảnh hưởng,người có thế lực
16268,Wise,Stephen Samuel Wise
16269,người buôn lậu,kẻ buôn lậu
16270,người hay lí sự,người hay lý sự,người hay cãi vặt
16271,người cải đạo,người thay đổi tín ngưỡng
16272,người già,người có tuổi,người lớn tuổi,người không còn trẻ
16273,cô,gì,thím,mợ,bác,bác gái
16274,người không theo lề thói,người vô tổ chức
16275,người viết thư
16276,Hardy,Thomas Hardy
16277,người chăn đàn
16278,người nay đây mai đó,người đi lang thang
16279,người chay trường,người ăn chay,người ăn chay trường
16280,vũ sư,giáo viên nhảy đầm,giáo viên nhẩy đầm,giáo viên khiêu vũ,giáo viên dạy nhảy đầm,giáo viên dạy nhẩy đầm,giáo viên dạy khiêu vũ
16281,người theo chủ nghĩa Trotsky
16282,Clay,Lucius Clay,Lucius DuBignon Clay
16283,thợ sắp chữ,thợ xếp chữ,thợ in
16284,Pluto,Hades,Aides,Aidoneus,Thần Hades,thần Hades,Thần Pluto,thần Pluto
16285,Giáo hoàng,Đức Giáo hoàng,Giáo hoàng Rôma,Catholic Pope,Roman Catholic Pope,Holy Father,Vicar of Christ,Giáo hoàng,Catholic Pope,Đức Giáo hoàng,Giáo hoàng Rôma
16286,Budge,Don Budge,John Donald Budge
16287,Forester,C.  S .  Forester,Cecil Scott Forester
16288,người viển vông,người hão huyền,người không thực tế,người không thiết thực
16289,người Ai-len,dân Ai-len,Irish person,Irelander
16290,trộm cướp,đầu trộm đuôi cướp,trộm cắp,trộm cướp,kẻ cướp,kẻ cắp,kẻ trộm,tên cướp,tên trộm,tên trộm cắp,cướp,trộm
16291,bảo vệ,người bảo vệ,người hộ tống
16292,người trưởng thành,người lớn
16293,Begin,Menachem Begin,thủ tướng Menachem Begin
16294,người Jute,Jute
16295,thợ vụng,thợ ẩu,người ẩu đoảng,người làm ẩu,người đoảng,người trình độ còi,người kém tắm
16296,người bị trục xuất
16297,Cha Giáo hội,Church Father,Father of the Church,Father
16298,đồ tễ,bán thịt,người bán thịt
16299,Minuteman
16300,người khỏa thân,người trần truồng,nude
16301,người ngoại tình,người thông dâm
16302,ả,thị
16303,thanh thiếu niên,người tuổi teen,xì tin,ô mai,teen
16304,Hunt,Leigh Hunt,James Henry Leigh Hunt,nhà văn Leigh Hunt
16305,người hoang dã,người man di,người man di mọi rợ,người man rợ
16306,võ sĩ quyền anh,võ sĩ đấm bốc,võ sĩ boxing
16307,trẻ đường phố,trẻ em đường phố,trẻ bụi đời,trẻ lang thang,trẻ lang thang cơ nhỡ
16308,người quan liêu
16309,thằng ve gái,kẻ ve gái,người hay chim gái,kẻ hay ve vãn phụ nữ
16310,người thử,người thử nghiệm,người thí nghiệm
16311,Smith,Adam Smith,nhà kinh tế học Adam Smith
16312,thần Hindu,thần Hin-đu
16313,người đàm phán,người thương lượng,người điều đình
16314,người làm,người làm thuê,người làm công,người làm mướn
16315,tên đầu sỏ,tên chùm
16316,Zeus,thần Zeus,Thần Zeus,Dớt,thần Dớt,Thần Dớt
16317,người tin,người tin tưởng,người ủng hộ
16318,người phi đảng phái,người nổi loạn
16319,tù binh,tù nhân,tội nhân
16320,người đàn ông,người nam
16321,người đồi trụy,kẻ đồi trụy
16322,mẹ chồng,mẹ vợ
16323,người da trắng,White,White person,Caucasian
16324,trọng tài
16325,người bình thường,người tầm thường
16326,người chủ trương,người tán thành,người ủng hộ
16327,đồng tính,người đồng tính,người đồng tính luyến ái,ô môi,pê đê,bóng,gay
16328,người bị hại,người xui xẻo,người thiệt thòi,người không may
16329,người đại diện thương mại
16330,gương,mẫu,người làm gương,người gương mẫu
16331,ứng viên tiềm năng,ứng cử viên tiềm năng
16332,Peter,Simon Peter,thánh Peter,Thánh Peter,Phê-rô,thánh Phê-rô,Thánh Phê-rô,Phierơ,Phi-e-rơ,thánh Phi-e-rơ,Thánh Phi-e-rơ,sứ đồ Phi-e-rơ,Saint Peter,St . Peter
16333,người xâm phạm,người xâm nhập
16334,người đáng ghét,kẻ đang ghét
16335,Post,Wiley Post,phi công Wiley Post
16336,người thuộc phe trung lập,người chủ trương ôn hòa
16337,nhà nho,nhà Nho,nho gia
16338,người tu hành,nhà tu hành
16339,người Nhật,người Nhật Bản,cư dân Nhật Bản,người dân Nhật Bản,Japanese,Nipponese
16340,người đại diện bán hàng,người bán hàng
16341,thầy bói,thầy toán
16342,người Nghĩa hòa đoàn,thành viên Nghĩa hòa đoàn,quyền phỉ
16343,người điều đình,người dàn xếp,người hòa giải,người giảng hòa,người làm hòa
16344,bên bị,bị đơn
16345,phái tả,cánh tả,người phái tả,người cánh tả
16346,người vội vàng,người hấp tấp,người vội vã
16347,ả,gái,ghẹ,ghệ,gấu
16348,thổ dân Australia,thổ dân Úc,thổ dân Ô-xtrây-lia,người Australia bản địa,người Úc bản địa,người Ô-xtrây-lia bản địa,người Australia bản xứ,người Ô-xtrây-lia bản xứ,người Úc bản xứ,người Aborigine Châu Úc
16349,Lasso,Orlando di Lasso,Roland de Lassus
16350,Pope,Alexander Pope
16351,thợ nhuộm,người thợ nhuộm
16352,người tin vào số mệnh,người theo thuyết định mệnh,người tin vào số phận,người tin thuyết tiền định
16353,phó chỉ huy
16354,nữ anh hùng,nữ kiệt
16355,nhà thơ,thi sĩ,thi nhân
16356,đồng sự,cộng sự,đồng nghiệp
16357,bạn đời,người hôn phối,bạn trăm năm
16358,quan,quan lại
16359,hàng xóm,láng giềng
16360,nhà phân loại sinh vật học
16361,diễn viên đóng thế
16362,người thân,thân nhân
16363,khách quen,khách ruột,VIP,khách VIP,khác hàng quen,khách hàng ruột,khách hàng VIP
16364,quân biệt kích,quân biệt động,quân đột kích,quân đặc công
16365,nam tước
16366,vợ,người vợ,phu nhân,bà xã,hôn thê,vị hôn thê
16367,nhà báo,phóng viên,kí giả,cộng tác viên
16368,nữ thần
16369,jockey,người đua ngựa,người cưỡi ngựa đua
16370,chủ cửa hàng,chủ cửa hiệu,chủ tiệm
16371,nghệ sĩ ngôn từ,nhà văn,nhà thơ
16372,kẻ đáng khinh,kẻ đáng coi thường
16373,sinh viên nhận học bổng
16374,chiến binh,chiến sĩ,người chiến binh,người chiến sĩ,người chiến đấu,người đấu tranh
16375,công chức,nhân viên,viên chức
16376,công nhân lành nghề,công nhân có tay nghề,công nhân có tay nghề cao
16377,nữ hoàng,nữ vương
16378,cha tuyên úy,sĩ quan tuyên úy
16379,kẻ xâm lược,kẻ xâm lăng,kẻ xâm chiếm,kẻ xâm lấn,lũ xâm lược,lũ xâm lăng,lũ xâm chiếm,lũ xâm lấn
16380,tiền đạo
16381,chủ nhà hàng
16382,hướng đạo sinh
16383,chủ quán,chủ quán trọ,người chủ quán trọ
16384,trẻ sinh đôi,con sinh đôi
16385,thần Mĩ nữ,thần Grace,Grace
16386,chiến binh da đỏ
16387,hậu vệ,cầu thủ hậu vệ
16388,phản gián,cán bộ phản gián
16389,bồi bàn,người bồi bàn
16390,hầu tước
16391,chân sai vặt,chân lon ton,chân phụ việc
16392,nhân viên trực điện thoại,nhân viên trực tổng đài,tổng đài viên
16393,người da đỏ,người Anh - điêng,thổ dân da đỏ,thổ dân châu Mỹ
16394,trai Teddy
16395,cư dân,dân cư trú,dân thường trú,người cư trú
16396,thực tập,người thực tập,thực tập sinh
16397,thợ máy,người thợ máy,thợ cơ khí,người thợ cơ khí
16398,sĩ quan không quân,sỹ quan không quân
16399,tổ tiên,ông bà ông vải
16400,người tốt,người tốt bụng
16401,người thích khỏa thân,người thích lõa thể,người thích nuy,người thích nude
16402,lao dịch,lao công,phục vụ,hacker
16403,tuần tra viên Texas,Texas Ranger,Ranger
16404,Young,Thomas Young
16405,người theo đạo Hindu,người theo Ấn Độ giáo
16406,người biểu tình,người đi biểu tình
16407,dược sĩ,dược sỹ
16408,người thuộc cung Xử Nữ,người thuộc cung Thất Nữ,người thuộc cung Trinh Nữ
16409,Mark,thánh Mark,Thánh Mark,Mác,thánh Mác,Thánh Mác,sứ đồ Mác,Máccô,thánh Máccô,Thánh Máccô,Saint Mark,St .  Mark
16410,tộc trưởng,trưởng họ
16411,người tự cao,người kiêu căng,người kiêu ngạo,người tự kiêu,người tự phụ,người tự cao tự đại
16412,thủ phạm,người gây ra,kẻ gây ra,người phạm tội,kẻ phạm tội
16413,người không có chuyên môn,người không có kĩ thuật,người không có kỹ thuật,người thiếu kĩ năng,người thiếu kỹ năng,người không có kĩ năng,người không có kỹ năng,người không thạo việc,người không lành nghề
16414,Smith,Bessie Smith
16415,Watt,James Watt
16416,người bị liệt
16417,người đề cử,người tiến cử
16418,Graves,Robert Graves,Robert Ranke Graves,nhà văn Robert Graves
16419,người vô công rồi nghề,người ngồi không,người ăn không ngồi rồi
16420,vận động viên điền kinh
16421,người buôn lậu,người lậu thuế
16422,thần Hi Lạp,thần Hy Lạp
16423,thánh bổn mạng,thần hộ mệnh
16424,người ít học
16425,người chuyên nghiệp
16426,người hành hình,người hành quyết,đao phủ
16427,người láu cá,người tinh ranh,người mưu mẹo,người lươn lẹo,người láu tôm láu cá,người ma lanh,người ranh ma
16428,người lái tàu,thủy thủ
16429,ứng viên thích hợp,ứng cử viên nặng kí,ứng cử viên nặng ký
16430,Lind,Jenny Lind,Swedish Nightingale
16431,Bồ Tát,Bồ tát
16432,biên tập viên nối cầu,anchor,biên tập viên anchor
16433,Bạch Dương,Dương Cưu,người cung Bạch Dương,người cung Dương Cưu
16434,Speer,Albert Speer
16435,người rình mò,kẻ rình mò,người rình rập,kẻ rình rập
16436,phổi bò,người phổi bò,người ruột để ngoài da
16437,Best,C.  H .  Best,Charles Herbert Best
16438,Gram,Hans C .  J .  Gram
16439,người bắt chước,người hay bắt chước
16440,bà cô,gái già
16441,nhà diễn thuyết,thuyết trình viên,người diễn thuyết
16442,rắn độc
16443,gái tân thời
16444,nhà biên niên sử,người chép sử,người ghi sử
16445,tiền bối,trưởng bối
16446,tâm hồn,tâm trí
16447,bên kháng cáo,bên kháng án
16448,bình phong
16449,dâm phụ,gian phụ
16450,linh mục,thầy tu
16451,sinh viên sau đại học
16452,phần tử Xanh
16453,nhà dân số học,nhà nhân khẩu học
16454,doanh gia,doanh nhân,nhà buôn,nhà doanh nghiệp,nhà kinh doanh,thương gia,thương nhân
16455,nhà nghiên cứu
16456,nhân viên điện báo
16457,kẻ độc đoán,kẻ độc tài
16458,nhà nông học
16459,con hoang,con rơi,con rơi con rớt,con rơi con vãi
16460,gia sư,giáo viên dạy kèm
16461,cha mẹ,bố mẹ,ba má,thầy u,tía má,phụ mẫu,phụ huynh
16462,anh hùng,người hùng,vĩ nhân
16463,người hay nói đùa,người tinh nghịch
16464,kẻ lừa dối,kẻ lừa gạt,kẻ nói dối,kẻ dối gạt
16465,diễn viên nữ,nữ diễn viên
16466,chị em gái,chị gái,em gái
16467,cảnh sát vùng,cảnh sát khu vực
16468,nữ hoàng,hoàng hậu
16469,nàng Psyche,Psyche,Tâm hồn
16470,công cụ,tay sai
16471,lãnh đạo quân đội
16472,tác giả tự do,nghệ sĩ tự do
16473,chị em nuôi,chị nuôi,em nuôi
16474,nguyên soái,thống chế,tổng tư lệnh,đại tướng
16475,người có vấn đề,người không bình thường
16476,Bush,Vannevar Bush
16477,Revere,Paul Revere
16478,người đầu cơ giá hạ,người đầu cơ giá xuống
16479,chủ mưu,người lên kế hoạch,người lập kế hoạch,thủ mưu
16480,người tìm đường
16481,chủ,người chủ,người sử dụng lao động
16482,tàu há mồm,tầu há mồm,miệng ăn
16483,người đợi,người chờ,người chờ đợi,người trông đợi
16484,Fry,Roger Fry,Roger Eliot Fry,nhà soạn kịch Roger Fry,kịch gia Roger Fry
16485,Sufi
16486,người giới thiệu,người bảo lãnh
16487,Nữ thần tóc rắn,Gorgon,nữ thần Gorgon
16488,người trung với nước,trung thần,người yêu nước,người ái quốc,người trung quân ái quốc
16489,Foster,Stephen Foster,Stephen Collins Foster,nhạc sĩ Stephen Foster
16490,người đi bộ
16491,Beadle,George Beadle,George Wells Beadle,nhà sinh vật học George Beadle
16492,người vụng về,người lóng ngóng,người hậu đậu
16493,tín đồ Quây cơ,tín đồ phái bạn hữu,tín đồ phái giáo hữu
16494,đàn bà lẳng lơ,đàn bà dâm dãng,đàn bà đĩ thõa,đàn bà lăng loàn
16495,bạn tình,bồ,người tình,người yêu,nhân tình,tình nhân
16496,phục vụ,người phục vụ
16497,Handy,W.C.Handy,William Christopher Handy
16498,trọc phú,trưởng giả học làm sang
16499,người kinh viện,triết gia kinh viện,nhà triết học kinh viện
16500,người đầu cơ tăng giá,nhà đầu cơ tăng giá
16501,người tùy phái,người đưa thư,tùy phái
16502,Fox,George Fox
16503,người cạo ống khói,người quét ống khói
16504,Key,Francis Scott Key
16505,anh hề,người hay pha trò,người hay đùa,người hài hước,người hóm hỉnh,người khôi hài,người thích đùa,người vui tính,vai hề
16506,ca sĩ,người hát,nghệ sĩ thanh nhạc
16507,người May-a,Mayan,Maya
16508,người theo chủ nghĩa hòa bình,người yêu hòa bình
16509,người hăng hái,người nhiệt tình
16510,người đứng lái làm chịch
16511,người vắng mặt,người đi vắng
16512,chú lùn,người còi cọc,người loắt choắt,người lùn,người lùn tịt,người tí hon,thằng lùn
16513,tổng tư lệnh,người chỉ huy
16514,thần Ai Cập
16515,Wright,Richard Wright
16516,Lot,ông Lot,Lót,ông Lót
16517,Reed,Walter Reed,bác sĩ Walter Reed
16518,Ma Kết,người cung Ma Kết
16519,người,đầu người,cá nhân
16520,người khó ưa,người không ai ưa,người không ai thích
16521,người làm tính
16522,người đầy tớ trai
16523,người thuộc cung Thiên Bình,người thuộc cung Thiên Xứng,Libra,Balance
16524,người đến
16525,người hầu gái,người hầu
16526,người cầu nguyện,người cầu kinh
16527,người biết nhiều ngôn ngữ,người biết đa ngôn ngữ
16528,đĩ,đầu bã đậu,đầu bò,đầu đất,đồ dở hơi,đồ ngu,đồ rẻ rách,đồ đầu bã đậu,đồ đầu bò,đồ đầu đất
16529,Cavalier,Royalist
16530,người khiêu vũ,diễn viên múa,vũ nữ
16531,người đến thăm
16532,Wellington,Công tước Wellington,Arthur Wellesley
16533,người ném bóng
16534,người nước ngoài,người ngoại quốc
16535,người thầu,người thầu khoán
16536,con nít,trẻ con,trẻ em,trẻ nhỏ,đứa bé,đứa trẻ
16537,học sinh,học trò,học viên,người học,sinh viên,trò,trẻ em đi học
16538,Park,Mungo Park
16539,Guest,Edgar Guest,Edgar Albert Guest
16540,Nox,Night,nữ thần Nox,Nữ thần Bóng đêm,thần Nox,Thần Nox
16541,người bị lừa,người bị hại,người bị gạt,người bị lừa gạt
16542,Grant,Cary Grant,diễn viên Cary Grant
16543,Mill,James Mill
16544,Rush,Benjamin Rush
16545,Gibbon,Edward Gibbon,sử gia Edward Gibbon,nhà sử học Edward Gibbon
16546,Singer,Isaac M .  Singer,Isaac Merrit Singer
16547,người ở,người đầy tớ,người nô bộc
16548,Crane,Stephen Crane
16549,người gửi,người gửi hàng,người gửi đồ
16550,Medusa
16551,người mới kết hôn
16552,người theo chủ nghĩa tinh hoa
16553,thằng,gã,lão
16554,người chạy gôn,base runner
16555,người cưỡi
16556,người động kinh,người bị động kinh
16557,người quan trọng,người quyền thế,người có quyền,người có quyền thế,người có thế lực
16558,máu mủ,ruột thịt,huyết thống,gia quyến,họ hàng,bà con,người thân thích
16559,thư kí biên tập,thư ký biên tập,thư kí ban biên tập,thư ký ban biên tập
16560,quan tổng đốc
16561,lãnh tụ,người tiên phong,người đi đầu
16562,diễn viên phản diện,nhân vật phản diện
16563,tiểu đồng,em nhỏ phục vụ
16564,kiểm lâm
16565,hồn ma,linh hồn,ma
16566,giám đốc kinh doanh
16567,công chứng viên
16568,bác sĩ giải phẫu nha khoa,bác sĩ nha khoa,nha sĩ
16569,trung vệ
16570,quan chức cấp cao,quan
16571,nhà hiền triết
16572,công chúa
16573,nam,nam giới,đàn ông,con trai
16574,anh em họ,anh chị em họ,chị em họ,anh họ,chị họ,em họ,anh chị em
16575,bà trẻ
16576,sinh viên chưa tốt nghiệp
16577,kẻ kiếm tiền phi pháp
16578,anh chị em ruột,anh chị em
16579,cụ,vị
16580,khất thực
16581,nô lệ,người nô lệ
16582,lái xe,người lái xe
16583,nhân công tạm thời,nhân viên tạm thời,nhân công hợp đồng,nhân viên hợp đồng
16584,nam sinh,nam học sinh,học sinh nam
16585,nhạc công
16586,chuyên gia,nhà chuyên môn
16587,nữ anh hùng,anh thư
16588,thủ môn,thủ thành
16589,người đóng gói,người gói hàng,người đóng hàng
16590,Daniel,Đa-ni-ên,tiên tri Daniel,tiên tri Đa-ni-ên
16591,dân quân,đội viên dân quân,dân quân viên
16592,người cung cấp,người tiếp tế
16593,người cấp tiến,người tiến bộ,người suy nghĩ cấp tiến,người suy nghĩ tiến bộ,người có quan điểm cấp tiến
16594,bợm nhậu,bợm rượu,ma men,người nghiện bia rượu,người nghiện rượu,sâu rượu
16595,người khai hoang,người khai mào,người khởi xưởng,người mở đường,người tiên phong
16596,người viết thuê
16597,Smith,David Smith,David Roland Smith
16598,người ích kỉ,người ích kỷ
16599,người ăn
16600,người răn bảo,can gián đại phu
16601,người chiết trung
16602,Hamlet
16603,thợ may,thợ cắt may,thợ may vá,người may vá,người thêu thùa,thợ thêu
16604,người châu Âu,dân châu Âu,cư dân châu Âu
16605,người nghĩ,người suy nghĩ
16606,quán quân,vô địch,người vô địch,nhà quán quân,nhà vô địch,người về nhất,người chiến thắng
16607,huấn luyện viên,người huấn luyện,người dạy,người huấn luyện ngựa
16608,người họ hàng nam,người bà con nam
16609,người cộng tác,cộng tác viên
16610,trưởng giáo,giáo trưởng
16611,người đầu cơ tích trữ,kẻ đầu cơ
16612,Chaos,thần Hỗn mang,Thần Hỗn mang
16613,người theo chủ nghĩa cơ hội,người cơ hội
16614,Hope,Bob Hope,Leslie Townes Hope
16615,Pan,Thần Pan,thần Pan,Thần Dê,thần Dê
16616,Mason,James Mason,James Neville Mason,diễn viên James Neville Mason
16617,sĩ quan hải quân,sỹ quan hải quân
16618,người đi vận động
16619,người mê đọc,người mê đọc sách,người thích đọc,người yêu sách,người đọc,độc giả
16620,Hymen,thần Hymen,Thần Hymen,thần Hôn nhân,Thần Hôn nhân
16621,người ngốc,người ngố,người ngốc ngếch
16622,Cage,John Cage,John Milton Cage Jr .,nhạc sĩ John Cage
16623,người quý tộc
16624,trợ lí võ sĩ,người phụ tá võ sĩ
16625,người quảng cáo
16626,cận vệ,hộ vệ
16627,người ưa mạo hiểm
16628,thợ lặn,người thợ lặn
16629,thủ quỹ
16630,thủ tướng chính phủ Anh
16631,thiên thần
16632,Cự Giải,Bắc Giải,người cung Cự Giải,người cung Bắc Giải
16633,người khám xét,người thẩm tra,người kiểm tra
16634,Goofy,chó Goofy
16635,người di cư,người di trú,dân di cư,dân di trú
16636,người phụ nữ phóng đãng,người phụ nữ dâm đãng,người đàn bà phóng đãng,người đàn bà dâm đãng
16637,người tin,tín đồ
16638,thợ điện,thợ lắp đặt
16639,người hay mơ mộng,người hay mơ mộng hão huyền,người thiếu thực tế
16640,người quan sát,người theo dõi
16641,người đứng đầu,thủ lĩnh,thủ lãnh
16642,người mới,người mới tham gia,người mới đến
16643,Porter,Cole Porter,Cole Albert Porter,soạn giả Cole Porter
16644,người không chấp nhận hiện thực,người trốn tránh hiện thực,người trốn tránh thực tại
16645,tiên,thần tiên
16646,người phi tôn giáo,người bên lương,người không tôn giáo
16647,tử tước
16648,thầy xem tướng tay,thầy bói chỉ tay,người xem chỉ tay
16649,người bảo quản
16650,thánh Basil,Thánh Basil,St .  Basil,Basil,giám mục Caesarea
16651,ủy viên
16652,Teach,Edward Teach,Thatch,Edward Thatch,Blackbeard
16653,trượng phu,nam nhi,đấng nam nhi,đại trượng phu,nam tử hán đại trượng phu
16654,người theo chủ nghĩa tân thời
16655,người giàu cảm xúc,người sầu muộn,người đa cảm,người đa sầu,người đa sầu đa cảm,người ủy mị
16656,người khuân vác,công nhân khuân vác
16657,người đồ tề
16658,người chỉ điểm,người tố giác
16659,Cook,James Cook,thuyền trưởng Cook,thuyền trưởng James Cook
16660,người đi bộ đường dài
16661,người ngu,người đần,người ngu dại,người ngu dốt,người ngu đần,người đần độn
16662,Lie,Trygve Lie,Trygve Halvden Lie
16663,tên móc túi,kẻ móc túi,bọn hai ngón
16664,người chia bài
16665,sếp,ông chủ
16666,người đầu tư
16667,tài xế riêng,lái xe riêng
16668,người bất tử,nhà văn bất tử,nhà thơ bất tử
16669,Moor
16670,lái tàu,lái tàu hỏa,người lái tàu,người lái tàu hỏa
16671,thần chết,Tử thần
16672,Kyd,Kid,Thomas Kyd,Thomas Kid
16673,thiếu úy
16674,biên tập,biên tập viên,người biên tập
16675,đại úy
16676,Min,thần Min,Thần Min
16677,tổng thống
16678,thần giữ của
16679,người chia,người phân chia
16680,người lập dị,người kì cục,người kì lạ,người khác thường,người kỳ cục,người kỳ lạ
16681,người ủng hộ,người cổ vũ
16682,vận động viên Olympic
16683,người Châu Á,dân châu Á,người dân châu Á,cư dân châu Á
16684,White,Patrick White,Patrick Victor Martindale White
16685,người lập dị,người kì quặc,người kì quái
16686,võ sĩ giác đấu
16687,địa chủ,điền chủ
16688,người Algonquian,người Algonquin,Algonquian,Algonquin
16689,Smith,Ian Smith,Ian Douglas Smith
16690,tùy tùng mang binh giáp,tùy tùng mang binh khí
16691,người miễn dịch,người được miễn dịch
16692,người trả tiền
16693,người tham gia cuộc vui,người tham dự cuộc vui
16694,người đồng tính,người ái nam ái nữ,người đồng dâm nam
16695,người diễn thuyết,người phát ngôn
16696,người cực đoan,kẻ cực đoan
16697,Bond,James Bond,điệp viên 007,Bon,điệp viên Bon
16698,người tìm kiếm,người đi săn,người đi lùng,người đi kiếm
16699,người chơi cánh
16700,người in,thợ in
16701,người quay tơ,người xe chỉ
16702,người quản lí tiền,người quản lí tiền của,người quản lí tiền,người quản lý tài sản
16703,người săn vàng
16704,Rock,John Rock,bác sĩ John Rock
16705,tổng thống Hoa Kì,Tổng thống Hoa Kì,tổng thống Hoa Kỳ,Tổng thống Hoa Kỳ,tổng thống Mĩ,Tổng thống Mĩ,tổng thống Mỹ,Tổng thống Mỹ
16706,huynh hữu,đạo hữu
16707,tay trong,kẻ nội ứng
16708,người mờ ám,kẻ lén lút,người vụng trộm
16709,vận động viên nhào lộn
16710,người đe dọa,người dọa nạt,người khủng bố,kẻ đe dọa,kẻ dọa nạt,khủng bố,kẻ khủng bố,tên khủng bố
16711,King,Billie Jean King,Billie Jean Moffitt King
16712,thần Lug,thần Lugh,Lug,Lugh
16713,người điều vận
16714,nhà giáo dục,nhà mô phạm,nhà lí luận giáo dục
16715,người theo chủ nghĩa phát xít,phần tử phát xít
16716,người chiêu mộ,người chiêu mộ tài năng
16717,người khuyết tật,người tật nguyền,người tàn tật
16718,sĩ quan,sỹ quan,sĩ quan quân đội,sỹ quan quân đội
16719,do thám,gián điệp,mật thám,người do thám,người theo dõi,người trinh sát,trinh sát,điệp báo,điệp viên,đuôi
16720,biên tập viên,biên tập viên nội dung,biên tập viên viết bài,người viết quảng cáo
16721,người câm điếc,người vừa câm vừa điếc
16722,phượng hoàng,chim phượng hoàng
16723,phát thanh viên truyền hình
16724,bé trai,em bé trai,đứa bé trai
16725,hậu vệ bóng rổ,hậu vệ
16726,chủ nhà,chủ nhà trọ,chủ khách sạn,chủ nhà nghỉ,chủ quán trọ
16727,lập trình viên,người lập trình
16728,triết gia,nhà triết học
16729,cầu thủ bóng đá
16730,đồng chí
16731,kẻ độc tài,người có quyền hành tuyệt đối
16732,tiền vệ
16733,dị nhân
16734,chức sắc tôn giáo,chức sắc giáo hội
16735,nam Hướng đạo sinh
16736,phần tử phản chiến,người đấu tranh hòa bình
16737,bồi bút,nhà văn quèn
16738,con trai,con giai,giai
16739,điều phối viên,điều hợp viên
16740,rồng,con rồng
16741,kẻ giết người,hung thủ giết người,kẻ sát nhân,tội phạm giết người
16742,kẻ suy đồi,kẻ đồi trụy
16743,vị thành niên
16744,sinh viên trúng tuyển
16745,assassin,kẻ ám sát,sát thủ Hồi giáo
16746,người dân quê,người nhà quê,người nông thôn,người quê mùa,người thôn quê,nông dân
16747,dâu,con dâu,nàng dâu
16748,nhân viên thu thuế,người thu thuế
16749,nhà tài trợ,nhà đầu tư
16750,con tin
16751,nhân viên y tế
16752,phó vương,kinh lược,tổng trấn
16753,cựu binh,cựu chiến binh,cựu quân nhân
16754,góa phụ
16755,khách làng chơi,khách mua dâm
16756,kĩ sư,kỹ sư,nhà công nghệ,nhà khoa học ứng dụng
16757,nữ thủy thần
16758,nô tì,nô tỳ,người hầu
16759,người bảo thủ,kẻ bảo thủ,người định kiến
16760,lính cứu hỏa,nhân viên chữa cháy,nhân viên cứu hỏa
16761,nhà giáo,nhà sư phạm,nhà giáo dục
16762,kiểm toán viên
16763,rồng lửa,thằn lằn lửa
16764,hội viên Hội Tam điểm,Freemason,Mason
16765,khách mời
16766,bồ,gấu
16767,tiểu chủ
16768,chồng,người chồng
16769,bệnh nhân lao,bệnh nhân lao phổi,người bị lao,người bệnh lao,người mắc lao,người bị bệnh lao,người mắc bệnh lao
16770,cô,tiểu thư
16771,chủ,người chủ,chủ lao động
16772,bác sĩ nội trú
16773,cháu,cháu ruột
16774,hoàng thái tử,thái tử
16775,lính cũ,ma cũ
16776,cu,nhóc
16777,thân chủ
16778,kẻ tiếm quyền,bạo chúa
16779,đồng tính nam,pê đê,bê đê,gay,bóng,gây
16780,chính trị gia,nhà chính trị,chính khách
16781,sinh viên chuyên ngành
16782,lính thủy
16783,kiểu người,mẫu người,loại người,hạng người,giống người
16784,nhà sản xuất,hãng sản xuất,người chế tạo,nhà chế tạo
16785,ngáo ộp,ngoáo ộp,ba bị,ông ba bị,ông kẹ,bố mìn,mẹ mìn
16786,kép,kép hát,kép nam
16787,phù thủy
16788,lính liên minh
16789,biên tập viên,bình luận viên
16790,cổ đông
16791,quái vật,yêu quái
16792,cố vấn pháp luật,luật sư
16793,giáo dân,con chiên
16794,hộ tịch viên
16795,nhân viên vô tuyến điện,nhân viên đài phát thanh
16796,bò mộng,con bò mộng
16797,thái hậu,hoàng thái hậu
16798,con nuôi,nghĩa tử
16799,con cháu,con cái,dòng dõi
16800,kẻ môi giới mại dâm
16801,học sinh cuối cấp,học sinh năm cuối
16802,quận trưởng trưởng
16803,ngoại trưởng,bộ trưởng ngoại giao,bộ trưởng Bộ Ngoại giao
16804,lính pháo binh
16805,bà xã,bu nó
16806,sao,ngôi sao
16807,nhà chứng thực
16808,thánh sống
16809,con nuôi,dưỡng tử
16810,người theo chủ nghĩa không tưởng,người theo chủ nghĩa duy tâm
16811,người theo sau
16812,thánh Bride,thánh Brigid,thánh Bridget,Briget
16813,Yahweh,YHWH,Yahwe,Yahveh,YHVH,Yahve,Wahvey,Jahvey,Jahweh,Jehovah,JHVH
16814,diễn viên opera chính,vai chính ô-pê-ra
16815,kẻ hèn nhát,người nhát gan,người nhút nhát
16816,người hát rong
16817,người thỉnh cầu,người cầu xin
16818,Smith,Kate Smith,Kathryn Elizabeth Smith
16819,người hoang,người hoang phí,người hoang toàng,người phung phí,người rộng rãi
16820,người ốm yếu
16821,người cám dỗ,kẻ cám dỗ,người dẫn dụ,kẻ dẫn dụ,người quyến rũ,kẻ quyến rũ
16822,phân loại viên,người phân hạng,người phân bậc,người phân loại
16823,danh họa,họa sĩ,họa sỹ,nghệ sĩ,nghệ sỹ,người vẽ
16824,quái vật,con vật thành tinh
16825,người bị ma ám,người bị quỷ ám,người ma nhập,người quỷ nhập,người bị vong nhập
16826,White,E.  B .  White,Elwyn Brooks White
16827,Farmer,James Leonard Farmer
16828,tộc trưởng,tù trưởng
16829,Wise,Isaac Mayer Wise
16830,người chống phá,người áp đảo
16831,Ward,Barbara Ward,Baroness Jackson of Lodsworth
16832,Wood,Sir Henry Wood,Sir Henry Joseph Wood,nhạc trưởng Sir Henry Wood
16833,người tọc mạch,người thóc mách
16834,Black,Joseph Black
16835,Grass,Gunter Grass,Gunter Wilhelm Grass,nhà văn Gunter Grass
16836,người bảo vệ,người đấu tranh
16837,Ussher,James Ussher,Usher,James Usher
16838,kẻ khù khờ,kẻ khờ khạo,kẻ ngốc,người cả tin
16839,người dùng,người tiêu thụ,người sử dụng,người tiêu dùng
16840,người trung lập,bên trung lập
16841,Thần Gió,Zephyr,thần gió mát,nữ thần gió mát
16842,Sue,Eugene Sue
16843,người chậm chạp,người lề mề,người dềnh dang,người dềnh dàng
16844,người nói một đằng làm một nẻo
16845,vận động viên thể thao,vận động viên chuyên nghiệp
16846,người ba hoa,kẻ ba hoa,người khoác lác,kẻ khoác lác
16847,tay sai,ưng khuyển
16848,White,Stanford White,kiến trúc sư Stanford White
16849,thực thể siêu nhiên
16850,người bệnh tưởng
16851,người không nhà cửa,người lang thang,người vô gia cư
16852,người chơi bài brit
16853,Grey,Charles Grey,Second Earl Grey
16854,người mới nổi,người mới giàu,người mới phất
16855,người gầy,người ốm,người gầy nhom,người gây dơ xương,người gầy trơ xương
16856,trưởng lão
16857,người nói to
16858,người hồi hương,kiều bào hồi hương
16859,người cổ đại,cư dân cổ đại
16860,người nhiều chuyện,người hay buôn chuyện,người hay buôn dưa lê
16861,người đàn bà đanh đá,người phụ nữ đanh đá,mụ đàn bà đanh đá,con đang bà đanh đá
16862,người thám hiểm,người thăm dò
16863,tù nhân,người tù,người bị kết án tù
16864,Morse,Samuel Morse,Samuel F .  B .  Morse,Samuel Finley Breese Morse,Móoc
16865,người WASP,người Tin lành Anglo-Saxon da trắng
16866,người lạ,người lạ mặt,người xa lạ,người không quen,người không quen biết
16867,Mason,A.  E .  W .  Mason,Alfred Edward Woodley Mason,nhà văn Alfred Edward Woodley Mason
16868,tín đồ Hồi giáo,Muslim,Moslem
16869,người theo chủ nghĩa xã hội
16870,Amen,Amon,Amun
16871,người không may,người bất hạnh,người bạc mệnh,người mệnh bạc
16872,thiếu tá
16873,dân bản xứ,dân bản địa,người bản xứ,người bản địa,dân gốc
16874,người thẩm tra,người điều tra,người hỏi
16875,Tell,William Tell
16876,người ngồi lê đôi mách,người lẻo mép,người lắm nhiều
16877,Rice,Elmer Rice,Elmer Leopold Rice,Elmer Reizenstein
16878,Wright,Frances Wright,Fanny Wright
16879,bầu,người bảo trợ,người hỗ trợ,người đỡ đầu,ông bầu
16880,thợ kim hoàn,người thợ kim hoàn
16881,người giành được,người thu được
16882,Munch,Edvard Munch,họa sĩ Edvard Munch
16883,White,Andrew D .  White,Andrew Dickson White
16884,lưỡng tính,ái nam ái nữ,người lưỡng tính,người ái nam ái nữ
16885,đại thụ,bậc đại thụ,cây đại thụ,cây đa cây đề,bậc cây đa cây đề,trùm,bậc trùm
16886,Mama
16887,người đa tình,người đa dâm,người khiêu dâm
16888,bản thân,tự thân,đích thân,tự tay,đích tay
16889,con gái,cô gái,cô thiếu nữ,thiếu nữ
16890,bộ trưởng
16891,bá tước,tước bá
16892,hạ sĩ
16893,khách,khách hàng,người tiêu dùng,người mua hàng
16894,chàng,anh chàng,gã,thằng
16895,nhân viên tình báo,tình báo viên
16896,lãnh sự
16897,luật sư,thầy cãi,người biện hộ,người bào chữa
16898,phù dâu,người phù dâu,cô phù dâu
16899,bạn trai,người yêu,bạn giai
16900,nhà cái
16901,kẻ khoắc lác,người khoắc lác,kẻ khoác lác lừa người
16902,bóng,cái bóng,hình bóng
16903,kẻ ngớ ngẩn,kẻ ngu ngốc
16904,phụ nữ,nữ giới,đàn bà,con gái
16905,người nóng tính
16906,quan tòa,thẩm phán
16907,kẻ thiểu năng trí tuệ,kẻ lơ ngơ,kẻ ngốc nghếch,kẻ ngốc
16908,kẻ lang thang,người sống lang thang
16909,lính mới,nhân viên mới
16910,Pierce,Franklin Pierce,Tổng thống Pierce
16911,Sweet,Henry Sweet,nhà ngôn ngữ học Henry Sweet
16912,Frost,Robert Frost,Robert Lee Frost
16913,Truth,Sojourner Truth
16914,Farmer,Fannie Farmer,Fannie Merritt Farmer,đầu bếp Fannie Farmer
16915,người cưỡi ngựa giỏi
16916,Rice,Sir Tim Rice,TimotHi Miles Bindon Rice
16917,người có công việc lưu động
16918,Nữ chiến binh Amazon
16919,người theo chủ nghĩa quân phiệt
16920,thầy bói,nhà tiên tri
16921,người hứa hôn,chồng chưa cưới,vợ chưa cưới,chồng sắp cưới,vợ sắp cưới
16922,con so,con đầu,con cả,con lớn,con trưởng,con đầu lòng
16923,Jesus,Chúa Jesus,Đức Chúa Jesus,Jêsus,Chúa Jêsus,Đức Chúa Jêsus,Jê-sus,Chúa Jê-sus,Đức Chúa Jê-sus,Giêxu,Chúa Giêxu,Đức Chúa Giêxu,Giêsu,Chúa Giêsu,Đức Chúa Giêsu,Giê-su,Chúa Giê-su,Đức Chúa Giê-su,Kitô,Chúa Kitô,Đức Chúa Kitô,Ki-tô,Chúa Ki-tô,Đức Chúa Ki-tô,Giê Su,Chúa Giê Su,Đức Chúa Giê Su,Đấng Cứu thế,Chúa Cứu thế,Cứu Chúa,Đấng Cứu Chuộc,Đấng Giải cứu,Đấng Chăn,Đấng Chăn nhân lành,Người Chăn chiên nhân lành
16924,trưởng tu viện,bề trên
16925,người họ hàng nữ,người bà con nữ
16926,vận động viên quần vợt,vận động viên tennis
16927,người di chuyển,người hay đi
16928,Dis,Orcus,thần Dis,Thần Dis,thần Orcus,Thần Orcus,Diêm Vương
16929,người nghèo,người bần cùng,người khố rách áo ôm,người nghèo khổ,người nghèo túng
16930,người xua thú,người lùa thú
16931,vận động viên,đấu thủ
16932,Grant,Ulysses Grant,Ulysses S. Grant,Ulysses Simpson Grant,Hiram Ulysses Grant,Tổng thống Grant
16933,người khờ,người dại,người khờ dại,người ngu xuẩn,người xuẩn ngốc
16934,dân nhập cư,người nhập cư
16935,West,Rebecca West,Dame Rebecca West,Cicily Isabel Fairfield
16936,người ở,người cư trú,dân cư
16937,người đánh xe
16938,thần rừng,thần cây
16939,người đoán,người tiên đoán,người dự đoán
16940,Satan,quỷ Satan,quỉ Satan,Sa tăng,quỷ Sa tăng,quỉ Sa tăng
16941,rể,con rể,chàng rể
16942,Goldsmith,Oliver Goldsmith
16943,giám mục
16944,hiền triết
16945,người đầu cơ,kẻ đầu cơ,người đầu cơ trục lợi,kẻ đầu cơ trục lợi
16946,bên nhận,bên B
16947,chủ tịch ban hội thẩm
16948,mẹ,má,bầm,u,mợ,me,mẫu thân
16949,quân tình nguyện,lính tình nguyện
16950,giám thị,người giám thị
16951,thợ hồ,thợ ngõa,thợ nề,thợ xây
16952,anh hai,anh cả
16953,chị hai,chị cả
16954,phó hiệu trưởng
16955,hoa hậu,Miss,hoa khôi
16956,anh rể
16957,anh vợ
16958,bưu tá,nhân viên bưu điện,người giao thư,người đưa thư
16959,cháu gái,con cháu
16960,chú hề
16961,cô giáo,cô,giáo viên
16962,ông đồ,cụ đồ,thầy đồ
16963,nhân vật vĩ đại,danh nhân
16964,đội trưởng,trưởng đội
16965,em rể
16966,học sinh Miền Nam
16967,hung thủ,kẻ thủ ác,kẻ gây án,kẻ phạm tội,kẻ sát nhân,tội phạm
16968,lớp trưởng
16969,lớp phó
16970,nhi đồng,thiếu nhi
16971,ông ngoại,ngoại,ông
16972,ông nội,nội,ông
16973,Trần Quốc Toản
16974,vũ công,dancer,nghệ sĩ múa
