10848,thể,thức,thể thức,hệ thống giác quan,hệ giác quan
10849,kích thích tích cực,sự kích thích tích cực
10850,tỉnh,tỉnh táo,sự tỉnh táo
10851,giá trị,giá trị thang đo
10852,sự sắp xếp trước,sự chuẩn bị trước,sự thu xếp trước
10853,việc thiên định,việc trời định,việc tiền định,việc định trước
10854,giải thích,lí giải
10855,cảm giác cơ thể,cảm giác của cơ thể
10856,sự thiếu độc đáo,sự thiếu sáng tạo
10857,sếp,đặt,tổ chức,bố trí,sắp xếp
10858,chỗ đặt trước
10859,phương sai
10860,dự tính,dự trù,trù tính,lo liệu,định liệu
10861,sản,khoa sản,phụ sản,khoa phụ sản,sản khoa
10862,công nhận,ghi nhận,sự công nhận,sự ghi nhận,sự thừa nhận,thừa nhận
10863,đoán,dự,ước đoán,dự đoán,tiên đoán,đoán trước,sự đoán,sự ước đoán,sự dự đoán,sự tiên đoán,sự đoán trước
10864,hoang tưởng,hão huyền,mộng tưởng,mộng ảo,viển vông,điều hão huyền,điều viển vông,ảo mộng,ảo tưởng,ảo vọng
10865,quá trình vô thức,vô thức
10866,phép gọi hồn,phép cầu hồn,phép cầu vong
10867,kĩ năng giải quyết vấn đề,kỹ năng giải quyết vấn đề
10868,nguyên lí pháp luật,nguyên tắc pháp lí,nguyên lý pháp luật,nguyên tắc pháp lý
10869,trân trọng,sự trân trọng,quý trọng,sự quý trọng,ý thức giá trị,sự ý thức giá trị
10870,đề xuất,đề nghị,gợi ý,đề đạt
10871,dữ liệu tri giác của thị giác
10872,thuốc,ngành thuốc
10873,cân nhắc,nghĩ ngợi,ngẫm nghĩ,suy tính,suy xét
10874,nét đặc thù,tính chuyên biệt,tính đặc thù,điểm đặc biệt,đặc thù,đặc trưng,đặc tính,đặc điểm
10875,cái không thể lường được
10876,khả năng nhìn,nhãn lực,sức nhìn,thị lực,thị năng,tầm nhìn
10877,sự chú ý,sự tập trung,sự để ý
10878,mơ mộng,mộng mơ,ảo tưởng,viễn tưởng
10879,đánh giá kĩ lưỡng,đánh giá phê bình
10880,quá trình đại diện,quá trình thay mặt
10881,hình,ảnh,hình ảnh,ảnh tượng
10882,đổi ý,sự đổi ý,sự thay đổi ý định
10883,sự nhìn thấu,sự hiểu thấu,sự nhìn thấu đáo,sự hiểu thấu đáo,sự thấu đáo
10884,sự chạm,sự mó,sự sờ,sự sờ mó,sự tiếp xúc,sự đụng,sự đụng chạm
10885,phản chứng
10886,khái quát,chung chung,tổng quát
10887,ước tính,ước lượng,dự tính,dự tính
10888,nơi tưởng tượng,nơi hoang đường,nơi hư cấu
10889,soi,soi xét,thanh tra,kiểm định,kiểm nghiệm,nghiệm thu,sự soi,sự soi xét,sự thanh tra,sự kiểm định,sự kiểm nghiệm,sự nghiệm thu
10890,nhân tố kích thích tiêu cực,sự kích thích tiêu cực
10891,ý niệm trừu tượng,ý niệm trừu xuất
10892,thói quen,thói,tục,thói tục
10893,sắp xếp,thỏa thuận
10894,cơ học chất lỏng
10895,quyền lựa chọn,quyền chọn,cơ hội lựa chọn
10896,hóa học
10897,mốt,thời trang,trào lưu,xu hướng
10898,quá trình nhận định,quá trình đánh giá
10899,nhớ,trí nhớ,kí ức
10900,hiện thân,sự hình dạng hóa
10901,kinh tế gia đình,quản lí kinh tế gia đình
10902,sự nhuần nhuyễn,sự thuần thục,sự thành thạo,sự thành thục,sự thông thạo,sự tinh thông,sự tài giỏi
10903,tọa độ Đề các,tọa độ Descartes
10904,lãnh đạm,trung lập
10905,cận cảnh
10906,điều kiện thử nghiệm
10907,khuynh hướng chính trị,ý thức hệ,tư tưởng chính trị,hệ tư tưởng
10908,chuyên nghiệp,kĩ nghệ,kĩ năng,kĩ thuật,kỹ nghệ,kỹ năng,kỹ thuật,tài nghệ
10909,chất,khả năng,năng lực,tư chất,tố chất
10910,hải dương học
10911,y,y học,y khoa
10912,điều huyền bí,điều kì bí,điều kỳ bí,điều thần bí
10913,chi tiết vụn vặt,chi tiết không quan trọng
10914,bằng chứng,cơ sở,chứng cứ,chứng cớ,bằng cứ,bằng cớ
10915,kiểu cắt
10916,biến độc lập
10917,chủ nghĩa thực chứng,chủ nghĩa thực chứng logic
10918,hiểu biết,học thức,học vấn,kiến thức,sở học,tri thức,vốn hiểu biết,vốn học
10919,ngữ nghĩa
10920,sự bận tâm,mối bận tâm,mối lo lắng,mối ưu tư,sự bận tâm,sự lo lắng,sự ưu tư
10921,khoáng vật học
10922,yếu tố cần cân nhắc,điều cần cân nhắc
10923,tiếng lồng
10924,nỗi sợ,nỗi kinh hoàng,nỗi ác mộng,nỗi kinh hoàng
10925,kế,chước,mưu,âm mưu,thủ đoạn,mưu kế
10926,giá trị trung bình,số trung bình
10927,ý niệm tuyệt đối
10928,bùa phép,bùa chú,bùa
10929,chuộng,ham chuộng,sở thích,sự ham chuộng,sự sủng ái,sự yêu thích,sự ưa chuộng,sự ưa thích,ưa chuộng,ưa thích
10930,gánh nặng,gánh
10931,quy trình,quá trình,tiến trình
10932,nội dung,nội dung nhận thức
10933,hệ thống thờ cúng tôn giáo
10934,vị mặn
10935,nỗi buồn,nỗi sầu,nỗi phiền lòng,nỗi phiền muộn
10936,quá trình tri nhận bậc cao
10937,liên kết dạng sao,liên kết hình sao
10938,kiến tạo học
10939,điểm chung,điểm tương đồng
10940,phụ khoa
10941,bản mẫu,hình mẫu,kiểu mẫu,mẫu,mẫu gương,mẫu mực
10942,bố cục,cách sắp xếp,cơ cấu,hệ thống
10943,chủ nghĩa bảo thủ
10944,đích,mục đích,mục tiêu
10945,truyền thống,nếp
10946,phân phối mẫu
10947,khoa học quân sự,quân sự
10948,mạch tư duy,mạch suy nghĩ,dòng,mạch
10949,quan tâm chú ý,để tâm,sự quan tâm,mối quan tâm,sự chú ý,sự để tâm
10950,luật lệ,nguyên tắc,phép tắc,quy luật,quy tắc,quy định,điều lệ
10951,xã hội học
10952,liên tưởng,sự liên tưởng
10953,sinh học phân tử
10954,khoa học thực nghiệm,khoa học tự nhiên
10955,sự sáng suốt,sự đúng đắn,sự chí lí,sự chí lý,sự anh minh
10956,thuyết hữu thần
10957,hình học phẳng
10958,tiêu hóa,sự tiêu hóa
10959,ẩn ý,ngụ ý,hệ quả,hàm ý,ý,ý,nghĩa,ý nghĩa
10960,tưởng tượng,hình dung,mường tượng
10961,tài xoay xở,sự tháo vát,tính tháo vát,tài vặt
10962,giải phẫu,giải phẫu học,giải phẫu học tổng quát
10963,địa chấn học,ngành địa chấn,ngành địa chấn học
10964,thế phẩm
10965,dư ảnh
10966,ngu,dốt,vô minh,ngu dốt,dốt nát,ngu xi,ngu muội,mu muội,thiếu kiến thức,sự vô minh,sự ngu dốt,sự ngu xi,sự ngu muội,sự mu muội,sự dốt nát,sự tối tăm,sự tăm tối,sự thiếu kiến thức
10967,đối sách luận,thuyết trò chơi,lí thuyết trò chơi
10968,trắc địa học,ngành trắc địa,trắc địa
10969,chuẩn,tiêu chuẩn
10970,thể tương liên,yếu tố tương liên
10971,sự hình thành phản xạ có điều kiện
10972,thông tin cơ bản,thông tin nền
10973,đời,đời sống,cuộc đời
10974,biểu tượng,kí hiệu,ký hiệu,vật tượng trưng
10975,hàng loại,đồ bỏ,đối tượng bị loại
10976,giá trị,trị số
10977,phân bố thống kê
10978,khoa phôi thai,phôi học,phôi thai học
10979,kí hiệu học,ký hiệu học
10980,lo ngại,mối lo ngại,nỗi phiền muộn,nỗi đau đầu,vấn đề
10981,siêu hình,siêu hình học
10982,huyền bí học
10983,điều ngáng trở,điều trở ngại,cái ngáng trở
10984,bí quyết,chiêu,cách,cách thức,mẹo,phương pháp,phương thức
10985,sự giao nhau,sự gặp nhau
10986,cổ tự học,môn cổ tự học
10987,lề thói hàng ngày
10988,lĩnh vực,mặt,phương diện,phần
10989,giải tích,vi tích phân
10990,khái niệm
10991,chỗ,mặt,điểm
10992,mưu,âm mưu,mưu đồ,mưu chước,chước
10993,nguyên tắc đa số
10994,kĩ thuật điện máy,kỹ thuật điện máy,công nghệ điện máy
10995,kiếm thuật,thuật đấu kiếm,thuật đánh kiếm,tài đánh kiếm,tài múa kiếm
10996,điều bất khả thi,điều không thể,chuyện bất khả thi
10997,sinh thiết
10998,hương vị chanh
10999,ý liên tưởng
11000,phép loại suy
11001,họa âm
11002,phạm trù
11003,logic,lô-gíc,lí,lẽ
11004,địa ngục,hỏa ngục,kiếp trầm luân
11005,tự tin,sự tự tin,lòng tự tin
11006,lí thuyết hóa,lý thuyết hóa
11007,tâm thế
11008,vật nhân tạo,đồ nhân tạo
11009,Tin Lành,đạo Tin Lành,Tin lành,đạo Tin lành,Tin Lành giáo,Tin lành giáo
11010,lí thuyết khoa học,lý thuyết khoa học
11011,thế giới bên kia,cõi âm,âm
11012,vật thế,chân thế,cái thay thế,chân thay thế,vật thay thế,đối tượng thay thế
11013,từ học
11014,chướng ngại,chướng ngại vật,rào chắn,rào cản,trở lực,trở ngại,vật chướng ngại,vật cản
11015,thiên văn học,thiên văn,ngành thiên văn
11016,kì tài
11017,số cử tri,số lượng cử tri
11018,thế giới tâm linh,thế giới thuộc linh
11019,tưởng tượng,trí tưởng tượng sự tưởng tượng
11020,thuyết tương đối
11021,sự phân biệt,sự khu biệt
11022,tâm lí học thực nghiệm
11023,người kế vị,vật thay thế,người nối nghiệp,người nối ngôi,người thừa tự
11024,vật lí hạt nhân
11025,sự thiên vị,sự thiên lệch,sự phiến diện
11026,Công giáo,Công giáo La Mã,Công giáo Rô-ma,Công giáo Rôma,Nhà thờ La Mã,Nhà thờ Rô-ma,Thiên Chúa giáo,Thiên chúa giáo,đạo Công giáo,đạo Thiên Chúa
11027,không sáng tạo,sự không sáng tạo
11028,vô minh,sự vô minh,sự hiểu nông,sự nông cạn,sự lớt phớt,sự hời hợt,sự hiểu bề mặt,sự cưỡi ngựa xem hoa
11029,tục,lệ,tập tục,tập quán,tục lệ,phong tục
11030,ba phải,hai phải,quan điểm nước đôi
11031,cách nhìn,cách nhìn nhận,góc nhìn,lập trường,não trạng,quan điểm,thái độ
11032,địa hóa học
11033,thứ thay thế xoàng xĩnh,cái tồi,vật tồi
11034,mối quan tâm,mối bận tâm,mối trăn trở,mối bận lòng
11035,ví dụ,thí dụ
11036,tung độ,đường tung
11037,nhân khẩu học
11038,tính tọc mạch,tính thọc mạch,tính thóc mách,tính hay tò mò
11039,ngu,dốt,tối,vô minh,tối tăm,tăm tối,ngu muội,ngu xi,mu muội,sự vô minh,sự tối tăm,sự tăm tối,sự ngu muội,sự ngu xi,sự mu muội
11040,đạo hàm
11041,tiên tri,lời tiên tri,lời đoán trước
11042,tâm,trung tâm,tâm điểm,trọng tâm
11043,chiều hướng chung,nội dung chính,tinh thần chung,ý bao quát,ý chính,ý khái quát,ý lớn,ý nghĩa chung,đại ý
11044,nhạt,vị nhạt
11045,đau,đau đớn,sự đau,sự đau đớn
11046,xây dựng dân dụng,xây dựng cầu đường,ngành xây dựng dân dụng,ngành xây dựng cầu đường
11047,trực tràng học
11048,thính lực,khả năng nghe
11049,lập luận,lí lẽ,lý lẽ,lí luận,lý luận
11050,từ nguyên học,ngành từ nguyên học
11051,động vật học
11052,tâm thần học
11053,tâm sinh lí học,khoa học tâm sinh
11054,tác nhân,sự ảnh hưởng
11055,sự lẫn lộn,sự nhầm lẫn
11056,số học
11057,thứ nhỏ nhặt nhất,thứ nhỏ nhất,thứ nhỏ nhặt,chuyện nhỏ,chuyện vặt
11058,sự tín ngưỡng,sự tu hành
11059,chủ nghĩa không can thiệp,chủ nghĩa bất can thiệp
11060,thầy,người thầy,thầy giáo,giáo viên,người giáo viên
11061,sự tính,sự tính toán
11062,đại lượng
11063,thuyết chiêu hồn,thuyết kiêu hồn,thuyết gọi hồn,thuyết nhập hồn,thuyết ngoại cảm
11064,thực vật học
11065,động lực học
11066,nhột,buồn,tê,nhột nhoạt,cảm giác kiến bò
11067,cực,phía
11068,điện hóa học,điện hóa
11069,nhi khoa,khoa nhi
11070,kích thích khu biệt
11071,bản mẫu,cái tiêu biểu,cái điển hình,hình mẫu,kiểu mẫu,mẫu,mẫu mực,điển hình
11072,ác mộng,cơn ác mộng,giấc mơ kinh hoàng
11073,thông tin,tri thức
11074,quy tắc cơ bản,quy tắc cơ bản,nguyên tắc cơ bản
11075,triết lí sống,triết lí,cách xử thế,cách đối nhân xử thế
11076,định kiến,thành kiến,thiên kiến,sự định kiến,sự thành kiến,sự thiên kiến
11077,sự thoái bộ,sự thoái lui
11078,mĩ thuật,mỹ thuật,nghệ thuật tạo hình
11079,năng lực vượt trội,khả năng vượt trội
11080,công thức,quy tắc
11081,chủ nghĩa dân túy
11082,mô hình thu nhỏ
11083,sự soi dẫn thiên thượng,sự hà hơi của Chúa
11084,dịch tự động,dịch máy
11085,giải pháp,cách giải quyết
11086,ý niệm
11087,kiến trúc học,ngành kiến trúc,ngành kiến trúc học,thuật kiến trúc
11088,kế hoạch sơ bộ,đề cương
11089,niềm tin,sự tin tưởng,sự trông cậy,tin tưởng,đức tin
11090,hợp thể,tổng thể
11091,tiền giả định,mặc định
11092,tọa độ
11093,chế độ điều trị,chế độ trị liệu,chế độ ăn uống,chế độ dinh dưỡng
11094,căn bản,cơ sở,nền,nền móng,nền tảng
11095,quan niệm sai,nhận thức sai
11096,sinh thái học
11097,vết mờ,vệt mờ,thoáng qua,thoáng mờ
11098,nha khoa
11099,cơn đau nhói,cơn nhức nhối,sự đau nhói,sự nhức nhối
11100,thủy động lực học,thủy động học,động lực học chất nước
11101,sự thận trọng,sự cẩn thận
11102,thuật bói đất,môn bói đất
11103,chủ nghĩa dân tộc,dân tộc chủ nghĩa
11104,thuật bói,thuật tiên đoán,thuật tiên tri,thuật bói toán
11105,biến số,biến,đại lượng biến thiên
11106,phản ứng
11107,áp suất,sức ép
11108,thuật toán,ăng-go-rít
11109,kế hoạch hành động
11110,niềm tin độc thần,chủ nghĩa độc thần
11111,khoa tướng sọ,não tướng học
11112,khoa phẫu thuật,ngành phẫu thuật,phẫu thuật,ngoại khoa
11113,thủy tĩnh học
11114,kiến thức phổ thông,kiến thức thưởng thức,kiến thức đại chúng,kiến thức bàn trà,tri thức phổ thông,tri thức thưởng thức,tri thức đại chúng
11115,danh tiếng,tiếng,danh
11116,vị ngon,hương vị ngon,mùi vị ngon,mùi ngon
11117,quan niệm,tư tưởng,ý kiến,ý nghĩ,ý tưởng
11118,xúc giác
11119,cục diện
11120,vốn,kho,khả năng
11121,vườn Eden,vườn địa đàng
11122,địa lí tự nhiên,địa lý tự nhiên
11123,trở ngại bất ngờ
11124,sự kính trọng,sự kính vì,sự tôn kính,sự kính nể,sự nể trọng
11125,dạng,hình thức,mô hình
11126,hệ số tương quan
11127,gương,tấm gương,hiện thân,gương sáng,gương điển hình,gương tiêu biểu,tấm gương điển hình,tấm gương tiêu biểu,ví dụ điển hình,ví dụ tiêu biểu
11128,mô hình,mẫu,kiểu
11129,linh tính,linh cảm
11130,nghệ thuật
11131,hình học xạ ảnh
11132,mốt,mode,giá trị mode
11133,quan điểm chính trị,thái độ chính trị,khuynh hướng chính trị
11134,chủ nghĩa trực giác,thuyết trực giác,chủ nghĩa duy tâm cực đoan
11135,chí,chí hướng,ý chí
11136,kiến trúc,ngành kiến trúc
11137,Ba-ra-đi,Sion,Utopia,Zion,nước Chúa,nước Trời,nước thiên đàng,nước Đức Chúa Trời,thiên quốc,thiên đàng,thiên đường,vương quốc Chúa
11138,chủ nghĩa nhân văn,chủ nghĩa nhân bản,nhân bản luận
11139,điều tra,thanh tra,khảo hạch,cuộc điều tra,việc thanh tra,cuộc khảo hạch
11140,ý,lối,cách
11141,dịch tễ học
11142,cổ sinh vật học
11143,ngữ pháp
11144,mẫu,mẫu vật,tiêu bản
11145,trí thông minh,trí khôn,trí óc,trí lực,trí năng
11146,quan niệm,phương diện,trạng thái
11147,não,đầu,óc,đầu óc
11148,chủ nghĩa sinh tồn dân tộc,chủ nghĩa hiện sinh,hiện sinh chủ nghĩa,triết học hiện sinh
11149,điện tử học,ngành điện tử
11150,phép tính toán,thuật toán,thuật toán số,giải thuật số
11151,điện từ học
11152,nhận biết,nhận thức
11153,sự khôn ngoan,khôn ngoan,sự minh triết,tính minh triết,sự khôn sáng,trí khôn
11154,thống kê,ngành thống kê,khoa học thống kê
11155,trí nhớ,trí tưởng
11156,vị giác
11157,lời dạy,lời răn,điều răn,huấn lệnh,lời giáo huấn,bài học
11158,cơ học,cơ
11159,việc học,sự học hỏi,sự thụ đắc,sự tiếp thu,sự thu nhận,sự chiếm lĩnh,sự thu nạp
11160,sự tự vấn lương tâm,tự vấn lương tâm,tra xét lương tâm,xét mình
11161,đối tượng tri giác
11162,lịch,kế hoạch,lịch làm việc,bản kế hoạch làm việc
11163,lương thức,hiểu biết thông thường,hiểu biết cơ bản,cảm thức lẽ thường,cảm thức thông thường
11164,tương nhiệm,bản sao,người tương nhiệm,vật tương ứng
11165,dược học,ngành dược
11166,nhận thức thính giác,tri giác thính giác,nhận thức âm thanh,tri giác âm thanh
11167,thân nhiệt,nhiệt độ,nhiệt độ cơ thể
11168,nội quan,nội soi,sự tự nhìn nhận,sự tự soi xét,sự tự tra xét
11169,phương pháp học,phương pháp luận
11170,hạn chế,giới hạn
11171,cách hiểu,sự hiểu
11172,khẳng định thêm,xác minh,xác thực
11173,phân tích,phân chia,sự phân tích,sự phân chia
11174,ảo ảnh bóng,bóng ma,cái bóng
11175,khuynh hướng thiên về,xu hướng thiên về
11176,khả năng phản ứng nhanh,sự phản ứng nhanh,sự nhạy bén,sự nhậy bén
11177,việc cảm nhận âm nhạc,việc thẩm thấu âm nhạc
11178,hiểu biết,nhận thức,sự hiểu biết,sự nhận thức,sự ý thức,ý thức
11179,tổng hợp sự kiện,liên kết sự kiện,kết hợp sự kiện
11180,chuyển giao,áp dụng,ứng dụng,sự áp dụng,sự ứng dụng
11181,lượng đẳng trị,vật đẳng trị,giá trị tương đương,cái tương thích,cái tương đương
11182,tác nhân khuyến khích,tác nhân kích thích
11183,chủ nghĩa diều hâu
11184,óc suy xét,óc phán xét
11185,kĩ xảo,kỹ xảo,sự điêu luyện,sự khéo léo
11186,chiều,chiều hướng,hướng,khuynh hướng,thiên hướng,xu hướng
11187,tháp ngà
11188,chủ nghĩa vô thần,thuyết vô thần,vô thần luận
11189,truy tìm,săn lùng,truy lùng,tìm kiếm,cuộc truy tìm,cuộc săn lùng,cuộc truy lùng,cuộc tìm kiếm
11190,hệ thống động lực,hệ động lực
11191,di truyền học,khoa học di truyền
11192,quan hệ tương quan
11193,cảnh,cảnh tượng,khung cảnh,quang cảnh
11194,công nghệ sinh học,ngành công nghệ sinh học,biotech
11195,phong bế thần kinh,cú phong bế thần kinh
11196,chứng hay quên,tính hay quên,bệnh đãng trí
11197,lí thuyết,lí luận
11198,trí tuệ nhân tạo,ngành trí tuệ nhân tạo
11199,ngụy khoa học,giả khoa học
11200,ma thuật,pháp thuật,phép thuật,yêu thuật,quỷ thuật,bí thuật
11201,cơ sở,nguyên lí
11202,phương pháp mới,ngón,mánh,chiêu
11203,phân tách
11204,nhiệt hóa học
11205,khoa học,ngành,ngành khoa học
11206,thuyết cơ giới,chủ nghĩa máy móc
11207,ý niệm hóa,sự ý niệm hóa
11208,khung tham chiếu,khung
11209,thống kê thông số
11210,mô típ,đề tài,chủ đề
11211,sự bất dung
11212,đặc điểm,đường nét
11213,kiến trúc Gothic,kiến trúc Gô - tích
11214,chủ nghĩa vô thần,sự vô thần,chủ trương vô thần
11215,lí thuyết thông tin
11216,mẫu mực,tuyệt phẩm,sự tuyệt hảo
11217,điểm,hạng,điểm số
11218,phương án mặc định
11219,ngứa,cảm giác ngứa
11220,âm vị học
11221,cảm hứng,nguồn cảm hứng
11222,âm bội
11223,cơ học chất khí,cơ động lực học
11224,chủ nghĩa hành vi,tâm lí học hành vi
11225,sự thiếu năng lực,tình trạng thiếu năng lực,tình trạng thiếu khả năng
11226,khoa học trái đất,khoa học về trái đất
11227,nguồn vui,cây hài
11228,chuyên mục,đề mục,đầu đề
11229,trí khôn,trí thông minh,thần tính,thần trí
11230,khả năng ngôn ngữ,năng lực ngôn ngữ,năng lực tiếng
11231,chuẩn,chuẩn mực,chuẩn tắc,khuôn vàng thước ngọc,mẫu mực,quy chuẩn
11232,trách nhiệm,sứ mạng,sứ mệnh
11233,phần tử dữ liệu,mẩu dữ liệu
11234,biến ngẫu nhiên
11235,sự dám chắc,sự chắc chắn
11236,cảm giác,cảm nghĩ,cảm nhận,cảm tưởng,quan điểm,suy nghĩ,ý kiến,ấn tượng
11237,tháp bài,bong bóng
11238,khảo cổ học
11239,hình thức nghệ thuật,loại hình nghệ thuật
11240,âm học
11241,hệ luận
11242,chủ nghĩa chủ quan,chủ quan chủ nghĩa
11243,chủ nghĩa siêu tự nhiên
11244,tích phân
11245,tổng thể,cái tổng quát
11246,nguyên lí,nguyên lý,nguyên tắc,quy tắc,định luật
11247,sự khái quát hóa,sự suy rộng
11248,đạo đức học
11249,tâm lí học tri nhận
11250,lí do,lý do,căn cứ,cơ sở
11251,đối số
11252,chủ nghĩa lãng mạn,lãng mạn chủ nghĩa,trào lưu lãng mạn,lãng mạn luận
11253,phần,thành phần,phần hợp thành,nhân tố,yếu tố
11254,lí thuyết tập hợp,thuyết tập hợp
11255,gai,dằm,cái gai,cái dằm
11256,kế hoạch,dự án,đề án
11257,lập luận,cách lập luận
11258,năng khiếu,tài năng thiên phú,năng lực thiên phú,tài thiên bẩm,năng lực trời cho
11259,lãnh vực,lĩnh vực,môn,ngành,phạm vi
11260,chủ nghĩa duy tâm,duy tâm luận
11261,chủ đích,chủ định,mục đích,ý định
11262,ngẫu hứng,tùy biến giải quyết
11263,ngã tư đường,ngã ba đường
11264,nội khoa,khoa nội
11265,bóng ma,u hồn
11266,chuyện,việc,thứ,câu chuyện
11267,hồi ức,kí ức,kỉ niệm
11268,bồng lai,chốn bồng lai,chốn bồng lai tiên cảnh,chốn thiên tiên,chốn thần tiên,chốn tiên thiên,cung tiên,thế giới thần tiên,thế giới tưởng tượng,tiên cảnh,tiên giới,xứ sở thần tiên,đào nguyên
11269,quy kết,kết luận
11270,cấu hình mạng,đồ hình mạng
11271,bên,cạnh,góc cạnh,khía cạnh,mặt,phía,phương diện
11272,điều kiện đối chứng
11273,toán ứng dụng,toán học ứng dụng
11274,kiến trúc Gothic Anh,kiến trúc Gô-tích Anh
11275,phía,phần
11276,ngữ nghĩa học
11277,mục đích cuối cùng,mục tiêu tối thượng,mục đích tối thượng
11278,hóa học hữu cơ,hóa hữu cơ
11279,năng lực nhận thức,khả năng nhận thức
11280,hiểu biết,tầm hiểu biết,tầm nhận thức,phạm vi hiểu biết
11281,hình ảnh trong tâm trí,hình dung trong tâm trí,ấn tượng,hình ảnh,hình dung
11282,bội số,bội
11283,rắc rối,vấn đề
11284,toán,toán học
11285,chướng ngại,thử thách,thách thức
11286,nông học,khoa học nông nghiệp
11287,triết học luật pháp
11288,mưu,âm mưu,mưu đồ,mưu mô,mưu tính
11289,kĩ thuật xây đắp thành lũy,thuật xây đắp thành lũy,kĩ thuật xây thành đắp lũy,thuật xây thành đắp lũy,kĩ thuật xây công sự,thuật xây dựng công sự,sự xây công sự
11290,nhận ra,nhận biết
11291,ma thuật,quỷ thuật,quỉ thuật,tà đạo,phép phù thủy,trò phù phép,trò ma thuật
11292,phép tính vi phân
11293,ý tưởng,suy nghĩ
11294,ánh sáng,công luận
11295,ác cảm,phản đối,phủ nhận
11296,ngữ văn,Ngữ văn học,ngành Ngữ văn,ngành Ngữ văn học
11297,sự câu kết,sự thông đồng
11298,phác họa,phác họa chân dung
11299,lĩnh vực,chuyên môn
11300,hệ thần học,thần học
11301,tiếng kêu gọi,lời kêu gọi
11302,sự không tin,sự không tin tưởng
11303,tầng,lớp
11304,trí tuệ,trí óc,đầu óc,óc
11305,sự bao dung,sự khoan dung,sự tha thứ,lòng khoan dung,lòng vị tha
11306,khiếu,năng khiếu bẩm sinh,tài năng bẩm sinh
11307,luân lí,luân lý,đạo đức
11308,phép biện chứng,phương pháp biện chứng,biện chứng pháp,biện chứng
11309,côn trùng học
11310,ảo tưởng,mơ tưởng,mộng tưởng,sự ảo tưởng,sự mơ tưởng,sự mộng tưởng
11311,sự do dự,sự lưỡng lự,sự phân vân
11312,sự sáo mòn,sự nhạt nhẽo,sự tẻ nhạt,sự nhàm chán
11313,biểu trưng tinh thần
11314,sinh lí học,sinh lí
11315,mơ ước hão huyền,hi vọng hão huyền,hy vọng hão huyền,mơ ước hão
11316,hệ thống,hệ quy tắc
11317,hoạt cảnh
11318,kĩ thuật sinh học,kỹ thuật sinh học,sinh kĩ thuật,sinh kỹ thuật
11319,sự chú ý,sự theo dõi
11320,quy tắc ứng xử,quy tắc đạo đức,bộ quy tắc ứng xử
11321,quan điểm,con mắt,mắt
11322,hiện tượng luận,hiện tượng học
11323,cẩm nang,nguyên tắc chỉ đạo,điều tin tưởng
11324,chủ nghĩa vị kỉ,chủ nghĩa vị kỷ,thuyết vị kỉ,thuyết vị kỷ
11325,cảm thức ngôn ngữ,ngữ cảm
11326,sự giả thiết,sự giả định,điều được giả định
11327,mánh khóe,mánh lới,mưu mẹo,ngón lừa đảo,ngón xảo quyệt
11328,dáng,kiểu,kiểu dáng,loại,mô đen,mốt
11329,yếu tố quyết định,nhân tố quy định
11330,sự toàn tâm toàn ý,sự bận trí
11331,kiểu người,loại người,thứ,đồ,giống,hạng,nhà
11332,vị trí tiên phong,vị trí dẫn đầu,vị trí đứng đầu
11333,Bát chính đạo,thiền,zen
11334,tư tưởng không chính thống,thuyết không chính thống,dị giáo
11335,địa lí,địa lý,địa lí học,địa lý học,ngành địa lí,ngành địa lí,khoa địa lí,khoa địa lý,môn địa lí,môn địa lý
11336,trạng thái tỉnh táo
11337,tài,điệu nghệ,điêu luyện
11338,sự xét mình,sự tra xét lương tâm,sự truy vấn lương tâm
11339,sự sắc sảo,sự sắc bén,óc sắc sảo,óc sắc bén
11340,việc,điều,mục tiêu,vấn đề,sự việc,công việc
11341,thuyết huyền bí,khoa huyền bí
11342,chí hướng,hướng suy nghĩ,hướng tư duy
11343,bản năng
11344,sự lưu loát,sự trôi chảy
11345,bề mặt,bề ngoài,bề nổi,bên ngoài
11346,người,cái
11347,nhân chủng học,nhân loại học
11348,thăm dò dư luận,cuộc thăm dò dư luận,điều tra dư luận,cuộc điều tra dư luận,khảo sát xã hội,thăm dò xã hội,điều tra xã hội
11349,nền,cảnh,hậu cảnh
11350,học tập,sự học,sự học tập,sự nghiên cứu,việc học,việc học tập,việc nghiên cứu
11351,ngơ,ngất,ngơ ngơ,bất tỉnh,mê man,sự ngơ ngơ,sự bất tỉnh,sự mê man
11352,tam đoạn luận
11353,đọc,đọc hiểu,việc đọc
11354,chứng minh,biện luận,việc chứng minh,việc biện luận
11355,từ vựng học,ngành từ vựng
11356,đường hướng,đường lối,chủ trương
11357,xú-vơ-nia,vật kỉ niệm,đồ kỉ niệm,đồ lưu niệm,vật lưu niệm,souvenir
11358,trải nghiệm,kinh nghiệm,sự trải nghiệm
11359,khả năng thiên phú,khả năng thiên bẩm,khả năng phi thường,khả năng phi phàm,khả năng trí tuệ thiên phú,khả năng trí tuệ thiên bẩm,khả năng trí tuệ phi thường,khả năng trí tuệ phi phàm
11360,thẩm định,giám định,đánh giá
11361,sự nghiền,sự ngẫm,sự suy,sự nghiền ngẫm,sự suy ngẫm
11362,trục,trục tọa độ
11363,thử nghiệm,sự thử nghiệm,phép thử
11364,đạo Hồi,Hồi giáo,đạo I-xlam,đạo của Mô-ha-mét
11365,lí,vật lí,vật lí học,ngành vật lí
11366,lĩnh vực kiến thức,lãnh vực kiến thức,phạm vi kiến thức
11367,tâm lí học
11368,văn,Văn học,ngành Văn,ngành Văn học
11369,tinh chất,tinh túy,tinh hoa,cốt
11370,tiềm năng,khả năng tiềm ẩn,năng lực tiềm ẩn
11371,thuyết nhị nguyên
11372,vấn nạn
11373,viễn thông
11374,không,0,số không,độ không
11375,vị chua,chua
11376,thế giới,hiện thực
11377,phép,phép tắc,luật,luật của tự nhiên
11378,kĩ thuật điều khiến máy bay,kỹ thuật điều khiển máy bay,kĩ thuật lái máy bay,kỹ thuật lái máy bay
11379,cái đẹp,cái hay
11380,ý,ý muốn
11381,nhị thức
11382,sự sai lầm,ý kiến sai lầm
11383,kiến thức dân gian,tri thức dân gian
11384,hương trầm,nhang,hương,trầm
11385,hồi quy
11386,kĩ năng,kỹ năng tài
11387,phiên bản,biến thiên
11388,yếu tố không đổi
11389,phân tích mt mã,giải mã học
11390,đoạn,khoảng,trong khoảng
11391,chủ nghĩa dân chủ,khuynh hướng dân chủ
11392,phương kế,kế,chiến lược
11393,nhận thức luận
11394,sự ràng buộc,ràng buộc
11395,thể,khối,chỉnh thể,thể thống nhất,khối thống nhất
11396,nghệ thuật trình diễn,nghệ thuật biểu diễn
11397,năng lực trí tuệ,trí não,trí thông minh,trí tuệ,trí óc,tâm não,tâm trí,tâm tưởng,đầu óc
11398,du hành vũ trụ học
11399,chủ nghĩa nhân đạo,nhân đạo chủ nghĩa
11400,niềm tin đa thần,thuyết đa thần
11401,huyền học,đạo thần bí
11402,điều thần kì,điều phi thường
11403,giao điểm,điểm giao
11404,thủy văn học
11405,nghĩa sở chỉ,nghĩa biểu vật,nghĩa sự vật,ý nghĩa sở chỉ,ý nghĩa biểu vật,ý nghĩa sự vật
11406,ngành địa chất,địa chất học,địa chất
11407,suy luận,phép suy luận
11408,mẫu,gương,gương mẫu,mẫu gương
11409,đam mê,niềm đam mê,niềm yêu thích
11410,năng khiếu,thiên tư,thiên bẩm,thiên tính
11411,ngôn ngữ học,ngành ngôn ngữ học
11412,chủ đề,vấn đề
11413,chủ nghĩa hoài nghi,thuyết bất khả tri
11414,phút lóe sáng,thông minh đột xuất
11415,sách lược,chiến lược
11416,lúng túng,sự lúng túng,bối rối,sự bối rối
11417,viễn cảnh,kì vọng,dự kiến,dự báo
11418,Quy Tắc Vàng,bài giảng trên núi
11419,dư luận,dân ý,miệng lưỡi thế gian
11420,trường nhìn,tầm nhìn,tầm mắt
11421,sự phân biệt,phân biệt
11422,giáo lí,giáo lí thần học,giáo lý,giáo điều,học thuyết thần học,tín điều
11423,giấc mơ,giấc mộng,mơ,mộng,điều mơ tưởng,điều mơ ước,ảo mộng
11424,sự lắng nghe
11425,kiến thức chung,kiến thức phổ thông,kiến thức phổ cập,kiến thức cơ bản,kiến thức căn bản,kiến thức bách khoa
11426,ước muốn,mong muốn,mong ước,ước nguyện
11427,đạo hàm riêng
11428,ảo ảnh,ảo tượng,ảo vọng,ảo mộng,mộng ảo,mộng tưởng
11429,tìm,tìm kiếm,kiếm tìm,tìm tòi
11430,sự uyên bác,sự uyên thâm,sự tinh thông,kiến thức uyên bác,học vấn uyên bác,sự thần thông quảng đại
11431,dữ kiện,thông tin,bằng chứng
11432,thuyết tiến hóa
11433,kinh tế học,ngành kinh kinh tế học
11434,nét nổi bật,figure
11435,phép ngoại suy
11436,khó khăn,trở ngại,sự cản trở
11437,mô hình nhiều màu sắc biến ảo
11438,mùi,hương,mùi hương,xạ,hơi,mùi hơi
11439,sự chọn,sự được chọn,sự lựa chọn,sự chọn lựa
11440,hương vani,vani
11441,hình học giải tích
11442,sự thờ ơ,sự dửng dưng,sự hờ hững,sự hững hờ,sự thiếu quan tâm,sự lãnh đạm
11443,nguyên tắc tổ chức Gestalt,nguyên lí tổ chức Gestalt
11444,lí tính
11445,ngành luyện kim
11446,quá trình tri nhận cơ bản
11447,điển mẫu,kiểu mẫu,hình ảnh thu nhỏ,hình ảnh
11448,lí tưởng
11449,nhạc,tiếng nhạc
11450,tập trung,sự tập trung,khả năng tập trung,năng lực tập trung
11451,kĩ thuật,ngành kĩ thuật,khoa học kĩ thuật,khoa học ứng dụng,ngành khoa học kĩ thuật,ngành khoa học ứng dụng
11452,hoành độ
11453,ngóc ngách,ngõ ngách
11454,binh lược,binh pháp,chiến lược,chiến lược quân sự
11455,biểu hiện,dấu hiệu
11456,cảm giác da
11457,bậc nhất
11458,cảm thức,cảm thụ,thụ cảm
11459,sự quấy rày,sự quầy rầy,sự làm phiền
11460,nhiệt động lực học
11461,chân lí,chân lý,lẽ phải,sự thật
11462,lượng tử,quantum
11463,ngành tài chính,tài chính học
11464,phả hệ học
11465,óc thẩm mĩ,khiếu thẩm mĩ,óc thẩm mỹ,khiếu thẩm mỹ
11466,chủ nghĩa động vật
11467,nghi thức,lễ nghi,nghi lễ,lễ nghĩa
11468,quy tắc sống,nguyên tắc sống,quy tắc cư xử,nguyên tắc cư xử
11469,khoa mắt,ngành mắt,nhãn khoa
11470,chủ nghĩa nhất nguyên,thuyết nhất nguyên,nhất nguyên luận,chủ nghĩa đơn nguyên
11471,tội phạm học
11472,Thành Thánh,Thành Đức Chúa Trời,Jerusalem Mới,Giê-ru-sa-lem mới,Thành Si-ôn,Thành Zion
11473,tim,trái tim,con tim,lòng
11474,giản đồ,sơ đồ,lược đồ
11475,đại số,đại số học
11476,dân tộc kí,dân tộc ký
11477,việc,chuyện,vấn đề,trách nhiệm,phận sự
11478,thuyết tất định
11479,cảm nhận thị giác,thị giác
11480,địa lí kinh tế,địa lý kinh tế
11481,chủ nghĩa xã hội,xã hội chủ nghĩa
11482,địa hình học,phép đo vẽ địa hình
11483,hóa lí,ngành hóa lí,hóa lý,ngành hóa lý
11484,óc sáng tạo,sức sáng tạo,năng lực sáng tạo,tư duy sáng tạo
11485,công nghệ sinh học,công thái học,sinh lí lao động,ergonomics
11486,lề thói,lối,nếp,phong tục,thói,tập quán,tập tục,tục,văn hóa
11487,thi học
11488,chủ nghĩa khoái lạc khoái lạc chủ nghĩa
11489,kinh thánh,thánh kinh,tín ngôn
11490,chủ nghĩa duy vật,duy vật chủ nghĩa,physicalism
11491,thần thoại học,khoa thần thoại
11492,chủ nghĩa thực dụng,chủ nghĩa hành động
11493,trường phái kiến trúc,phong cách kiến trúc,kiểu kiến trúc
11494,thực trạng
11495,chiến lược,chính sách
11496,sự cản trở,sự ngăn trở,sự ngăn cản,sự cản ngăn
11497,suy luận diễn dịch
11498,sự sắc sảo,sự tinh khôn,sự giảo hoạt,tính giảo hoạt
11499,cảm giác nhột,cảm giác buồn,cảm giác nhồn nhột,cảm giác buồn buồn
11500,phép ngụy biện,lời ngụy biện,ngụy biện
11501,phương pháp giảng dạy,phương pháp dạy học,sư phạm,phương pháp sư phạm
11502,lâm sinh học,ngành lâm sinh
11503,sự ấu trĩ,sự giáo điều
11504,học thuyết,thuyết,giáo lí,niềm tin
11505,phương pháp thống kê
11506,mĩ học,mỹ học,thẩm mĩ,thẩm mĩ học,thẩm mỹ,thẩm mỹ học
11507,thuộc tính,tính,tính chất
11508,cơ đốc giáo,kitô giáo,thiên chúa giáo,đạo cơ đốc,đạo kitô
11509,chủ nghĩa bành trướng
11510,phong trào Tin Lành
11511,điều kiện tối cần thiết,điều kiện tiên quyết,điều kiện nhất thiết phải có
11512,hình thái học
11513,nhân chủng học xã hội
11514,ngoại hình,vẻ ngoài,vẻ bề ngoài
11515,ý tưởng hoang đường,suy nghĩ kì cục,ý tưởng điên rồ
11516,xét nghiệm chẩn đoán
11517,tái thẩm định,tái định giá,việc đánh giá lại,việc thẩm định lại,việc tái định giá,việc tái thẩm định
11518,sự thể hiện cụ thể
11519,phần cốt lõi,phần cốt yếu,phần chính yếu,phần trọng yếu,cốt lõi,nòng cốt
11520,trạng thái tri nhận,não trạng
11521,sự đoán,sự phỏng đoán,sự suy đoán,sự đoán định
11522,trục tung
11523,văn hóa,thị hiếu
11524,không hay,không biết,không hay biết,sự không hay biết,sự bất tri nhận,bất tri nhận
11525,dư vị
11526,lí thuyết,lý thuyết
11527,tích,tích số
11528,voodoo,lễ Voodoo
11529,trọng tâm,mục đích phấn đấu,định hướng
11530,trung vị,số trung vị,giá trị trung vị,mê-đi-an,giá trị mê-đi-an,median
11531,sức,khả năng,trình
11532,sự phân biệt vùng miền,chủ nghĩa phân biệt vùng miền,chủ nghĩa địa phương
11533,chủ nghĩa tự do,tự do chủ nghĩa
11534,sự sâu sắc,sự thâm thúy
11535,nghiên cứu,tìm hiểu,tìm tòi,tra cứu
11536,kỉ luật,kỷ luật,khuôn phép
11537,vector tổng
11538,thuyết đa nguyên,đa nguyên luận
11539,thế giới quan,nhân sinh quan
11540,chủ nghĩa tôn vật,chủ nghĩa bái vật,chủ nghĩa thờ vật,đạo thờ vật
11541,Elysium,đồng Elysium,cánh đồng Elysium
11542,thuyết cứu cánh,thuyết mục đích,mục đích luận
11543,địa tầng học
11544,tin học,khoa học máy tính,khoa học điện toán
11545,tập hợp,tập kết,tụ họp
11546,thuyết duy cảm
11547,dị giáo,tà thuyết,tín ngưỡng không chính thống
11548,thuật chiêm tinh,chiêm tinh học
11549,chủ nghĩa duy thực,chủ nghĩa duy thực thuần phác,duy thực thuần phác,thuyết duy thực,thuyết duy thực thuần phác
11550,giềng mối,kỉ cương,nguyên tắc,phép,phép tắc,quy tắc
11551,năng lực bẩm sinh,khả năng thiên bẩm
11552,chỗ,nơi,chốn,góc
11553,huyết học
11554,khoa sọ
11555,chuyên ngành
11556,mạng,giàn
11557,triết thuyết,học thuyết triết học
11558,chủ nghĩa quân phiệt
11559,nghịch cảnh,tình huống éo le
11560,lão khoa
11561,nhắc nhở,điều nhắc nhở
11562,lâm nghiệp
11563,giải tích,toán giải tích
11564,quyết định,kết luận
11565,mơ màng,lãng đãng,sự mơ màng,sự lãng đãng
11566,sự thiếu chú ý,mất tập trung
11567,kinh nghiệm chủ nghĩa,chủ nghĩa kinh nghiệm
11568,triết học
11569,hương thơm,mùi thơm
11570,ngôn ngữ,năng lực ngôn ngữ
11571,hướng đi,hướng phát triển,khuynh hướng phát triển,xu hướng phát triển
11572,khí hậu học
11573,lượng giác,lượng giác học
11574,phương sách,sách lược,chiến thuật,binh pháp
11575,khoa học về sự sống,sinh học
11576,tiếng ồn,tiếng ồn ào
11577,khuynh hướng tôn giáo
11578,sự canh chừng,sự theo dõi,sự quan sát
11579,số liệu,con số thống kê
11580,phương trình trùng phương,phương thức bậc bốn,phương thức bậc bốn trùng phương
11581,suy ngẫm,nghiền ngẫm,suy xét
11582,ý định cầu hôn,mục đích cầu hôn
11583,sự cân nhắc,sự suy xét
11584,mùi khó ngửi,mùi thối,mùi hôi,mùi hôi thối,mùi nồng nặc,uế khí
11585,mộng tinh,giấc mơ ướt,đêm mơ thấy thác đổ,bắn máy bay ban đêm
11586,kết hợp,dạng lai,hỗn hợp
11587,công nghệ thông tin,IT
11588,phần bổ sung,cái bù trừ
11589,bắt đầu,sự bắt đầu,phần đầu,mở đầu,phần mở đầu
11590,ngôn ngữ học miêu tả,ngành ngôn ngữ học miêu tả
11591,logic,lô-gíc,logic học,lô-gíc học
11592,toán học thuần túy
11593,khoa học xã hội
11594,lưu tâm,chú ý,lưu ý,để ý,sự lưu ý,sự lưu tâm,sự chú ý
11595,phân loại học,phân loại sinh vật
11596,sự chú ý,sự để ý,sự nhận biết
11597,hang động học
11598,thuật hùng biện,kĩ năng hùng biện,hùng biện
11599,thuyết tương đồng,thuyết analogy,analogy
11600,vị quắc,vị quark,hạt quắc,hạt quac,quark
11601,nhớ,hồi tưởng
11602,sự am hiểu,sự hiểu biết,sự thông thạo,hiểu biết tường tận
11603,niềm tôn trọng,niềm kính trọng,sự tôn trọng,sự kính trọng
11604,kích thích,sự kích thích,yếu tố kích thích,yếu tố kích động
11605,hồi tưởng,sự hồi tưởng
11606,khả năng thưởng thức,khả năng phán đoán
11607,công nghệ thông tin,khoa học thông tin,IP
11608,triển vọng,hứa hẹn
11609,tiếng gọi
11610,kinh tế lượng
11611,lựa chọn,phương án
11612,đặc điểm nhận dạng,đặc điểm nhận biết,đặc điểm nhận diện
11613,suy nghĩ thần bí
11614,hình học,hình
11615,diện mạo,vẻ ngoài,dáng vẻ,hình dáng,bề ngoài,dáng vẻ bề ngoài,hình dáng bên ngoài
11616,lối,thói,lệ,tục lệ
11617,rường cột,cơ sở,trụ cột
11618,đa thức
11619,chủ nghĩa cá nhân,cá nhân chủ nghĩa
11620,sự thiên kiến,sự thiên vị
11621,yếu tố tri nhận,yếu tố nhận thức
11622,hóa học vô cơ,hóa vô cơ
11623,đĩa bay,vật thể bay không xác định,UFO
11624,trục hoành
11625,thuyết duy ngã
11626,âm phủ,địa ngục,âm ti,âm ty,nơi chín suối
11627,địa vật lí,địa vật lý
11628,đạo Khổng,đạo Nho,Khổng giáo,Nho giáo
11629,sự thiếu kinh nghiệm,sự thiếu hiểu biết
11630,màu tính,mầu tính
11631,vật lí hạt
11632,công bằng,công minh,công tâm,sự công bằng,sự công chính,sự công minh,sự trung trực,sự chính trực,công minh chính trực
11633,tinh thể học
11634,sự phạm trù hóa,sự phân loại
11635,mộng hão,mơ hão,giấc mộng viển vông,mơ ước hão,ý nghĩ viển vông,mơ mộng hão huyền
11636,sự tin cậy,sự tin tưởng,sự tín nhiệm
11637,sự phiêu diêu,sự bay bổng
11638,phương án bất khả thi
11639,tông,cạ,hợp tông,hợp cạ,cái xứng nhau,cái hợp nhau
11640,tính công bằng,tính vô tư,tính không thiên vị
11641,âm đều
11642,dinh dưỡng học,khoa học dinh dưỡng,ngành dinh dưỡng học
11643,phân tích,tư duy phân tích
11644,chính trị,chính trị học,khoa học chính trị
11645,lưới ô vuông
11646,trung bình,mức trung bình
11647,lịch sử,môn lịch sử,ngành lịch sử
11648,lưu tâm,bận tâm,bận lòng,nhọc lòng
11649,điều khiển học
11650,vai chính,nhân vật chính
11651,số ghi,số đo
11652,thức ăn tinh thần,kích thích tinh thần
11653,diễn giải,giải thích,giảng giải,giảng,giải,làm cho hiểu
11654,trực giác
11655,điểm,chi tiết,tiểu tiết
11656,thuyết duy danh
11657,vô cùng bé,vcb
11658,tay nghề
11659,tính hiệu quả
11660,nhận định,đánh giá,ý kiến,nhận xét
11661,gốc tọa độ
11662,địa mạo học
11663,thạch học
11664,nghi ngờ,hồ nghi,nghi vấn,ngờ vực,nghi hoặc,nghi ngại,sự nghi ngờ,sự hồ nghi,sự nghi vấn,sự ngờ vực,sự nghi hoặc,sự nghi ngại
11665,tĩnh học
11666,dân tộc học
11667,vai,vai diễn
11668,trái đắng,thuốc đắng
11669,suy nghĩ,việc suy nghĩ,suy ngẫm,việc suy ngẫm
11670,hình học không gian
11671,sự phản động
11672,múa rối
11673,nỗi phiền toái,cái gai trong mắt
11674,hạng,kiểu
11675,chủ nghĩa phát xít
11676,cú hích,sự khuyến khích
11677,chính tả
11678,đoạn văn,đoạn text,đoạn viết,đoạn chữ
11679,hình phạt,sự trừng phạt,kỷ luật
11680,lời giải,đáp án
11681,ý tưởng,sáng kiến,phát kiến
