5193,sự ăn cắp,sự ăn cướp,sự ăn trộm,sự trộm cắp,sự cướp bóc,sự tước đoạt,sự cưỡng đoạt,sự chiếm đoạt,hành động cướp bóc
5194,giấc ngủ chập chờn,giấc ngủ mơ màng,giấc ngủ lơ mơ
5195,cú đánh trúng,cú đánh thành công
5196,chiếm gôn,sự chiếm gôn
5197,sự thả neo,sự bỏ neo,sự hạ neo,thả neo,bỏ neo,hạ neo
5198,đường bay thẳng,chuyến bay thẳng,bay thẳng
5199,chiến dịch quân sự
5200,chải
5201,trò lừa gạt,trò lừa đảo,mưu mô,mưu gian,quỷ kế
5202,phòng ngừa,ngăn ngừa,đề phòng,bảo vệ
5203,cống hiến,hiến tặng,quyên,quyên góp,quyên trợ,quyên tặng,sự cống hiến,sự hiến tặng,sự quyên góp,sự quyên góp có kí nhận,sự quyên góp có ký nhận,sự quyên trợ,sự quyên tặng,sự đóng góp,sự đóng góp có kí nhận,sự đóng góp có ký nhận,đóng góp
5204,rulet,rulết,trò rulết
5205,làm loãng,pha loãng,sự làm loãng,sự pha loãng,việc làm loãng,việc pha loãng
5206,chơi bi,bắn bi,trò chơi bi,trò bắn bi,trò chơi bắn bi
5207,điêu khắc,chạm trổ,nghệ thuật điêu khắc
5208,lãnh đạo,sự lãnh đạo
5209,sự hoàn thiện,sự hoàn thành,sự hoàn tất,sự đạt được
5210,phân tâm,phân tích tinh thần,phân tích tâm lí,phân tích học tâm lí,phân tích học tinh thần,phân tâm học
5211,đoán chữ,đố chữ
5212,sự hoàn thành,sự làm xong
5213,sự cắt,sự rạch,sự mổ,sự cắt mổ
5214,tháo hết,tháo kiệt,rút hết,rút kiệt
5215,hội thảo chuyên đề,tập huấn chuyên đề
5216,phủ,đắp,bọc
5217,đào,bới,sự đào,sự bới,sự xới,sự cuốc,sự đào bới,sự đào đất
5218,lượt truy cập
5219,liên tục,sự liên tục,tiếp tục,sự tiếp tục
5220,sự giết,sự giết chết,sự giết hại,sự sát hại
5221,ngành,nghề,giới,lĩnh vực,lãnh vực
5222,sự tăng cường,sự tăng thêm
5223,sự chiếu tướng,sự chiếu bí,sự chiếu
5224,nén,ép,thắt,siết,co
5225,thám hiểm hang động
5226,động tác chân
5227,việc kiện,việc kiện cáo,việc kiện tụng,việc tố tụng,vụ kiện,vụ kiện cáo,vụ kiện tụng,vụ tố tụng
5228,bóng bầu dục,môn bóng bầu dục,bóng rugby,môn bóng rugby
5229,điệu nhảy dân gian
5230,buôn lậu,buôn bán bất hợp pháp,buôn bán trái phép
5231,lặn,hụp,ngụm
5232,bạo động,cuộc bạo động,cuộc lật đổ,cuộc đánh đổ,cuộc đảo chánh,cuộc đảo chính,làm đổ,lật đổ,sự bạo động,sự lật đổ,sự đánh đổ,sự đảo chánh,sự đảo chính,vụ bạo động,vụ lật đổ,vụ đánh đổ,vụ đảo chánh,vụ đảo chính,đánh đổ,đảo chánh,đảo chính
5233,bắt,bắt giữ,sự bắt giam,sự bắt giữ,sự tống giam,việc bắt giữ
5234,đi khám,đến khám
5235,hành động kháng nghị
5236,đổi quân,sự đổi quân
5237,mạo hiểm,liều lĩnh
5238,rút thăm trúng thưởng,bốc thăm trúng thưởng
5239,cú đánh gần,cú đánh nhẹ
5240,nhảy múa lõa thể,nhảy múa khỏa thân
5241,sự giả vờ,sự giả bộ,sự giả đò,sự đóng kịch,sự ra vẻ
5242,cú đánh hi sinh,cú đánh hy sinh
5243,châm lửa,châm đốt,đốt cháy,sự châm lửa,sự châm đốt,sự đốt cháy
5244,chặng,chặng đường,chặng đường đi,lộ trình,quãng,quãng đường,quãng đường đi,đoạn,đoạn đường,đoạn đường đi
5245,chạy,chạy bộ
5246,kỉ lục,kỷ luật
5247,sự tương trợ quân sự,sự hỗ trợ quân sự
5248,hàng,hàng phục,quy hàng,quy phục,sự hàng,sự hàng phục,sự quy hàng,sự đầu hàng,đầu hàng
5249,sự sửa lại,sự uốn nắn
5250,phát hiện,khám phá,phát minh,phát kiến
5251,dời,chuyển,vận chuyển,di dời
5252,đi xe
5253,liên doanh
5254,phân nhánh,chia nhánh
5255,cản bóng,phá bóng,cứu bóng,sự cản bóng,sự phá bóng,sự cứu bóng
5256,gánh tạ,nâng tạ
5257,chuyển tiếp
5258,quất,quật,sự quất,sự quật,sự vuột,sự vụt,sự đánh đòn,sự đánh đập,trận đánh đòn,trận đòn,trận đòn đau,trận đòn đánh,vuột,vụt,đánh,đánh đòn,đánh đập
5259,lạm dụng thuốc,lạm dụng dược phẩm
5260,cải cách,sửa đổi,sự cải cách,sự sửa đổi
5261,nhảy dù,nhẩy dù
5262,sự cúng bái,sự cầu phúc,sự cầu nguyện,sự cầu khấn
5263,sự cải trang,sự hóa trang
5264,nông trường công xưởng hóa,kinh doanh nông nghiệp tổng hợp
5265,phát triển,phát đạt
5266,end,chốt
5267,nhảy,nhẩy
5268,sự chống cự,sự chống đối,sự kháng cự,sự đấu tranh chống lại,sự đối đầu
5269,đình công,bãi công,cuộc đình công,cuộc bãi công,sự đình công,sự bãi công
5270,hích nhẹ,lắc nhẹ
5271,bài,bài học
5272,sự ghi bàn
5273,phát hành,ấn hành,xuất bản
5274,đan vào nhau,lồng vào nhau,cài vào nhau,khớp vào nhau,mắc vào nhau,sự đan vào nhau,sự lồng vào nhau,sự kết vào nhau,sự cài vào nhau,sự mắc vào nhau,sự khớp vào nhau
5275,lỗi kĩ thuật,lỗi kỹ thuật
5276,treo lủng lẳng,treo lơ lửng,treo lửng lơ
5277,sự biểu diễn,sự trình diễn,sự diễn xuất
5278,phát hành,đưa ra thị trường,tung ra
5279,nhảy dây,nhẩy dây
5280,cúi,cúi xuống,cái cúi đầu,cái cúi xuống
5281,đánh rắm,xì hơi,đánh địt,trung tiện,vãi rắm,trung tiện,sự đánh rắm,sự vãi rắm,sự xì hơi,sự trung tiện
5282,pha chế,điều chế,phối chế,chế biến
5283,bơi bướm
5284,cống hiến,hiến dâng
5285,bọc ghế,nghề bọc ghế
5286,chế tài,luật pháp,pháp luật
5287,sự thi,sự thi đấu,sự đọ sức
5288,treo,đình chỉ,đình chỉ tạm thời
5289,gia nhập,tham gia
5290,sự chia thành cấp độ
5291,điều tra,thẩm tra,sự điều tra,sự thẩm tra,cuộc điều tra,cuộc thẩm tra
5292,ra tòa,hầu tòa
5293,môn đấu vật,đấu vật
5294,cú đánh sát thương
5295,sự cày cấy,việc cày cấy,việc canh tác,sự trồng trọt,việc trồng trọt
5296,điều thích thú,điều thú vị,chuyện thú vị
5297,chấn lột,sự chấn lột
5298,hồi lại
5299,nhìn lén,nhìn trộm,lén nhìn
5300,thuộc địa hóa,biến thành thuộc địa
5301,dời,di dời,di chuyển,dời chỗ,vận động
5302,xếp loại,phân loại,phân hạng,phân cấp,xếp hạng
5303,quân bài crib
5304,giật,hành động giật,hành động kéo,hành động lôi,kéo,lôi,sự kéo,sự lôi
5305,hẹn hò bí mật
5306,sự bắn phá,sự oanh tạc
5307,điều chỉnh,điều hòa
5308,hành vi bạo lực,hành vi vũ lực
5309,sự phòng thủ,sự phòng ngự,sự phòng vệ
5310,sự cho nghỉ việc,sự cho thôi việc,sựu miễn chức,sự sa thải
5311,cú nhảy lộn nhào,cú nhảy nhào lộn
5312,cú đánh hai chốt
5313,chiến tranh vi khuẩn,chiến tranh vi trùng
5314,diễn tập,tập trận,diễn tập chiến thuật
5315,nhảy qua
5316,sự thủ dâm,thói thủ dâm
5317,vị trí chốt gôn một,vị trí chốt gôn 1,first baseman
5318,sinh con,đẻ con
5319,ủng hộ,hậu thuẫn,hỗ trợ,tương trợ,sự ủng hộ,sự hậu thuẫn,sự hỗ trợ,sự tương trợ
5320,biểu hiện,biểu lộ,phô bày,sự biểu hiện,sự biểu lộ,sự bộc lộ,sự phô bày,sự thể hiện,thể hiện,việc biểu hiện,việc biểu lộ,việc phô bày,việc thể hiện
5321,loạt đánh qua lại
5322,thuật khấu chẩn
5323,lái xe hóng gió,chạy xe hóng gió,lái xe đi dạo,chạy xe đi dạo
5324,cuộc tấn công,cuộc đột kích,pha tấn công,sự tấn công,tấn công,đột kích
5325,sự gieo xúc xắc,sự đổ xúc xắc
5326,bất hòa,cuộc cãi cọ,cuộc cãi lộn,cuộc cãi vã,cuộc tranh cãi,cãi cọ,cãi lộn,cãi vã,hiềm khích,tranh chấp,tranh cãi
5327,phép chia
5328,sự hoãn thi hành án,sự giảm án
5329,hoạt động tình báo,hoạt động gián điệp
5330,sự thể hiện,sự biểu hiện,sự diễn xuất
5331,sự suy thoái,sự thoái hóa,sự thoái trào,sự thoái bộ,sự thoái lưu,sự tụt lùi,sự xuống dốc,sự đi xuống,sự giảm sút
5332,sự thăng tiến,sự tăng tiến
5333,đường lối,phương thức,đường lối hành động,phương hướng hành động,phương thức hành động
5334,ăn kiêng,ăn chay
5335,xoạc,xoạc dọc,xoạc chân,ngồi xoạc,ngồi xoạc chân
5336,chuyển đổi,thay,thay chỗ,thay thế,thế,thế chỗ,đổi
5337,lỗi giao bóng,sự giao bóng nhầm ô,quả bóng giao nhầm ô
5338,hắt nước,té nước,vẩy nước,vẩy tung tóe
5339,ván,ván bài
5340,cuộc chiến,cuộc chiến tay đôi,cuộc chiến đấu,cuộc chiến đấu tay đôi,cuộc so tài tay đôi,cuộc tỉ thí tay đôi,cuộc đấu,cuộc đấu sức,cuộc đấu sức tay đôi,cuộc đấu tay đôi,cuộc đọ tài tay đôi
5341,tận tụy,tận tâm,sự tận tụy,sự tận tâm,lòng tận tụy
5342,đại phẫu,đại phẫu thuật
5343,rửa,rửa ráy,tắm,tắm rửa,tắm táp,vệ sinh
5344,nuốt,nuốt chửng,nuốt gọn,động tác nuốt
5345,phá hủy chiến đấu cơ,phá hủy động cơ chiến đấu
5346,lễ phép,lễ độ,lịch sự,lịch thiệp,cử chỉ lễ phép,cử chỉ lễ độ,cử chỉ lịch sự,cử chỉ lịch thiệp
5347,viết tay,việc viết tay,viết lách
5348,chăm sóc sắc đẹp
5349,sự kết án,sự kết tội,tuyên cáo kết tội,tuyên cáo kết án,tuyên cáo buộc tội
5350,thể thao ngoại khóa,hoạt động thể thao ngoại khóa
5351,cuộc xung đột,mâu thuẫn,sự cạnh tranh,sự mâu thuẫn,sự xung đột,sự đụng chạm,sự đụng độ,xung đột,đụng độ
5352,tưới tiêu,tưới tắm,tưới,việc tưới tiêu,việc tưới tắm,việc tưới,tưới cây
5353,nhận xét,sự nhận xét,sự đánh giá,sự định giá,sự ước lượng,đánh giá,định giá,ước lượng
5354,sự sử dụng,sự dùng
5355,ơn,ân,ơn huệ,đặc ân,ân huệ
5356,trình tự tố tụng pháp định
5357,sự theo dõi,sự theo đuôi,sự bám sát
5358,trò bịp,chiêu trò
5359,sự sờ mó,sự sờ soạng
5360,kiêng,kiêng cữ,kiêng khem,tiết chế,ăn kiêng
5361,hoàn thành,hoàn tất
5362,sự rung chuyển,sự chấn động,sự rung động
5363,mổ,phẫu thuật
5364,phép xức dầu thánh
5365,do thám,thăm dò,gián điệp
5366,sự cản phá
5367,hành vi bạo hành,hành vi bạo ngược
5368,cú rơi thụp,cú rơi phịch
5369,cú quất roi,cứ quật roi
5370,nổi dậy,cuộc nổi dậy
5371,bắt đầu,khởi đầu,khởi xướng,ra mắt
5372,sự o bế,sự giam hãm,sự kiểm soát
5373,giải quyết
5374,sức quyến rũ
5375,bịp bợm,giảo kế,lừa bịp,lừa dối,lừa gạt,lừa phỉnh,lừa đảo,mánh khóe lừa bịp,mẹo lừa,ngón bịp,ngụy kế,sự bịp bợm,sự gian lận,sự lừa bịp,sự lừa dối,sự lừa gạt,sự lừa phỉnh,sự lừa đảo,trò lừa bịp,trò lừa dối,trò lừa phỉnh,ăn gian
5376,miễn xá tội,nghi thức tha tội,sự miễn tội,sự miễn xá tội,sự tha thứ tội,sự tha thứ tội lỗi,sự tha tội,sự xá tội,sự ân xá,sự đặc xá,tha thứ tội,tha thứ tội lỗi,tha tội,xá tội
5377,đòn khóa chân,miếng khóa chân
5378,hoãn,trì hoãn
5379,cú phá bi
5380,nước bước,nước chạy,nước đi
5381,cải chính,hiệu chỉnh,sửa,sửa chữa,sự cải chính,sự hiệu chỉnh,sự sửa,sự sửa chữa,sự sửa lỗi,sự sửa sai,sự đính chính,đính chính
5382,sự hút,sự hít,sự bú
5383,sự sát hại,vụ sát hại
5384,kịch hóa,sự kịch hóa
5385,mạ thiếc,tráng thiếc
5386,quay,xoay,rẽ,ngoặt,vòng
5387,sự khen thưởng,sự tưởng thưởng,thưởng,khen thưởng
5388,công bố,ban bố,sự công bố,sự ban bố
5389,nôn,mửa,ói,nôn mửa,nôn ọe
5390,ngáp
5391,trò múa rối,nghệ thuật múa rối
5392,buổi diễn tập,buổi tập dượt,buổi diễn thử
5393,sự nói xấu,sự phỉ báng,sự vu khống,sự bôi nhọ,lời nói xấu,lời vu khống
5394,thuật huyền bí,phép thuật huyền bí
5395,đi lại,việc đi lại
5396,sự bỏ dở,sự bỏ cuộc
5397,trò chơi trẻ con
5398,sự sáp nhập
5399,việc trâu chó
5400,bạt tai,tát,tát tai
5401,phương thức,cách,cách thức,biện pháp
5402,sự bắn,phát súng,xạ kích,sự phóng đi
5403,chuyển,chuyển đi
5404,cú đánh một chốt,cú đánh chiếm gôn thứ nhất
5405,hoạt động kinh doanh
5406,ném,tung,quăng,liệng,phi,vứt
5407,cử chỉ mơn trớn,cử chỉ vuốt ve,cử chỉ âu yếm,mơn man,mơn trớn,sự mơn trớn,sự vuốt ve,sự âu yếm,ve vuốt,vuốt,vuốt ve,xoa,âu yếm
5408,đo lường tâm thần,trắc lượng tâm lí
5409,sự cầm đầu,sự lãnh đạo,sự dẫn dắt,sự chỉ huy,sự đứng đầu
5410,thành công,sự thành công
5411,sự trả góp,sự trả dần,sự trả dần món nợ
5412,sự giao nhau,sự cắt nhau
5413,tẩy chay,bài xích,sự tẩy chay,sự bài xích
5414,vi phẫu
5415,giáo dục tiểu học,giáo dục sơ cấp,giáo dục cơ bản,giáo dục sơ đẳng
5416,sự cứu giúp,sự cứu trợ,sự cứu tế,sự cứu viện,sự trợ cấp
5417,sự tương đồng,sự tương tự,tính tương đồng,tính tương tự
5418,ứng dụng,sự ứng dụng,áp dụng,sự áp dụng,việc ứng dụng,việc áp dụng
5419,giao cấu,giao hợp,giao phối,làm tình,quan hệ,quan hệ tình dục,sinh hoạt tình dục,ái ân,ân ai
5420,chối,từ chối,chối từ,khước từ,chối bỏ,bác bỏ
5421,thở,thở ra
5422,chọn,lựa,lựa chọn,chọn lựa,chọn lọc,tuyển chọn
5423,gí,kẹt,kẹt xuống,nhấn,nhấn xuống,nén,nén xuống,đè,ấn,ấn xuống
5424,sự quay lại,sự quay trở lại,sự quay trở về,sự quay về,sự trở lại,sự trở về,sự trở về nhà
5425,ngăn cản,cản ngăn,ngăn trở,sự ngăn cản,sự cản ngăn,sự ngăn trở
5426,sự khơi dậy,sự khơi nguồn
5427,luộc,nấu
5428,lòng tốt,sự nhân ái,sự nhân hậu,sự nhân từ,sự tốt bụng
5429,lễ thụ phong,lễ tấn phong,lễ thụ chức
5430,quản lí chất lượng,quản lý chất lượng,kiểm soát chất lượng
5431,gập,uốn gập
5432,nhiệm vụ,phi vụ,sứ mạng,sứ mệnh,sứ vụ
5433,lẩn tránh,lẩn trốn,trốn,việc làm hả dạ,việc làm hả lòng hả dạ,việc làm mãn nguyện,việc làm thỏa nguyện,việc làm toại nguyện,việc làm vui lòng,việc làm vừa lòng,việc làm vừa ý,việc làm đã,việc làm đã đời
5434,nhóm họp,họp hành,hội họp
5435,tiêu,chi,chi tiêu,tiêu pha,tiêu tiền,chi phí
5436,đối đầu,đối địch,đương đầu,sự đối đầu,sự đối địch,sự đương đầu
5437,thành quả,việc,việc thực hiện
5438,gia cố,củng cố,tăng cường
5439,làm bị thương,làm bị đau,làm tổn thương,làm chấn thương
5440,sự thay đổi toàn bộ,sự thay đổi hoàn toàn,việc thay đổi toàn bộ,việc thay đổi hoàn toàn
5441,giữ,giữ lại,bảo lưu
5442,sự thống trị,địa vị thống trị
5443,sự bác bỏ,sự kháng nghị,sự phản kháng,sự phản đối
5444,đồ họa in khắc,đồ họa in ấn,in ấn
5445,giao phó,sự giao phó,sự ủy nhiệm,sự ủy quyền,sự ủy thác,việc giao phó,việc ủy quyền,việc ủy thác,ủy nhiệm,ủy quyền,ủy thác
5446,sải,nhịp,sải bơi,nhịp chèo
5447,mô phỏng,hình ảnh,bức tranh,sự mô phỏng
5448,định lượng
5449,lảng tránh,lẩn tránh,sự lảng tránh,sự lẩn tránh,sự lẩn trốn,sự né tránh,sự thoái thác,sự tránh,sự trốn tránh,tránh,trốn tránh
5450,sự làm sứt,sự làm mẻ,sự làm sứt mẻ
5451,biến dị,bất bình thường,hành động khác thường,động thái khác thường
5452,kí họa,vẽ vời,việc vẽ vời,việc kí họa
5453,sản xuất,sản sinh,chế tạo,sáng tác,sáng tạo,sự sản sinh,sự sản xuất,sự chế tạo,sự sáng tác,sự sáng tạo
5454,sự quay,sự quay phim
5455,sự cải thiện,sự cải tiến,sự làm cho tốt hơn,sự làm mới lại,sự sửa chữa lại,sự sửa sang,sự tiến bộ,sự tiến triển,sự đổi mới
5456,tẩy,rửa,gột,lau,dọn,tẩy rửa,gột rửa,làm sạch,lau dọn
5457,việc ăn hại,việc phá hại,việc hỏng ăn
5458,thở dốc,thở hổn hển
5459,vinh dự,vẻ vang
5460,nâng chân vuông góc,ép chân vuông góc,kip,động tác kip
5461,múa thoát y
5462,sự pha trộn,sự trộn lẫn
5463,sưu tập,sưu tầm,góp nhặt,thu gom,thu thập,tập hợp,sự sưu tập,sự sưu tầm,sự góp nhặt,sự thu gom,sự thu thập,sự tập hợp
5464,đóng gói,đóng hộp
5465,sự làm vỡ,sự làm gãy,sự làm toạc,sự làm đứt
5466,tấn công,tiến công,công kích,đột kích,phản kích,tập kích
5467,phán quyết,quyết định của tòa
5468,chạy,vận hành,khởi động,điều khiển
5469,chen lấn,chọc,huých,hích,sự chen lấn,sự xô,sự xô đẩy,sự đẩy,thúc,thọc,xô,xô đẩy,đẩn,đẩy,ẩn,ủn
5470,xâm lược,công kích,sự xâm lược,sự công kích,sự gây sự,sự gây hấn
5471,sự do thám,sự trinh sát,sự thám thính,sự dò xét
5472,lắp ghép,lồng ghép
5473,vấp,gặp,mắc,vấp phải,gặp phải,mắc phải,rơi vào
5474,dòng cuồn cuộn
5475,tiên lượng,dự đoán
5476,đòn bóp nghẹt
5477,bất ngờ,ngạc nhiên
5478,thoát li,thoát ly,khuynh hướng thoát li,khuynh hướng thoát ly
5479,sự trượt,sự đánh trượt
5480,trục xuất,đuổi
5481,tấn công,xâm phạm
5482,tách cổ phiếu,chia cổ phiếu,chia tách cổ phiếu,tách chia cổ phiếu
5483,khám xét,thị sát,tuần tra,đến khám
5484,săn bắt,săn bắn,đi săn
5485,hôn ước,hứa hôn,lời hứa hôn,sự hứa hôn
5486,trốn nợ,bùng nợ
5487,open frame,ném mở
5488,khoan hồng,sự khoan hồng,khoan dung,vị tha,bao dung
5489,để,đặt
5490,sự cố gắng,sự phấn đấu,sự nỗ lực,sự ra sức,sự ráng sức,sự hết sức,sự tận lực,sự hết sức hết lòng,sự tận tâm tận lực
5491,tung hứng,trò tung hứng
5492,chuyển hàng,giao hàng,phát hàng,chuyển phát hàng,giao phát hàng
5493,giải ngũ,phục viên
5494,gấp lên,gập lên,vén lên,xắn lên
5495,sự khuất dạng,sự mờ dần,sự biến mất
5496,viết,viết văn,viết bài,viết sách,sáng tác
5497,khoan dầu mỏ,sự khoan dầu mỏ,sự khai thác dầu mỏ,sự khoan
5498,trừ,khấu trừ,trừ bớt,giảm thiểu
5499,đỗ đạt,thi đỗ,thi đậu
5500,sự liếm,cái liếm,cú liếm
5501,sự phong chức,sự trao quyền,sự giao quyền
5502,chuyển phát nhanh,giao hàng nhanh,vận tải tốc hành,chuyển phát tốc hành,chuyển phát hỏa tốc,chuyển hàng hỏa tốc,vận tải hỏa tốc,express
5503,thế ôm đấu vật,thế ôm đô vật
5504,cuộc thác loạn,cuộc truy hoan
5505,điều tệ nhất,điều tồi nhất,điều xấu nhất,điều tồi tệ nhất
5506,gian,dối,gian dối,dối trá
5507,chọc thủng tuyến phòng thủ,phá vỡ tuyến phòng thủ
5508,thủ công,lao động chân tay,lao động tay chân
5509,sự phạm pháp
5510,báo thức,chuông báo thức,kẻng báo thức,còi báo thức
5511,mở rộng,cơi nới,sự mở rộng,sự cơi nới
5512,việc định vị,phát hiện,phát hiện vị trí
5513,cái vặn,cái xoay
5514,mở rộng,phát triển,gia tăng,sự mở rộng,sự phát triển,sự gia tăng
5515,không hoàn thành,không đạt được
5516,sự kháng cáo,sự kháng án
5517,chở,đèo,đưa,mang,vác đi,đưa đi,mang đi,khuân đi,bê đi,chở đi,đèo đi,vận tải,vận chuyển
5518,tập chân,tập cơ chân,tập thể dục chân
5519,bóng ném tường,fives
5520,tụ họp,hội nghị,sự triệu tập
5521,thu hoạch,sự gặt hái
5522,chiến tranh,cạnh tranh,đấu tranh,giao chiến,giao tranh,tranh giành,xung đột
5523,Thập Tự chinh,cuộc Thập Tự chinh,Thập tự chinh,cuộc Thập tự chinh
5524,sự thao diễn,sự diễn tập,sự thao tập
5525,hậu vệ,vị trí hậu vệ,hậu vệ bóng bầu dục,vị trí hậu vệ bóng bầu dục
5526,sự lắp đặt,sự cài đặt,việc lắp đặt,việc cài đặt
5527,thủ dâm
5528,chủ trương,ý định
5529,kiểm tra cỡ trước khi chia độ,sự kiểm tra cỡ trước khi chia độ
5530,đạt tới,tiến tới,tiến đến
5531,nhảy cầu nhào lộn
5532,hiện vật,vật trưng bày,vật triển lãm,hiện vật trưng bày
5533,thể dục thể hình
5534,cuộc điều tra,cuộc truy lùng,cuộc tìm kiếm,cuộc truy tìm
5535,tiến bộ,sự tiến bộ,tiến triển,sự tiến triển
5536,nhảy nhót,nảy bật,nẩy bật,sự nảy lên,sự nẩy lên,sự bật lên
5537,buộc,gắn,trói,cột,đính,trói buộc
5538,dạy phát âm
5539,ngược đãi,bạc đãi,hành hạ,bạo hành,sự ngược đãi,sự bạc đãi,sự hành hạ,sự bạo hành
5540,thể thao
5541,việt vị,lỗi việt vị,lỗi vị trí
5542,làm bẩn,vấy bẩn,làm ô uế,làm hoen ố,làm nhơ bẩn,làm nhơ
5543,việc riêng,chuyện riêng,việc riêng tư,chuyện riêng tư,việc cá nhân,chuyện cá nhân
5544,sự ngọ nguậy,sự ngó ngoáy,sự ngọ ngoạy
5545,sự nhượng bộ,sự đầu hàng,sự chuyển nhượng
5546,chi phối,chỉ huy,chỉ đạo,dẫn dắt,quản lí,trông nom,điều hành,điều khiển,điều phối
5547,đi chợ,chợ búa,mua bán,mua sắm,sắm sửa,việc mua sắm,việc đi chợ,việc mua bán,việc sắm sửa
5548,thể thao đối kháng
5549,cải biên,cải soạn
5550,chế ngự,giới hạn,hạn chế,hạn định,khống chế,áp chế
5551,kéo,sự kéo,dắt,sự dắt
5552,sự tống,sự đuổi,sự xua,sự tống khứ,sự xua đuổi,sự trục xuất,sự đẩy đi,sự tống ra
5553,sự lấy giọng
5554,tự phục vụ,sự tự phục vụ,chế độ tự phục vụ
5555,săn bắn,cuộc săn bắn,trò săn bắn,môn săn bắn
5556,trêu,chọc,ghẹo,chòng,chòng ghẹo,chọc nghẹo,trêu chọc,châm chọc,trêu chòng,châm chích
5557,chuyền,pha chuyền,cú chuyền,quả chuyền
5558,sự thay đổi thuộc tính,sự biến đổi thuộc tính
5559,ảo thuật,trò ảo thuật,trờ diễn ảo thuật,trình diễn ảo thuật,biểu diễn ảo thuật,làm ảo thuật
5560,sự hành hình,sự tử hình,sự hành quyết,sự thi hành án tử
5561,sự lập danh sách,sự lên danh sách
5562,vị trí trung phong,trung phong,vị trí cầu thủ trung phong
5563,băng,băng bó
5564,thăm hỏi,hỏi thăm,đi thăm,tới thăm
5565,chia phần,sự chia phần
5566,biểu diễn máy bay nhào lộn
5567,điệu swing,điệu nhảy swing
5568,phung phí,lãng phí,hoang phí,phao phí,phí phạm,phung phá,vung phí
5569,sự chuẩn bị,sự sửa soạn,sự dự bị
5570,sự châm lại,sự giảm tốc,sự làm chậm lại
5571,cuộc đi dạo,cuộc dạo chơi,cuộc đi dạo,cuộc bách bộ,cuộc dạo chơi
5572,xì tố,xì pé,phỏm,stud,stud poker
5573,quay tít,xoay tít
5574,lối chơi bóng rổ,cách chơi bóng rổ
5575,sự diễn đạt bằng phương tiện trực quan
5576,cờ bạc,đánh bạc
5577,kết thúc,hoàn thành
5578,phóng tên lửa,phóng hỏa tiễn
5579,sự bơm hơi,việc bơm hơi,sự bơm phồng,việc bơm phồng
5580,cú đánh an toàn,cú đánh bóng an toàn
5581,chuyển,chuyển chỗ,di chuyển,di dời,dời,dời chuyển đi lại,dời chỗ,dời đi,dời đến,sự di chuyển,sự di dời,sự dời đi,đi
5582,hoạt động ngoại khóa
5583,đánh răng,việc đánh răng,sự đánh răng
5584,lối thoát,cách trốn thoát
5585,sức ảnh hưởng,tác dụng,tác động,ảnh hưởng
5586,sự biến hình,sự biến dạng,sự biến hóa
5587,gây hư hỏng,làm hỏng,phá hỏng
5588,chứng thực,chứng minh,xác nhận,kiểm nghiệm
5589,sự phục kích,sự mai phục
5590,thăm hỏi,viếng thăm,thăm viếng
5591,khóa,khóa học,khóa đào tạo
5592,bắn trúng tâm,bắn trúng điểm đen,bắn trúng hồng tâm,bắn trúng tâm bia,sự bắn trúng điểm đen,sự bắn trúng hồng tâm,sự bắn trúng tâm điểm,sự bắng trúng tâm bia,sự bắn trúng tâm
5593,chọn lựa,lựa chọn,quyết định,sự chọn lựa,sự lựa chọn,sự quyết định,việc chọn lựa,việc lựa chọn
5594,khoản trích,phần trích ra,khoản được trích ra,phần được trích ra
5595,bóc lột,cướp bóc,cướp phá,sự cướp bóc,sự cướp phá,tước đoạt
5596,bạo hành,bạo ngược,hung ác,hành động bạo ngược,hành động tàn bạo,hành động vô nhân tính,hành động vô nhân đạo,nhẫn tâm,tàn bạo,tàn khốc,tàn nhẫn,vô nhân tính,vô nhân đạo
5597,trò khỉ,trò hề,trò nỡm
5598,lối chơi,cách chơi
5599,bóng ném Mĩ,môn bóng ném Mĩ
5600,sao chép,sao lại
5601,sự biến hình,sự biến đổi,sự chuyển đổi,sự thay đổi
5602,quyền chọn mua
5603,sự cách chức
5604,cú đấm,quả đấm
5605,sự thăng chức,sự thăng cấp,thăng chức,thăng cấp
5606,nhóm,nhóm lại
5607,nghi lễ tôn giáo,nghi thức tôn giáo
5608,lễ hội,cuộc vui
5609,chăm sóc y tế,sự chăm sóc y tế
5610,sự bảo mật
5611,việc xét xử,việc sự án
5612,xã hội hóa
5613,khôi phục,phục hưng,hồi sinh
5614,Chiến tranh Thế giới I,Đại chiến Thế giới I,Thế chiến I
5615,ân xá,đại xá,đặc xá
5616,thông lệ,thói quen,lệ thường
5617,buôn bán,mậu dịch,sự buôn bán,thương mại,thương nghiệp
5618,netball,môn netball,bóng lưới,môn bóng lưới
5619,nụ hôn say đắm,nụ hôn mãnh liệt,nụ hôn nồng cháy,nụ hôn thắm thiết
5620,chuyến đi biển
5621,suồng sã,sỗ sàng
5622,bơi ngắn,bơi cự li ngắn
5623,việc khơi dậy,việc gợi lên,việc khích lệ
5624,trò đánh bài whist,trò chơi bài whist
5625,sự khôi phục,sự phục hưng,sự hồi sinh,sự sống lại
5626,sự lập chương trình,sự lên chương trình
5627,sai sót,lỗi vụn vặt
5628,sự hồi phục,sự khôi phục,sự phục hồi
5629,trao đổi,đổi chác,đổi hàng,đổi
5630,hành động giết người
5631,sự bôi nhọ,sự bôi xấu
5632,khiếm nhã,bất lịch sự,vô lễ,xúc phạm
5633,hoàn tiền,trả lại
5634,ý định,ý đồ,dự định
5635,chợ đen
5636,phát ra,tỏa ra,bốc ra,phát xạ
5637,nhảy,lò cò,nhảy lò cò
5638,nghệ thuật nhiếp ảnh,thuật nhiếp ảnh,nghệ thuật chụp ảnh,thuật chụp ảnh
5639,đánh lộn,đánh nhau,hỗn chiến,ẩu đả,cuộc đánh lộn,trận đánh nhau,cuộc hỗn chiến,cuộc ẩu đả,trận hỗn chiến,trận ẩu đả
5640,hành vi tội lỗi,hành vi sai trái,hành vi bất chính
5641,công kích,đả kích,sự công kích,sự đả kích
5642,sự thu ngắn lại
5643,thành công ngoài mong đợi,thành công bất ngờ,thành công không ngờ
5644,hơi thở hổn hển
5645,sự cọ,sự vò,sự kì cọ
5646,viễn chinh,cuộc viễn chinh,chuyến viễn chinh
5647,chiến tranh,cuộc chiến,cuộc chiến tranh
5648,cú đánh bóng bổng
5649,hành vi vô trách nhiệm,hành vi tùy tiện,hành vi lệch lạc
5650,đi lang thang,đi tha thẩn
5651,phủ thiếc,bọc thiếc,mạ thiếc
5652,thủ thuật đẩy thoát vị,thuật đẩy thoát vị
5653,cú đấm,cú thụi,phát thụi
5654,nhiệm vụ,trách nhiệm
5655,khiêu vũ phòng nhảy
5656,phần thưởng,sự khen thưởng
5657,cuộc thi nảy cao,nhảy cao,thi nhảy cao
5658,nghĩ ra,nảy ra,phát minh,sáng tạo,sự nghĩ ra,sự nảy ra,sự sáng tạo
5659,sự minh oan,sự giải tội
5660,hiện diện,góp mặt,xuất hiện
5661,mổ xẻ,phân tích
5662,kí tên,sự kí tên,ký tên,sự ký tên
5663,phức tạp hóa,sự phức tạp hóa,sự phức tạp,sự rắc rối
5664,lao theo hình xoắn ốc,sự lao theo hình xoắn ốc,bay theo hình xoắn ốc,sự bay theo hình xoắn ốc
5665,lao động nghệ thuật,sáng tạo nghệ thuật
5666,lập,tạo,làm,tạo lập,đặt,nghĩ,sáng chế,phát minh,lập ra,tạo ra,làm ra,tạo lập ra,đặt ra,nghĩ ra,sáng chế ra,phát minh ra
5667,gặp gỡ tình cờ,gặp gỡ bất ngờ,cuộc gặp tình cờ,cuộc gặp bất ngờ
5668,liên minh,sự liên minh,tạo đồng minh,việc tạo đồng minh
5669,sự kiểm tra,sự thẩm tra
5670,rề rà,lần lữa,diên trì,lâu la,câu giờ,tốn thì giờ,sự rề rà,sự lần lữa,sự lâu la,sự câu giờ,sự tốn thì giờ
5671,bố trí lại,sắp lại,sắp xếp lại,sắp đặt lại,sự bố trí lại,sự sắp xếp lại,sự sắp đặt lại,sự xếp đặt lại,xếp lại,xếp đặt lại
5672,tăng giá,sự tăng giá
5673,việc thông khí,sự thông khí,việc thông hơi,sự thông hơi
5674,thất bại
5675,sự leo trèo,sự leo,sự trèo
5676,tổ chức,sự tổ chức,việc tổ chức
5677,thính chẩn,nghe bệnh,sự nghe bệnh
5678,động tác đạp chân
5679,ngáy,kéo gỗ,việc ngáy
5680,việc làm ăn phi pháp,việc làm ăn bất hợp pháp,việc làm ăn gian dối
5681,thể dục,tập thể dục,luyện tập thể dục
5682,lái,điều khiển,việc lái,việc điều khiển,sự điều khiển
5683,bán,được bán
5684,bước,điệu,động tác
5685,làm thỏa,làm đã,làm thỏa lòng,làm thỏa nguyện,làm mãn nguyện,làm toại nguyện,làm vừa lòng,làm hài lòng,làm vừa ý
5686,cuộc họp,cuộc hội họp,cuộc gặp,cuộc gặp gỡ,sự gặp mặt,sự gặp gỡ
5687,sự lăn,sự quay
5688,sơ tuyển,bầu cử sơ bộ,cuộc sơ tuyển,cuộc bầu cử sơ bộ
5689,làm rỗng,làm trống,moi rỗng,xóa sạch,trút sạch
5690,thỏa mãn,buông thả
5691,sự tống đạt,sự gửi
5692,vượt,vượt lên,vượt lên trên,vượt lên trước
5693,gặm,gậm gặm cỏ,gậm cỏ,ăn cỏ,sự gặm cỏ,sự ăn cỏ
5694,vi phạm,sự vi phạm
5695,chế giễu,chế nhạo,cười cợt,giễu cợt,nhạo báng,sự chế giễu,sự chế nhạo,sự cười cợt,sự nhạo báng,trò cười
5696,trừ,phép trừ
5697,old maid,bài old maid
5698,sự nổ súng,việc nổ súng,sự khai hỏa,việc khai hỏa,sự bắn súng,việc bắn súng
5699,đòn đánh trả,đòn phản công,cú trả đũa,cú phản công,miếng đánh trả lại
5700,biểu diễn nhào lộn,nhào lộn,nhào lộn nguy hiểm
5701,cứu hộ biển,cứu nguy trên biển,cứu nạn trên biển
5702,luyện tập,tập dượt,tập luyện,tập tành
5703,sự ân cần,sự chu đáo,sự săn sóc
5704,trang hoàng,trang trí,trang điểm
5705,phát đẩy,cú đẩy,chưởng
5706,kích thích,vuốt ve mơn trớn,khúc dạo đầu
5707,sự di chuyển theo đội hình,đội hình đội ngũ
5708,sự chuyển,sự di chuyển,sự dịch chuyển
5709,giết thịt,mổ thịt,giết mổ
5710,cư ngụ,cư trú,lưu trú,ngụ,sự cư ngụ,sự cư trú,sự trú ngụ,sự tạm trú,sự định cư,sự ở,trú ngụ,tạm trú,việc lưu trú,việc tạm trú,định cư,ở
5711,chè chén vô độ,ăn uống sả láng,chè chén sả láng,ăn uống vô độ
5712,bỏ,bỏ rơi,bỏ đi,cắt bỏ,gạt bỏ,loại bỏ,ruồng bỏ,sự bỏ,sự bỏ rơi,sự bỏ đi,sự cắt bỏ,sự loại bỏ,sự loại ra,sự ruồng bỏ,sự từ bỏ,sự vứt bỏ,sự xóa bỏ,trừ bỏ,tống khứ,từ bỏ,việc cắt bỏ,việc loại bỏ,việc trừ bỏ,việc xóa bỏ,vứt bỏ,xóa bỏ
5713,tiếp thị,marketing
5714,trò chơi trong nhà
5715,khảo sát,nghiên cứu,điều tra,cuộc khảo sát,cuộc nghiên cứu,cuộc điều tra
5716,sự chuộc thân,sự chuộc,việc chuộc,nộp tiền chuộc thân
5717,bạo hành,hành hung,tấn công,vụ bạo hành,vụ hành hung,vụ tấn công,cuộc tấn công
5718,công nghiệp hóa,sự công nghiệp hóa
5719,sự quét,sự dò quét,scan
5720,cản trở,trở ngại,ngăn cản,can ngăn,gây trở ngại
5721,sự lập pháp,sự làm luật,sự xây dựng luật
5722,điều tra,điều tra nghiên cứu
5723,nhập thành
5724,ghé qua,ghé thăm
5725,đánh đồng,cào bằng,sự đánh đồng,sự cào bằng
5726,đeo mặt nạ,gắn mác,đội lốt
5727,lễ,nghi lễ,nghi thức
5728,sự thiêu,sự thiêu cháy,sự thiêu sống,sự đốt,sự đốt cháy,thiêu,đốt
5729,kiến ngãi bất vi,thấy việc nghĩa không làm
5730,đánh thức,đánh thức dậy,sự đánh thức,sự đánh thức dậy
5731,giáo dục trung học
5732,sashay,điệu sashay,điệu nhảy sashay
5733,phân,phân bố,phân bổ,phân phối
5734,nén,việc nén,việc ép,việc đè,vắt,ép,đè
5735,cú lao,chạy ù,phóng
5736,nhậu,nhậu nhẹt,chè chén,cuộc nhậu,cuộc nhậu nhẹt,cuộc chè chén,bữa nhậu,bữa nhậu nhẹt,bữa chè chén
5737,khúc côn cầu trên băng
5738,vệ sinh cá nhân,việc vệ sinh cá nhân
5739,công lao,công trạng,công sức,sức lực
5740,tiểu phẫu,tiểu phẫu thuật
5741,ngửi
5742,chuyến đi ngắn
5743,mưu kế,mưu chước,mưu mẹo,kế sách
5744,liên lạc,mối liên lạc,sự liên lạc
5745,đâm,nhát đâm,cú đâm
5746,sự biểu diễn âm nhạc,sự trình diễn âm nhạc
5747,bóng rổ,môn bóng rổ
5748,bắn tung,bắn tung tóe
5749,liệu pháp bức xạ,phép chữa bệnh bằng tia phóng xạ,phóng xạ trị liệu,phép xạ trị,xạ trị
5750,lảng vảng,rình mò
5751,cải cách ruộng đất,sự phân chia lại ruộng đất
5752,hút thuốc,hút thuốc lá
5753,công nghệ cao,công nghệ hiện đại,công nghệ tiên tiến
5754,sự cổ vũ,sự khích lệ,sự động viên,sự khuyến khích,sự giúp đỡ,sự trợ giúp
5755,sự gật đầu
5756,cưỡng dâm,cưỡng hiếp,hiếp dâm,hãm hiếp,quan hệ tính dục trái phép,sự cưỡng dâm,sự cưỡng hiếp,sự hiếp dâm,sự hãm hiếp
5757,lộng quyền,sự lộng quyền,lộng hành,sự lộng hành
5758,trọng tội,tội không thể tha thứ,tội lớn,tội nghiêm trọng,tội nặng
5759,vui chơi,liên hoan,đi chơi
5760,khử trùng,tẩy trùng,diệt trùng,khử khuẩn,diệt khuẩn,tẩy khuẩn,khử vi khuẩn,tẩy vi khuẩn,diệt vi khuẩn,tiêu diệt vi trùng,tiêu diệt vi khuẩn
5761,chuyện,công chuyện,công việc,công ăn việc làm,nhiệm vụ,tác vụ,việc,việc làm
5762,làm thủ công,làm bằng tay,thao tác,thao tác thủ công,thao tác bằng tay
5763,gạ,dê,dụ,ve vãn,gạ gẫm,dụ dỗ,kích thích,khiêu khích,khiêu dâm
5764,chùi bóng,lau bóng,đánh bóng
5765,làm phim,sản xuất phim
5766,cố gắng,phấn đấu,sự chiến đấu,sự cố gắng,sự phấn đấu,sự theo đuổi,sự tranh đấu,sự đeo đuổi,sự đấu tranh
5767,chạm bóng,tag
5768,sự lê bước,sự lê chân,sự kéo lê
5769,điện phân,triệt lông điện phân,phương pháp điện phân,electrolysis
5770,đấu giá,bán đấu giá,đem bán đấu giá,đấu giá công khai
5771,đập,đập vỡ,đập tan,đập nát,đập vụn,phá tan,phá vỡ,đánh sập,kéo đổ,nổ bom,đập vỡ tan,đập vỡ tan tành,phá tan tành
5772,công cuộc,việc lớn,nỗ lực
5773,chiếm dụng,chiếm giữ,chiếm hữu,chiếm đoạt,giữ,sung công,sự chiếm dụng,sự chiếm giữ,sự chiếm hữu,sự chiếm đoạt,thu,thu giữ,tạm giữ,tịch biên,tịch thu,tịch thâu
5774,nhã nhặn,lịch sự,sự lịch sự,sự nhã nhặn,tác phong lịch sự,tác phong nhã nhặn
5775,sự làm mượt,sự làm phẳng,sự làm nhẵn,sự vuốt mượt
5776,bỏ,cản,cản phá,cấm,cấm cản,dừng,dừng lại,ngăn,ngăn chặn,ngăn cản,ngăn cấm,ngừng,ngừng lại,thôi,đình,đình chỉ
5777,bố trí,bố trí sắp xếp,hậu cần,sắp xếp,sắp đặt,sự bố trí,sự sắp xếp,sự sắp đặt,sự đặt,điều phối,đặt
5778,lan đi,mở rộng,phát triển,phổ biến,quảng bá,triển khai,truyền,truyền bá,truyền đi
5779,việc đóng vai,sự đóng vai,việc bắt chước,sự bắt chước
5780,sạt,sượt,tướt,tượt,xớt,sạt qua,sượt qua,tướt qua,tượt qua,xớt qua
5781,dáng đi khệnh khoạng,dáng đi nghênh ngang,dáng đi vênh váo,kiểu đi khệnh khạng,kiểu đi nghênh ngang,kiểu đi vênh váo
5782,sự phân phát,sự phân phối,sự giao hàng
5783,kết đôi,giao phối,giao hợp
5784,việc li thân,việc ly thân
5785,lễ hội,liên hoan
5786,kháng chiến chống Mĩ,Kháng chiến chống đế quốc Mĩ,kháng chiến chống Mỹ,Kháng chiến chống đế quốc Mỹ,Kháng chiến chống Mĩ cứu nước,Kháng chiến chống Mỹ cứu nước,chiến tranh chống đế quốc Mĩ,chiến tranh chống đế quốc Mỹ,chiến tranh Việt Nam
5787,contract,contract bridge,bài cầu hợp đồng
5788,cái đẩy,sức đẩy
5789,tiết kiệm,cần kiệm,căn cơ,sự tiết kiệm,sự cần kiệm,sự căn cơ
5790,trò chơi trên bàn cờ,board game
5791,poker,xì tố,xì phé,đánh bài xì tố,đánh bài xì phé,trò đánh bài xì tố,trò đánh bài xì phé,chơi bài xì tố,chơi bài xì phé
5792,khởi tố
5793,hoạt động nhóm
5794,đi vẩn vơ,đi vơ vẩn,đi thẩn thơ,đi thơ thẩn,sự đi thẩn thơ,sự đi vẩn vơ,sự đi lang thang
5795,bài văn,bài viết,bài báo
5796,cất giữ,lưu giữ,tích trữ
5797,sự bán phá giá,bán phá giá
5798,lớp nghề,lớp dạy nghề,lớp học nghề
5799,trò lá mặt lá trái,sự ăn ở hai lòng,sự hai lòng
5800,sự đung đưa,sự dao động,sự đu đưa,sự vung vảy,sự vung vẩy
5801,đổ máu,sự đổ máu
5802,thở hổn hển,sự thở hổn hển,sự khó thở,sự thở dốc
5803,sưu dịch,lao dịch,lao động khổ sai,lao động cưỡng bức
5804,lầm,lầm lẫn,lầm lỡ,lẫn,lẫn lộn,lộn,lỡ lầm,nhầm,nhầm lẫn,sai sót,sơ suất
5805,khúc côn cầu sân cỏ
5806,lỗi ngớ ngẩn
5807,bớt,giảm,giảm bớt,giảm sút,hạ,hạ bớt,sút,sự giảm sút,sự giảm đi
5808,môn xà kép
5809,lao động trí óc,nghề lao động trí óc
5810,điệu tuýt,nhảy tuýt,tuýt
5811,hít một hơi,rít một hơi
5812,thành quả,thành tích,thành tựu
5813,kiểm tra,khảo thí,sát hạch
5814,vượt ngục,đào tẩu,cuộc vượt ngục,cuộc trốn tù,cuộc trốn trại,cuộc đào tẩu
5815,vụ nổ súng,sự nổ súng,sự bắn
5816,cú phát bóng ăn điểm
5817,khám,khám xét
5818,sự than khóc,sự bi ai,sự bi thán,sự than vãn,sự sầu muộn
5819,sự cung cấp nước,sự cấp nước
5820,thò ra,lòi ra,lồi ra
5821,chạm trán,xô xát
5822,nhân danh
5823,ợ,ợ hơi,sự ợ,sự ợ hơi
5824,sự thở khò khè
5825,xáo trộn,đảo lộn,rối loạn
5826,lừa,lừa bịp,lừa dối,lừa đảo,lừa gạt,sự lừa bịp,sự lừa dối,sự lừa đảo,sự lừa gạt
5827,bắt,tóm,vồ,chụp,chộp
5828,lối chơi tấn công,cách chơi tấn công
5829,mùa thu hoạch,vụ thu hoạch,kỳ thu hoạch,mùa gặt hái,mùa gặt,mùa thu hoạch,vụ gặt,vụ gặt hái
5830,phép tính,phép toán
5831,cơ sở tài liệu,cơ sở
5832,chơi xỏ,chơi khăm,chơi đểu,trò chơi xỏ,trò chơi khăm,trò chơi đểu,trò tinh nghịch,trò đùa tinh quái,trò đùa ác ý,trò đùa ma quái
5833,kịch câm
5834,buổi kinh chiều,buổi cầu kinh chiều
5835,sự bớt căng thẳng,tình trạng bớt căng thẳng,sự giảm căng thẳng,tình trạng giảm căng thẳng
5836,sự ép,sự vắt,sự siết,sự siết chặt,sự bóp,sự nén,sự nặn
5837,giết,giết người,mưu sát
5838,sự lập trình,lập trình máy tính
5839,kungfu,môn kungfu
5840,sự bắn tỉa,phát bắn tỉa,hành động bắn tỉa
5841,mát-xa,sự xoa bóp,sự mát-xa,sự thoa bóp
5842,dự,có mặt,hiện diện,tham dự,tham gia,sự có mặt,sự hiện diện,sự tham dự,sự tham gia
5843,nhạc nhạc cụ,nhạc nhạc khí
5844,chăm sóc,sự chăm sóc
5845,bốc thăm trúng thưởng,trò chơi bốc thăm trúng thưởng
5846,biểu hiện,biểu thị,đại diện,thay mặt
5847,sự thuê,sự mướn,sự thuê làm,sự dùng
5848,bước nhẹ,bước khẽ
5849,phơi phim
5850,bài thể dục dụng cụ với vòng,bài tập chống tay chân trong vòng
5851,công việc lí tưởng,công việc đích thực,nghề nghiệp lí tưởng,nghề nghiệp đích thực
5852,sự rào lại
5853,lễ nhà thờ,lễ
5854,bắn,bắn phá,xạ kích
5855,phê chuẩn,tán thành
5856,phong tục,tập quán,thói quen
5857,chạy,việc chạy
5858,khoan hồng,lượng khoan hồng,lòng khoan hồng
5859,phúc thẩm,thẩm vấn lại,hỏi cung lại
5860,thanh trừng,cuộc thanh trừng
5861,ghi âm,thu âm,ghi lại,sao lại,thu thanh
5862,bản án cuối cùng,quyết định cuối cùng,phán quyết cuối cùng
5863,cuộc tấn công,cuộc tập kích,cuộc đột kích,trận tập kích,trận đột kích,tập kích,vụ tập kích,vụ đột kích,đột kích
5864,sự cho,sự tặng,sự biếu
5865,sự rút hết,sự bòn rút hết,sự tiêu hao,sự làm kiệt quệ
5866,hít thấy
5867,bách bộ,cuốc bộ,dạo,rông bộ,sự bách bộ,sự bước,sự tản bộ,sự đi bộ,sự đi dạo,tản bộ,đi bộ,đi dạo
5868,chăm chú,chăm chăm,chằm chằm,nhìn chăm chú,nhìn chăm chăm,nhìn chằm chằm,nhìn trừng trừng,trừng trừng
5869,sự luyên tập,sự luyện tập,sự rèn luyện,sự tôi luyện,sự tập luyện
5870,phản kháng,phản đối,chống đối
5871,phản kháng phi bạo lực,chủ trương bất hợp tác
5872,trò chơi dùng bóng,trò chơi sử dụng bóng
5873,khám phá,phát hiện,khám phá ra,tìm ra,nhận thấy,dò thấy,dò ra
5874,cuộc chiến,cuộc xô xát,cuộc đấu,cuộc đấu đá,cuộc ẩu đả,uýnh lộn,vụ uýnh lộn,vụ xô xát,vụ đánh lộn,vụ đánh nhau,vụ ẩu đả,xô xát,đánh lộn,đánh nhau,ẩu đả
5875,sự thay đổi độ lớn
5876,khom,khom lưng,khom người
5877,huấn luyện,rèn luyện,đào tạo
5878,gôn,đánh gôn,môn đánh gôn,golf
5879,công nghệ,kĩ thuật,kĩ thuật công nghiệp,kỹ thuật,kỹ thuật công nghiệp
5880,thu thập thông tin
5881,hoạt động giác quan,tri giác
5882,sót,bỏ sót,bỏ quên
5883,cản trở,cản lại,chặn lại,ngăn chặn
5884,vội,vội vàng,vội vã,gấp rút
5885,giả tạo,sự giả tạo
5886,xoay,quay,vặn,sự xoay,sự quay,sự xoay vòng,sự quay vòng
5887,phá vây,mở đường máu,cuộc phá vây,cuộc mở đường máu,đợt xung phong
5888,mưu,mẹo,mánh,kế sách,phương sách,phương kế,chước mưu
5889,hành trình,cuộc hành trình
5890,sự đi trước,sự ưu tiên,quyền ưu tiên
5891,sự sum họp,sự họp lại,sự hợp nhất lại
5892,chiến tranh thế giới,đại chiến,đại chiến thế giới,thế chiến
5893,mua,mua hàng,mua sắm,sự mua sắm,việc mua sắm
5894,giảng,diễn thuyết,thuyết trình
5895,phân phối,phân bố,phân chia,phân phát
5896,sự bị điện giật,bị điện giật,bị giật điện,sự bị giật điện,sự bị giật
5897,hội họa,nghệ thuật hội họa
5898,lời nói đùa,lời nói giỡn
5899,tra khảo,tra tấn
5900,doanh nghiệp,doanh nghiệp lớn
5901,sự phản bác,sự bác bỏ,sự phản chứng,sự biện bác
5902,sản xuất thừa,sản xuất dư,sản xuất quá nhiều,sự sản xuất thừa,sự sản xuất dư,sự sản xuất quá nhiều
5903,luyện tập dùng súng,việc luyện tập dùng súng,sự luyện tập dùng súng
5904,phong chức,hành động mặc lễ phục
5905,đụng,chạm,tiếp xúc,đụng chạm
5906,tụ tập,sự tụ tập,việc tụ tập,tụ hội,sự tụ hội
5907,việc tuần tra
5908,lệ,thói,điển lễ,nghi thức
5909,sự tiếp cận,sự tịnh tiến,sự tới gần,sự đến gần,tiếp cận,tịnh tiến,tới gần,việc tới gần,việc đến gần,đến gần
5910,thổi,xì,hỉ
5911,sự sửa,sự sửa đổi,sự sửa lại,sự biến đổi,sự thay đổi
5912,co,co rút,sự co,sự co rút
5913,gửi,gởi,chuyển,truyền
5914,bứt phá,đột phá
5915,mua bán,việc mua bán,thương vụ,mua tậu,thu mua
5916,vũ trang,sự vũ trang,trang bị vũ trang,sự trang bị vũ trang,võ trang,sự võ trang,trang bị võ trang,sự trang bị võ trang
5917,đàn áp,nghiền nát,đập tan
5918,sở hữu,chiếm hữu,sự sở hữu,sự chiếm hữu
5919,thảm họa,cái họa,họa
5920,thi nhảy,thi khiêu vũ
5921,tập trung,việc tập trung,tụ hội,việc hội tụ,quy tụ,việc quy tụ,quy tụ,việc quy tụ,quỵ tụ lại,việc quy tụ lại,quy tụ lại,việc quy tụ lại
5922,trả thù,trả đũa,trả miếng,rửa thù,rửa nhục,rửa hận
5923,bẻ cong,gập cong,uốn,uốn cong
5924,rửa,tẩy rửa,rửa ráy,vệ sinh
5925,chiến dịch,hoạt động quân sự,hành động quân sự
5926,hành động phi nghĩa,hành vi ngang trái
5927,định vị,phân vùng,sự định vị,sự phân vùng
5928,đền đáp,đáp lại
5929,khai thác quá mức
5930,ngoại tình,thông dâm,gian dâm
5931,bóng chuyền,môn bóng chuyền
5932,hành động lẩn tránh
5933,phần việc
5934,sự quẹo,sự ngoặt,sự chuyển hướng,sự rẽ ngoặt,sự rẽ quặt
5935,cản,cản ngăn,cản trở,ngăn,ngăn cản,ngăn trở
5936,phản xạ vô điều kiện,phản xạ tự nhiên,phản xạ không điều kiện
5937,quay đi,ngoảnh đi
5938,đi bộ đường dài
5939,chủng ngừa
5940,quyết định của trọng tài
5941,tình dục đồi trụy,tình dục bất bình thường
5942,mang,vác,khuân,khiêng,chở,ẵm,bồng,bế
5943,chức trách bộ trưởng,công việc của bộ trưởng
5944,cải cách,đổi mới,cuộc cải cách,chiến dịch cải cách,chiến dịch đổi mới
5945,sự quy định,điều quy định
5946,thay đổi,biến đổi,sự đổi,sự thay đổi,sự biến đổi
5947,cú đánh bóng sống,cú đánh vô-lê,cú đánh vôlê
5948,tổng tuyển cử,cuộc tổng tuyển cử,chiến dịch tổng tuyển cử
5949,bước,bước đi
5950,đuổi bắt,trò chơi đuổi bắt
5951,công việc hàng ngày,công việc thường ngày,công việc thường nhật,hoạt động hàng ngày,hoạt động thường ngày,hoạt động thường nhật
5952,sự thám hiểm,sự thăm dò
5953,bóc lột,lạm dụng,ngược đãi,ức hiếp
5954,kính trọng,lòng tôn kính,lòng tôn trọng,sự kính trọng,sự tôn kính,sự tôn trọng,tôn kính
5955,cú ném bóng nhanh,cú ném bóng tốc độ cao
5956,cắt lông,cạo lông,nhổ lông,làm lông,vặt lông
5957,sự tách rời,sự tháo gỡ,sự gỡ bỏ
5958,phần hay ho,cái hay ho,cái nổi bật
5959,quần vợt,tennis
5960,chạm khẽ,chạm lướt
5961,cơn rùng mình,cơn run
5962,cuộc bầu cử,cuộc tuyển cử
5963,hợp đồng chứng khoán hai chiều
5964,cù,sự cù
5965,kết hợp,sự kết hợp,hành động kết hợp,liên kết,sự liên kết,hành động liên kết,liên hợp,sự liên hợp,hành động liên hợp
5966,nghiên cứu khoa học
5967,sự giả vờ,sự giả cách,sự làm ra vẻ
5968,ì,ỳ,sự ì,sự ỳ,nằm ỳ,trì trệ
5969,cú móc ngang
5970,dẫn đến,dẫn tới
5971,nước đại
5972,phá hoại
5973,bãi bỏ,hủy,hủy bỏ,phế bỏ,thủ tiêu,triệt tiêu,trừ khử
5974,ép,ép buộc,sự ép buộc
5975,lấy lại sức,sự lấy lại sức
5976,pitch,pitch shot
5977,xây dựng
5978,sự giữ,sự ghì,sự ôm,sự nắm
5979,chức giáo sư,chức vị giáo sư
5980,hành vi độc ác,hành động đê tiện
5981,phát bổ nhào,cú sà xuống
5982,hành vi phóng túng,hành vi buông thả
5983,ngoạm,đớp
5984,giao dịch ngân hàng
5985,yêu sách
5986,qua lại,có qua có lại
5987,sự giảm,sự giảm bớt,sự cắt bớt
5988,chăm sóc răng,chăm sóc răng miệng
5989,cắt,rạch
5990,hạ,đốn,đẵn
5991,trận đấu tập luyện
5992,quan hệ tình dục bằng miệng,quan hệ tình dục bằng mồm
5993,chiến tranh điện từ,cuộc chiến điện từ,trận chiến điện từ
5994,đi quanh,đi vòng quanh
5995,chế tạo,chế tác,tác chế,sản xuất
5996,giơ đấu thắng ngược
5997,điểm nóng,mục tiêu công kích,mục tiêu ném đá
5998,nghĩa vụ,trách nhiệm,bổn phận,chức trách
5999,chuyến đi,hành trình,việc đi lại
6000,lỗi,sai lầm,lỗi lầm
6001,trò bắt bóng,trò ném bắt
6002,chiến đấu,đấu tranh,tranh đấu,việc đấu tranh,việc tranh đấu
6003,sự trả trước,sự thanh toán trước
6004,trò chơi trên sân
6005,điệu bộ,dáng vẻ,cử chỉ,động tác,dáng dấp,tư thế,cử chỉ điệu bộ
6006,buôn gian bán lận,sự buôn bán gian lận
6007,xuống,đi xuống,xuống dốc,sự đi xuống,sự xuống dốc,việc xuống dốc
6008,lên,đi lên
6009,điền kinh
6010,trốn tìm,bịt mắt bắt dê,trò chơi trốn tìm,trò chơi bịt mắt bắt dê
6011,sự xâm phạm,sự xâm lấn,sự xâm chiếm
6012,hợp,hợp nhất,liên hợp,liên minh,nhập,phối hợp,sáp nhập,thống nhất,đoàn tụ
6013,thiên vị,ô dù,dung túng,tây vị,thiên tư,bao che
6014,trốn thoát,trốn chạy,chạy trốn,chạy thoát,đào thoát,đào tẩu,sự trốn thoát,sự trốn chạy,sự chạy trốn,sự chạy thoát,sự đào thoát,sự đào tẩu
6015,hưu trí,việc về hưu,việc nghỉ hưu,việc hưu trí
6016,gia tăng,sự gia tăng,sự tăng,sự tăng lên,sự tăng thêm
6017,sự thi hành,sự thực hiện,sự thực hành,sự thực thi,thi hành,thực hiện,thực hành,thực thi
6018,sự náo động,sự nổi loạn,sự phá rối
6019,thể thao chuyên nghiệp
6020,làm sáng rõ,làm sáng tỏ,làm rõ ràng,làm tỏ rạng,làm tỏ tưởng
6021,sự cứu trợ,sự giúp đỡ,sự hỗ trợ,sự phục dịch,sự phục vụ,sự trợ giúp,sự viện trợ
6022,thể hiện khách quan,sự thể hiện khách quan,diễn đạt cụ thể,sự diễn đạt cụ thể
6023,sự khởi thảo,sự thảo
6024,bưu chính thu phát
6025,khôi phục,phục hồi,hồi phục,cải thiện,khắc phục
6026,tắm hơi,xông hơi,xông
6027,việc thuê,việc mướn
6028,sự tống tiền,tống tiền
6029,hộ tống,tháp tùng
6030,vận tải,vận chuyển,việc vận tải,việc vận chuyển
6031,sự cử tạ,sự đẩy tạ,sự cử đẩy tạ
6032,viết lách,việc viết,việc viết xuống,sự viết lách,việc viết lách
6033,đấm bốc,quyền anh,boxing
6034,vay,vay vốn,mượn vốn
6035,nhai,nhấm,nhấm nháp
6036,sự đòi hỏi,sự yêu cầu,sự đề nghị
6037,quên,sót,sơ suất,sơ ý,vô ý
6038,sự xoa dịu,sự an ủi,sự yên ủi
6039,sự chuyển,sự giao,sự chuyển giao,việc chuyển giao,sự trao
6040,ném xoáy,phát ném xoáy,cú ném xoáy,cú ném vòng cung
6041,strike,cú strike
6042,đem đi,mang đi
6043,hoạt động,hoạt động con người,hành vi,hành động,hành động con người
6044,chớp,nháy,chớp mắt,nháy mắt
6045,xé,bóc,tách
6046,sự chiều chuộng thái quá,sự nuông chiều thái quá,sự cưng chiều thái quá
6047,sự rút lui,sự rút quân,sự tháo lui,sự lui quân,sự lui binh,sự rút binh
6048,tráo,trộn
6049,giao,chuyền,giao bóng,giao banh,chuyền bóng,chuyền banh
6050,cuộc thí nghiệm,cuộc thử nghiệm,cuộc thực nghiệm,sự thí nghiệm,sự thử nghiệm,thí nghiệm,thử nghiệm,thực nghiệm
6051,bơ,lơ,lờ,phớt lờ,lờ đi,bơ đi
6052,sự đùm bọc,sự chở che,sự chở che,sự bảo vệ,sự che chở đùm bọc
6053,bóng chày,môn bóng chày
6054,cú đánh,cú đánh đòn,cú đấm,cú đập,gõ,vố,đánh,đấm,đập
6055,phản xạ,phản ứng,phản tác dụng,đi ngược lại
6056,hành vi sai trái,việc làm sai trái,hành động sai trái,hành vi phạm tội,việc làm tội lỗi,hành động tội lỗi
6057,nếm,thử,nếm thử
6058,bắt buộc,cưỡng bức,cưỡng chế,ép buộc
6059,đay nghiến,chì chiết,dằn vặt,sự đay nghiến,sự chì chiết,sự dằn vặt
6060,sự canh gác,sự canh phòng
6061,so sánh,đối chiếu,sự so sánh,sự đối chiếu
6062,báo ứng,hậu quả
6063,gây hại,làm hại,làm hư hại,làm thiệt hại,làm hỏng
6064,tiếng xôn xao,tiếng xì xào,tiếng ồn ào
6065,trò chơi ngoài trời
6066,sự đày ải,sự đi đày,sự lưu đày,sự trục xuất,việc đày ải,việc đi đày,việc lưu đày
6067,can ngăn,chế ngự,cản trở,kiềm chế,kiểm soát,kìm hãm,ngăn cản,ngăn trở,ràng buộc,sự kiềm chế,sự kìm hãm,sự trói buộc,trói buộc
6068,lượt đánh,lượt đánh bóng chày
6069,lên kế hoạch,lập kế hoạch,sự lên kế hoạch,sự lập kế hoạch
6070,điệu nhảy bốn cặp hình vuông
6071,chờ,đợi,chờ đợi,chầu chực,sự chờ đợi,sự chầu chực
6072,cho phép,cấp phép,giấy phép,môn bài,sự cho phép,sự cấp phép,đăng kí
6073,chiếm đoạt,cướp đoạt,cưỡng đoạt,sự chiếm đoạt,sự cướp đoạt,sự cưỡng đoạt,tước đoạt
6074,nước cờ đầu,nước cờ mở đầu
6075,bay,phai,đi
6076,trò gian lận,trò gian trá,trò bịp bợm,trò lừa đảo
6077,co thắt
6078,lễ hội đường phố
6079,nhăn nhó,nhăn mặt,cau mày
6080,bắt chước,mô phỏng
6081,sự dụ dỗ,sự rủ rê,sự cám dỗ,sự lôi kéo
6082,thảm sát,cuộc tắm máu,vụ tắm máu,cuộc thảm sát,vụ thảm sát,sự tàn sát,cuộc tàn sát,vụ tàn sát
6083,phết mông,phát vào mông,phết đít,phát vào đít,phát vào mông đít
6084,vị trí,cương vị,chức vụ,chức vị,chức,chức trách,địa vị
6085,tranh đua,ganh đua,cạnh tranh,tranh tài
6086,sự đeo,sự mang,việc đeo,việc mang,việc mang theo,việc đeo theo
6087,luồn,lách
6088,sự trả thù,sự phục thù,sự báo thù
6089,nước kiệu
6090,cô đặc
6091,xáo,trộn,xáo trộn
6092,sự nuôi dạy,sự dưỡng dục,sự dạy dỗ
6093,bảo dưỡng,bảo trì,bảo quản,trùng tu
6094,trò diễn,tiết mục diễn,tiết mục biểu diễn,tiết mục văn nghệ,văn nghệ
6095,sự chỉ định,việc chọn
6096,lấy thân cản phá,hành động lấy thân cản phá,lao thân phá bóng
6097,vận trù học,ngành vận trù học
6098,từ biệt,cáo từ,cáo biệt,tạm biệt,chia tay,sự từ biệt,sự cáo từ,sự cáo biệt,sự tạm biệt,sự chia tay
6099,tiến triển,gia tăng,xu thế đi lên,chuyển biến tốt đẹp
6100,sự xáo bài,sự xào bài
6101,buông chèo,thả lái buông chèo,lơi chèo,lơi tay chèo
6102,giải lao,nghỉ,nghỉ ngơi,ngủ,sự nghỉ ngơi,thư giãn,thời gian nghỉ ngơi,việc ngủ
6103,xuất trình,sự xuất trình
6104,cúng bái,hành động cúng bái,hành động thờ cúng,lễ bái,nghi lễ cúng bái,nghi lễ thờ cúng,thờ cúng,thờ phụng
6105,vận động phản xạ
6106,Scrabble,trò chơi Scrabble,trò chơi scrabble
6107,thực hiện,sự thực hiện,làm,sự làm,thi hành,sự thi hành
6108,ăn mặc,ăn vận
6109,dáng đi tập tễnh,kiểu đi cà nhắc,dáng đi khập khiễng
6110,lập trình,viết mã,lập mã,viết mật mã,code
6111,sự kéo giật
6112,hiếu thảo,nhiệm vụ hiếu thảo,nghĩa vụ hiếu thảo
6113,đơn,độc,độc diễn,đơn diễn,solo,diễn đơn
6114,tẩm
6115,bài nói chuyện,bài diễn văn,bài diễn thuyết
6116,biên tập phim
6117,phê chuẩn,phê duyệt,cho phép
6118,cuộc hành hương,chuyến hành hương
6119,cú vung chày,vung chày
6120,huấn luyện quân sự
6121,hàng hải,đường hàng hải
6122,niềm tin,lòng tin
6123,dịch vụ công cộng
6124,rung,lắc,khuấy
6125,cú chuyền bóng lên
6126,chăm sóc da mặt,sự chăm sóc da mặt
6127,ghi điểm,ăn điểm
6128,cú ném móc
6129,châm cứu,thuật châm cứu
6130,đi thong dong,đi thung dung,đi ung dung
6131,lễ cưới,hôn lễ,đám cưới,lễ kết hôn,lễ thành hôn
6132,dùng nhục hình,sự dùng nhục hình
6133,lối sống,cách sống,nếp sống
6134,đứng,đứng thẳng,đứng lên,đứng thẳng lên
6135,đá,đạp,sút
6136,trò chơi,trò tiêu khiển,trò giải trí
6137,đấu tranh giai cấp,mâu thuẫn giai cấp
6138,cuồng,tôn sùng quá mức,tôn sùng quá đáng
6139,sự xử thua vắng mặt,sự thua do vắng mặt
6140,làm biến dạng,làm biến hình,làm biến hình dạng,làm thay đổi hình dạng,làm thay hình đổi dạng
6141,dứt điểm,cú dứt điểm,cú đánh,cú sút
6142,sự không quan tâm,sự không để ý,sự thờ ơ,sự hờ hững
6143,ăn no căng,ăn căng bụng,ăn đẫy bụng,việc ăn no căng,việc ăn căng bụng,việc ăn đẫy bụng
6144,sơn,quét sơn,việc sơn,việc quét sơn,việc phết sơn,việc phủ sơn,công việc quét sơn,công việc phết sơn,công việc phủ sơn
6145,sự hoàn trả,sự trả lại,sự hoàn lại
6146,ngõ cụt,đường cùng,đường cụt,chân tường,góc tường,bước đường cùng
6147,sự lai thuận nghịch,sự lai giống thuận nghịch,sự lai đảo
6148,sự thu được,sự thu nhận,sự lĩnh hội,sự gặt hái
6149,việc nướng,sự nướng
6150,gội đầu
6151,vũng lầy,vết xe đổ,vũng bùn lầy
6152,thể dục,thể dục dụng cụ
6153,động tác trượt trên tuyết
6154,sự kiểm kê
6155,nghiệp,nghề,nghề nghiệp,ngành nghề
6156,tương tác,tác động qua lại,tác động tương hỗ
6157,gây phiền hà,gây phiền phức,gây phiền toái,gây rối,khuấy rầy,khuấy động,làm phiền,quấy nhiễu,quấy quả,quấy rầy,quấy rối
6158,tập trung quân đội
6159,cricket,crickê,cri-kê,trò cricket,trò crickê,trò cri-kê
6160,biến báo,sự biến báo,sự xoay chuyển,sự chuyển hướng
6161,việc nhuộm tóc,nhuộm tóc
6162,tốt nghiệp
6163,thử,sự thử,thử nghiệm,sự thử nghiệm,kiểm tra,sự kiểm tra
6164,nhờ vả,trông cậy,cậy trông,cậy nhờ,nhờ cậy,sự nhờ vả,sự trông cậy,sự cậy trông,sự nhờ cậy,sự cậy nhờ,sự cầu viện,sự cầu cứu
6165,đuổi bắt,rượt đuổi,đuổi theo,rượt theo,săn đuổi,truy tìm,theo đuổi
6166,không vận,vận tải hàng không
6167,sự lao tới,sự lao đến,sự nhao đến,sự nhào đến
6168,lướt,trượt,lướt ván,trượt ván,lướt ván nước,trượt ván nước,water-skiing
6169,tổng duyệt
6170,đứt,ngắt,gián đoạn,đứt quãng,ngắt quãng,ngắt đoạn,đứt đoạn,cách đoạn,cách quãng
6171,trận đấu,cuộc đấu,cuộc thi đấu,trận đấu điền kinh
6172,việc khó khăn,việc nan giải,nhiệm vụ khó khăn
6173,thở phì phò,thở khụt khịt,thở khụt khà khụt khịt
6174,sự đặt sát,sự xếp sát
6175,sự làm giảm hiệu lực
6176,đền đáp,sự đền đáp,sự đáp lại
6177,động thái
6178,việc bắt bệnh,việc chẩn đoán,việc chẩn đoán bệnh
6179,sự tính sai,sự tính nhầm
6180,tình trạng kém hoạt động,tình trạng ì,trạng thái nghỉ
6181,món bở,chỗ bở,việc bở,món béo bở,chỗ béo bở,công việc béo bở
6182,truyền tin,chuyển tin,sự truyền tin,sự chuyển tin
6183,cương vị đàn ông,phẩm chất đàn ông,tư cách đàn ông
6184,trận bóng chày,trận đấu bóng chày
6185,đỡ đẻ,trợ sinh,việc đỡ đẻ,việc trợ sinh,hỗ trợ sinh,hỗ trợ đẻ,hỗ trợ sinh đẻ,hỗ trợ sinh nở,việc hỗ trợ sinh,việc hỗ trợ đẻ,việc hỗ trợ sinh đẻ,việc hỗ trợ sinh nở
6186,tích lũy,tích lại,gom lại,tập hợp
6187,đuổi ra,đuổi đi,tống ra,tống khứ,trục xuất
6188,vắng,thiếu,vắng mặt,sự vắng,sự thiếu,sự vắng mặt
6189,cái hất,cú giật,cú hất,cú lắc,cú ném,cú quăng,cú quẳng,cú tung,sự giật,sự hất,sự lắc,sự ném,sự quăng,sự quẳng,sự tung
6190,sự khủng bố,sự ngược đãi,sự hành hạ
6191,sự làm suy yếu,sự làm yếu
6192,việc làm đổ,sự làm đổ
6193,sự làm nhờn,sự làm liệt,sự vô hiệu hóa,sự làm tê liệt,sự làm tê cứng,sự làm mất hoạt tính,sự làm mất hoạt lực
6194,động tác giả
6195,làm vỡ,làm bể
6196,việc làm đẹp,sự làm đẹp
6197,khiêu vũ xã giao,khiêu vũ giao tiếp
6198,đổi màu,tạo màu,tô màu,làm màu,đổi mầu,tạo mầu,tô mầu,làm mầu
6199,hành nghề,làm nghề
6200,kéo lê
6201,cái ôm chặt,xiết chặt
6202,lượt đầu,lượt đầu tiên
6203,cú đánh trệt,cú đánh bóng trệt
6204,bài tập ở trường
6205,bao vây,vây hãm,phong tỏa quân sự,phong tỏa
6206,điệu nhảy hai hàng sóng đôi
6207,chế độ chiếm hữu nô lệ,chế độ nô lệ,sự chiếm hữu nô lệ
6208,phẫu thuật chỉnh hình,phẫu thuật tạo hình
6209,giáo viên,dạy học,sư phạm,nghề giáo,nghề giáo viên,nghề dạy học,nghề sư phạm
6210,bóng bàn,môn bóng bàn
6211,ra mắt,giới thiệu,khai trương,xuất hiện lần đầu
6212,biện pháp đối phó điện tử
6213,sự vui chơi,sự vui chơi của trẻ
6214,phạm luật,phạm lỗi,phạm quy,sai phạm,vi phạm,vi phạm luật
6215,khom,cúi,gập,cúi gập
6216,vị trí,vai trò
6217,ôn,luyện,ôn tập,ôn luyện
6218,bài Black Maria,bài con Đầm Pích
6219,bài tập treo mình,bài tập treo mình trên xà đơn,bài tập treo mình trên xà kép
6220,sự dạo,sự dẫn
6221,đổi màu,chuyển mầu,đổi mầu,chuyển mầu
6222,giấc chợp mắt,sự chợp mắt
6223,trò chơi thể thao
6224,cúp bóng,cú cúp bóng
6225,hít,hít vào
6226,sự đỏ mặt,sự thẹn,sự xấu hổ,sự mắc cỡ,sự bối rối,sự e thẹn,sự ngượng ngùng
6227,làm mộc,nghề mộc,nghề làm mộc
6228,ăn,chén,đớp,hốc,măm,ngốn,tọng,xơi,xực,dùng,dùng bữa
6229,dệt,sự dệt
6230,ôm,ôm chặt,cái ôm,cái ôm chặt
6231,ba lê
6232,diễn xuất
6233,sự bỏ phiếu,sự bầu cử,sự bầu chọn,cuộc bỏ phiếu,cuộc bầu cử,cuộc bầu chọn
6234,kỉ luật,kỷ luật,trừng phạt,trừng trị,xử phạt,phạt,sự thi hành kỉ luật,xử lý
6235,tiếp nhận,tiếp quản
6236,nhổ,khạc,khạc nhổ
6237,nhảy lò cò,nhảy ô
6238,khắc chữ
6239,chụp X-quang,X-quang
6240,sự chặn,sự cản,sự cản trở
6241,trò chơi trên bàn
6242,âm điệu,thanh điệu
6243,môn chơi bóng,môn bóng đá
6244,cú chặn bằng người
6245,hoạt động phụ,hoạt động ngoài lề,hoạt động bổ trợ,hoạt động tiêu khiển
6246,điều tra,điều tra hình sự,điều tra tội phạm
6247,lợp,lợp mái,lợp mái ngói,lợp ngói
6248,vị trí ném bóng,cầu thủ ném bóng,vị trí cầu thủ ném bóng,pitcher
6249,sự ra
6250,hoạt động âm nhạc
6251,sự xén,sự cắt,sự tỉa,sự cắt tỉa,sự cắt xén
6252,công việc,công tác
6253,đi thực tế,đi thực địa,khảo sát thực tế
6254,việc ngồi
6255,thói quen,tập quán,tập tính
6256,xen ngang,chen ngang,chen vào,xen vào
6257,đổi tiền,mua bán,mua bán tiền
6258,đo,đo lường
6259,ngụy trang,nghi trang
6260,xiếc,sự biểu diễn xiếc,sự diễn xiếc,sự trình diễn xiếc
6261,gian lận,ăn gian
6262,tài trợ,cấp tiền cho,bỏ vốn cho
6263,sự thủ vai,sự đóng vai
6264,cú ném bóng hỏng,cú ném bóng lỗi
6265,lệ thường,thói thường
6266,bàn thắng,điểm
6267,vụt qua,lao qua,phóng qua,vọt qua,sự vụt qua,sự lao qua,sự phóng qua,sự vọt qua
6268,nghe trộm điện thoại,nghe lén điện thoại
6269,thêu tay,đan tay,thêu thủ công,đan thủ công,nghề thêu tay,nghề đan tay,nghề thêu thủ công,nghề đan thủ công
6270,sự chia nhỏ,sự phân nhỏ,việc chia nhỏ,việc phân nhỏ,sự cắt nhỏ,việc cắt nhỏ
6271,chiếu tướng
6272,việc làm mẫu,sự làm mẫu
6273,sơ cứu,sự sơ cứu,cấp cứu sơ bộ,cấp cứu
6274,đợt,tràng,cơn,trận
6275,tăng tiền cược
6276,phép Bí tích
6277,tấn công,tiến công,cuộc tấn công,cuộc tiến công
6278,tàn dư,tàn tích,di vật
6279,mối,mối hàng,mối làm ăn
6280,sự phong tỏa,sự bao vây
6281,đóng gói,đóng gói bao bì
6282,vận chuyển hàng,chuyển hàng thường,chuyển phát hàng,việc vận chuyển hàng,việc chuyển hàng thường,việc chuyển phát hàng
6283,bật ngón tay,đánh ngón tay
6284,trận Lexington,trận Concord,trận Lexington and Concord
6285,đứng lên ngồi xuống,ngồi xuống đứng lên,động tác đứng lên ngồi xuống,động tác ngồi xuống đứng lên
6286,sự lao động
6287,lưu trú,ở lại,việc ở lại,việc nghỉ lại
6288,tìm thức ăn,tìm đồ ăn,kiếm thức ăn,kiếm đồ ăn,tìm kiếm thức ăn,tìm kiếm đồ ăn
6289,đính kèm,gắn thêm
6290,sự phóng ra,sự phun ra
6291,sảy,sẩy,sảy thai,sẩy thai,sự sảy thai,sự sẩy thai
6292,xâm chiếm,xâm lăng,xâm lược,xâm nhập,xâm phạm
6293,chỗ rách,vết rách,miếng xé
6294,giảm dần,sự giảm dần
6295,thể thức hóa
6296,thuộc da,dây chuyền xử lí da thô
6297,thói hình thức,chủ nghĩa hình thức
6298,sự rung,sự lắc,sự lúc lắc
6299,thăm,ghé thăm
6300,sự giải phóng cảm xúc sáng tạo,sự thăng hoa sáng tạo,sự thăng hoa cảm xúc
6301,cú gạt,cú đỡ,cú gạt đỡ,miếng gạt,miếng đỡ
6302,kế tiếp,sự kế tiếp,sự nối tiếp,nối tiếp,sự nối tiếp,kế tục,sự kế tục
6303,múa đơn,đơn vũ,đơn vũ ba lê,pas seul
6304,sinh sản,sinh đẻ
6305,phạm tội,vi phạm pháp luật
6306,chức vị bộ trưởng,địa vị bộ trưởng,chức tổng trưởng,vị trí tổng trưởng
6307,biểu hiện bên ngoài
6308,việc vẽ bản đồ,việc lập bản đồ,việc vẽ biểu đồ,vẽ bản đồ,lập bản đồ,vẽ biểu đồ
6309,bơi,bơi lội
6310,giấu,bưng bít,che giấu,che đậy,cất giấu,giấu giếm,giấu kín
6311,loạng choạng,chệnh choạng,chuệnh choạng,loạng quạng,lảo đảo,lểu đểu,ngả nghiêng,nghiêng ngả,đi loạng choạng,đi chệnh choạng,đi chuệnh choạng,đi loạng quạng,đi lao đảo,đi lểu đểu,đi nghiêng ngả,đi ngả nghiêng,bước đi lảo đảo,bước đi loạng choạng,sự đi lảo đảo,sự đi ngả nghiêng
6312,khoan dung,độ lượng,khoan thứ,rộng lượng
6313,lai giống,sự lai giống
6314,giam,giữ,nhốt,giam cầm,giam giữ,giam hãm
6315,quét
6316,nhân,phép nhân
6317,chải đầu
6318,brit,bài brit,trò chơi bài brit,trò đánh bài brit
6319,đe dọa,khủng bố,dọa dẫm,dọa nạt
6320,cú chèo hụt,cú hụt tay,cú hụt tay chèo,cú trượt tay,cú trượt tay chèo
6321,đâm,va,đụng,đâm nhau,va nhau,đụng nhau,va chạm,va đụng,đâm va
6322,cú trả bóng,quả bóng đánh trả lại
6323,chức quyền sứ giả,cương vị sứ giả
6324,sự phục vụ,sự hầu hạ,sự phục dịch
6325,lễ None
6326,xuất tinh ngoài,giao hợp nửa vời,giao hợp nửa chừng,giao hợp gián đoạn,xuất tinh ngoài âm đạo,giao hợp xuất tinh ngoài,sự giao hợp nửa vời,sự giao hợp nửa chừng,sự giao hợp gián đoạn,sự giao hợp xuất tinh ngoài
6327,lục tung,lùng sục,cuộc lùng sục
6328,rút lui,tháo lui,rút đi
6329,nhượng,nhượng lại,chuyển nhượng
6330,miễn,miễn trừ,sự miễn trừ,giải trừ,sự giải trừ
6331,chẩn đoán
6332,sự quét sân
6333,pitch,auction pitch
6334,đầu tư,rót vốn,bỏ vốn,đầu tư vốn,sự đầu tư,sự rót vốn,sự bỏ vốn,sự đầu tư vốn
6335,chụp quét cắt lớp điện toán,chụp CT,chụp CT scan
6336,chuyến đi săn
6337,phá thai,nạo thai,bỏ thai,phá bỏ,nạo phá thai
6338,chủ nghĩa thực dân
6339,đánh túi bụi,đánh dồn dập,đánh liên hồi,đánh liên tiếp,sự đánh túi bụi,sự đánh dồn dập,sự đánh liên hồi,sự đánh liên tiếp
6340,bổ nhiệm,bổ dụng,bổ nhậm,chỉ định
6341,giúp đỡ,bổ trợ,viện trợ,giúp,trợ giúp,hỗ trợ
6342,chảy,tuôn
6343,liều
6344,quản trị
6345,trận chiến,trận đánh,cuộc đụng độ,cuộc đối đầu,cuộc chiến đấu,cuộc xung đột,cuộc giao tranh
6346,bài poke,bài xì tố,bài xì pé,bài tây
6347,tự kỉ ám thị,sự tự kỉ ám thị
6348,sự kế thừa,sự thừa hưởng
6349,việc kích nổ
6350,làm ướt
6351,trị liệu,điều trị,phép chữa bệnh
6352,tạp dịch,công việc tạp dịch
6353,tự vẫn,tự sát,tự tử,quyên sinh
6354,tính hướng
6355,sự kiểm soát quân sự,sự chiếm đóng
6356,biểu quyết,bỏ phiếu,sự biểu quyết,sự bỏ phiếu
6357,chạy hết tốc độ,chạy hết tốc lực
6358,chơi cầu lông,cầu lông,môn cầu lông,trò chơi cầu lông,đánh cầu lông
6359,sự tuyên án,sự phán quyết
6360,sự kiểm soát,sự khống chế,sự hạn chế
6361,nhuộm,nhuộm tóc
6362,sự tự phụ,sự tự đắc,sự tự thị,sự giương giương tự đắc,sự kiêu căng tự phụ
6363,kéo,sự kéo,lấy ra,sự lấy ra,rút ra,sự rút ra
6364,thụt lùi,suy giảm
6365,sự trượt,sự lướt,sự trườn
6366,sự từng trải
6367,tín chỉ
6368,sự phân loại,sự tuyển chọn
6369,sự làm bằng nhau,sự làm ngang nhau
6370,rời,trốn,bỏ,rời bỏ,tự ý rời bỏ,bỏ trốn,bỏ chạy,chạy trốn,lẩn tránh
6371,tư thế bơi,kiểu bơi
6372,lấp đầy,sự lấp đầy,làm giàu thêm,sự làm giàu thêm,làm phong phú thêm,sự làm phong phú thêm
6373,vươn,sự vươn ra
6374,tiến,tiến lên
6375,tính khoan dung,tính nhân hậu,tính hiền hậu
6376,việc li hôn,việc li dị,việc ly hôn,việc ly dị
6377,sự vắng mặt,việc vắng mặt
6378,việc nâng đỡ,việc nâng nhấc,việc nâng vác,nâng đỡ,nâng nhấc,nâng vác
6379,xăm trổ,xăm vẽ,xăm mình
6380,khua gươm múa kiếm,múa gươm múa kiếm
6381,thủ tục y khoa,thủ tục y tế
6382,giải phóng,giải vây,sự giải phóng,sự giải vây
6383,sự kéo căng
6384,sự chèo thuyền
6385,sự phóng lên,sự bắn lên,sự phóng tên lửa,sự phóng tàu không gian
6386,canh tác,cày cấy,cấy cày,cấy cầy,cầy cấy,nuôi,nuôi trồng,nông nghiệp,trồng,trồng trọt,đồng áng
6387,tật đánh sang trái
6388,đóng góp,góp phần,sự đóng góp,sự góp phần
6389,nắm chặt,nắm chắc,giữ chặt,giữ chắc,tóm chặt,túm chặt
6390,trò chơi thể thao trên sân
6391,chạm,khắc,tạc
6392,sự chấp nhận,sự chấp thuận,sự tán thành,sự ủng hộ
6393,phép chữa bằng tâm lí
6394,biến thái tình dục,thác loạn tình dục
6395,phù hộ,độ trì,phù trì,phù trợ
6396,khóa học tự chọn
6397,sự bao bọc,sự che đậy,sự phủ
6398,vụ mua bán,vụ giao dịch,vụ buôn bán
6399,kênh phân phối,kênh,phân phối
6400,vết rạch,vết chém,vết cắt,vết cứa
6401,hành hình bằng điện
6402,đặc miễn,đặc cách
6403,nêm gia vị,thêm gia vị
6404,sự biến đổi không ngừng,sự thay đổi không ngừng
6405,sự làm phép,việc làm phép
6406,điệu vũ quay Virginia,điệu nhảy hai hàng sánh đôi
6407,hạ bệ,cách chức,phế quyền,phế vị,phế truất,truất quyền
6408,cưỡng chế,bắt tuân theo
6409,cách phòng vệ,cách phòng tránh,cánh phòng ngừa,biện pháp phòng vệ,biện pháp phòng tránh,biện pháp phòng ngừa
6410,xúc phạm giáo hội La Mã
6411,sự chỉnh,điều chỉnh,điều tiết,sự điều chỉnh,sự điều tiết,sự sửa đổi
6412,sáng tạo,sáng tạo ra,tạo ra,sự sáng tạo,sự sáng tạo ra,sự tạo ra
6413,cầu nguyện,nguyện cầu
6414,nghề thủ công
6415,buông câu,giăng câu,quăng câu,thả câu,buông cần câu,quăng cần câu,thả cần câu
6416,nước cờ
6417,đếm
6418,tra tấn kẹp bàn chân,hình phạt kẹp bàn chân
6419,lưu kho
6420,bán hàng,sự bán,sự bán hàng,việc bán,việc bán hàng
6421,chuyến bay
6422,chà,cọ,chà xát,cọ xát,kì,kì cọ,sự chà xát,sự cọ xát
6423,sự lắc lư,sự chao đảo,sự chòng chành
6424,phản công,phản kích
6425,cuộc giải trí,cuộc tiêu khiển,trò giải trí
6426,bóng quần,môn bóng quần,bóng tường,môn bóng tường
6427,phân chia,phân phối,phân bổ,sự phân chia,sự phân phối,sự phân bổ
6428,sự bắt ép,sự ép buộc,sự cưỡng ép,sự bắt buộc
6429,nhiếp ảnh,nghệ thuật nhiếp ảnh
6430,kéo đàn
6431,cố,nỗ lực
6432,ném rổ,cú ném rổ
6433,sự truyền bá,sự phổ biến,sự lan truyền,sự lan tỏa
6434,soạn từ điển,biên soạn từ điển
6435,hành hung,ẩu đả
6436,sai lầm,lầm lỗi
6437,sự cắn,sự ngoạm,sự đớp
6438,sự vô ý sót,sự vô tình sót,sự vô ý quên,sự vô tình quên,sự vô ý bỏ sót,sự vô tình bỏ sót
6439,phần,việc
6440,dạng chân,đứng dạng chân,ngồi dạng chân
6441,sự kích động,sự chấn động
6442,nâng cấp,cải tiến,sự nâng cấp,sự cải tiến
6443,thịnh nộ,thạnh nộ,cuồng nộ,cơn giận,sự thịnh nộ,cơn thịnh nộ,sự thạnh nộ,cơn thạnh nộ,sự cuồng nộ,cơn cuồng nộ
6444,tiêm tĩnh mạch
6445,van,điệu van,điệu nhảy van,vanxơ,van-xơ
6446,soi,săm soi,kiểm tra,kiểm tra kĩ lưỡng,xem xét kĩ lưỡng
6447,đòn giả,đòn nhử
6448,giáo dục,giảng dạy,dạy học,hoạt động giáo dục,hoạt động dạy học,hoạt động giảng dạy,công tác giảng dạy
6449,việc đã rồi,sự đã rồi,việc đã xong rồi,sự đã xong rồi
6450,sở trường,sở thích,gu,thị hiếu
6451,tẩy,rửa,giặt,tẩy rửa,giặt rửa
6452,sự liều,sự mạo hiểm
6453,trận đấu,trận quyền,trận đấu vật
6454,động tác nhào lộn,thuật nhào lộn
6455,trắc nghiệm trí lực
6456,đòn khóa
6457,hạch toán chi phí,tính toán chi phí,hạch toán theo chi phí
6458,làm nhiễu điện tử,gây nhiễu điện tử
6459,việc dễ,việc dễ dàng,việc dễ làm,việc dễ xơi,việc ngon ăn,việc ngon xơi,việc dễ thực hiện
6460,tự vệ,sự tự vệ
6461,uống say,quá chén,uống rượu say
6462,gia sư,dạy riêng,kèm riêng,kèm cặp riêng,việc dạy riêng,việc kèm riêng,việc kèm cặp riêng
6463,sự phân loại chung
6464,ngâm,sự ngâm
6465,súng lệnh
6466,tế,tế thần,hiến tế,tế lễ,cúng tế
6467,gắn bó,trung thành,bám sát,theo,theo đuổi
6468,sản xuất,sự sản xuất,việc sản xuất
6469,nâng tạ qua đầu,đưa tạ qua đầu,cử tạ qua đầu
6470,dâm dục,dâm ô,sự dâm dục,lòng dâm dục,sự dâm ô
6471,vắt,nặn,miết,dồn,dí
6472,sản lượng,số lượng
6473,sự vô hiệu hóa,sự phế bỏ,sự bãi bỏ
6474,cứu,giải cứu,giải thoát,cứu nguy,cứu giúp,cứu thoát,cứu sống
6475,giảm,giảm sút,thoái hóa,giáng cấp,xuống cấp,suy biến,xấu đi,giảm đi
6476,thia lia
6477,cắt ngang,làm phiền,gây phiền,làm phiền hà,làm phiền phức,làm xáo trộn,gây xáo trộn,làm lộn xộn
6478,cú đập bóng,cú overhead
6479,chiến tranh sinh học,hủy diệt sinh học
6480,ganh,ganh ghét,ganh tị,ganh tỵ,ghen,ghen ghét,ghen tị,ghen tỵ,đố kị,đố kỵ
6481,khủng bố,chủ nghĩa khủng bố
6482,sự xuất hiện,sự trình diện,sự ra mắt
6483,việc thiện,việc từ thiện,việc tình nguyện,việc thiện nguyện,việc tử tế
6484,sự làm bỏng bằng hơi nước hoặc nước nóng
6485,sự lau,sự chải,sự kì,sự kì cọ
6486,cử tạ,nâng tạ,đẩy tạ,cử đẩy tạ
6487,Lễ ban thánh thể,Lễ nhận thánh thể,lễ ban thánh thể
6488,làm sáng hơn,làm trắng ra
6489,việc làm đầy,việc lấp đầy,việc đổ đầy,việc đong đầy
6490,cho thuốc,chữa bệnh bằng thuốc,liệu pháp dùng thuốc,xử lí bằng thuốc
6491,đánh mất,mất mát
6492,không tham gia,không tham dự
6493,cầm,cắm,thế chấp,cầm đồ,cắm đồ,thế chấp đồ,sự thế chấp,sự cầm đồ,sự cắm đồ
6494,sự làm nổ,sự kích nổ
6495,sự khóc lóc,sự khóc
6496,làm trắng,tẩy đen
6497,vai trò cụ thể,tác dụng cụ thể,nhiệm vụ cụ thể
6498,lộn ngược,quay ngược,sự gây xáo trộn,sự làm xáo trộn,sự lật ngược,sự lộn,sự lộn ngược,sự quay ngược,sự trộn,sự xoay ngược,sự xáo trộn,sự xốc,sự đảo,sự đảo chiều,sự đảo lộn,sự đảo ngược,sự đổi ngược,xoay ngược,đảo,đảo ngược,đổi ngược
6499,làm giảm,làm giảm bớt,làm dịu,làm dịu bớt,làm nhẹ bớt
6500,tự tu,tự học,tự tu dưỡng,tự rèn luyện,tự đào tạo,tự cải thiện,tự nâng cao,sự tự tu,sự tự học,sự tự tu dưỡng,sự tự rèn luyện,sự tự đào tạo,sự tự cải thiện,sự tự nâng cao
6501,sự kéo chỉnh hình
6502,thể thao ngoài trời
6503,cô lập,cách li,tình trạng bị cô lập,tình trạng bị cách li
6504,việc trâu bò
6505,dịch vụ
6506,ném,gieo
6507,sự chuyển giao,sự chuyền tay,sự sang tay
6508,nội chiến
6509,mại dâm,bán dâm,mãi dâm
6510,nứt,rạn,rạn nứt
6511,hành vi bắt cóc
6512,bộc lộ,bộc bạch,phô bày,phơi bày,phơi ra,biểu hiện
6513,điều chỉnh,chỉnh lí,sự điều chỉnh,sự chỉnh lí
6514,pha trộn,hòa lẫn,hòa trộn
6515,sự thừa kế
6516,lắng nghe
6517,chiến thắng bất ngờ,chiến thắng không ngờ tới
6518,chuyển quyền sở hữu tài sản,nhượng quyền sở hữu tài sản
6519,liệu pháp vật lí,liệu pháp vật lý,vật lí trị liệu,vật lý trị liệu
6520,thả,sự giải phóng,sự phóng thích,phóng thích,giải phóng
6521,sự cưỡng chế
6522,bắt hỏng,bắt trượt
6523,chào hàng,tiếp thị
6524,sự cất giữ,sự dự trữ,sự tích trữ
6525,hát scat
6526,Thánh lễ,lễ Mi-sa,Thánh lễ Mi-sa
6527,xác định,định rõ,phán định,sự xác định,sự định rõ,sự phán định
6528,đi chơi,cuộc đi chơi,chuyến đi chơi
6529,nhậm chức,nhiệm chức,lên ngôi
6530,coi khinh,coi thường,xem khinh,cự tuyệt,xúc phạm,sự coi khinh,sự coi thường,sự khinh thường,sự khinh miệt,sự coi rẻ
6531,chia bài,sự chia bài
6532,sự giật,sự rơi
6533,bi-a 6 lỗ
6534,lợp mái,nghề lợp mái
6535,nổ,làm nổ
6536,buôn bán nô lệ,sự buôn bán nô lệ
6537,sự thở,sự hô hấp
6538,tiếng nói,cơ quan ngôn luận
6539,chuyến
6540,bào chữa,biện hộ,biện giải,bác bỏ,phủ nhận,cãi
6541,xét nghiệm,hóa nghiệm,phân tích,thí nghiệm,thử nghiệm
6542,sự bảo vệ,sự phòng thủ
6543,lễ thức đêm
6544,sự bao gồm,sự bao hàm
6545,lục soát,lục lọi,rà soát,săn lùng,sưu tầm,tra cứu,truy tìm,sự tìm kiếm,sự khám xét,sự lục soát,sự lục lọi,sự rà soát,sự săn lùng,sự sưu tầm,sự tra cứu,sự truy tìm
6546,phép toán số học,phép tính số học
6547,tránh thai tự nhiên,ngừa thai tự nhiên,phương pháp ngừa thai tự nhiên,phương pháp tránh thai tự nhiên,kế hoạch hóa gia đình tự nhiên
6548,biểu diễn,diễn,trình diễn
6549,sự sửa vội
6550,sự sáng tạo bằng lời,sự sáng tạo bằng lời nói
6551,trò may rủi,trò đỏ đen,trò chơi may rủi,trò chơi đỏ đen
6552,lễ rửa tội
6553,dọa phạt,dọa trừng phạt,dọa trừng trị
6554,trà đạo
6555,đền,bồi thường,hồi hoàn
6556,cú kích,cú nhấp,cú nhắp,cú click,cú kích chuột,cú nhấp chuột,cú nhắp chuột
6557,sự chống,sự đỡ,sự chống đỡ
6558,sự đến,sự tới nơi,sự đến nơi
6559,trò đùa,trò chơi
6560,thói xấu,tật xấu,thói hư tật xấu,tính xấu
6561,ném mạnh
6562,quân chất,quân chủ
6563,cứu rỗi,cứu rỗi linh hồn,giải thoát linh hồn,giải cứu linh hồn
6564,sự dạy đọc,sự dạy tập đọc
6565,hoạt động xã hội
6566,bò,trườn,sự bò,sự trườn
6567,treo cổ
6568,cấy,ghép
6569,phá hủy,phá hỏng,tàn phá,hủy hoại
6570,dừng chân,ghé lại
6571,sự lọc,sự gạn,sự gạn lọc,sự gạn lắng
6572,hất chân,động tác hất chân
6573,nỗ lực không ngừng,sự gắng sức liên tục
6574,sự chăm sóc,sự chăm nom,sự gìn giữ,sự giữ gìn,sự bảo dưỡng
6575,khiêu vũ nghệ thuật
6576,lao,lao đi
6577,nhiệm vụ cấp thiết,nhiệm vụ cấp bách,nhiệm vụ bức thiết
6578,sự giải trừ quân bị,việc giải trừ quân bị
6579,bóp méo,làm méo mó,làm sai lạc,ngụy tạo,sự bóp méo,sự làm sai lệch,sự ngụy tạo,sự xuyên tạc,xuyên tạc
6580,sự biến hình,sự biến hóa,sự biến thái,sự biến chất
6581,cú ném bóng
6582,chạy nước kiệu
6583,cuộc thi nhảy xa,nhảy xa,thi nhảy xa
6584,lời tuyên án,lời phán quyết,bản án
6585,công vụ,việc công
6586,sự chia tách,sự phân tách,sự phân chia,sự tách rời
6587,sa đọa,sự sa ngã
6588,sắp xếp thứ tự,sự xếp thứ tự,sắp xếp trật tự,sự xếp trật tự,sự sắp xếp có trình tự,sự sắp xếp tuần tự,sắp xếp theo thứ tự,sắp xếp theo trật tự
6589,lưu hành,lưu thông,truyền bá
6590,cướp,ăn cướp
6591,bơi sải,kiểu bơi sải,tư thế bơi sải,kiểu bơi Australian
6592,bán lẻ,bán sỉ,sự bán lẻ,sự bán sỉ
6593,Điện Biên Phủ,Dien Bien Phu
6594,sự hôn
6595,trò tứ quý,trò so bài,all fours,high-low-jack
6596,hoạt động chính trị,công việc chính trị
6597,nuôi cấy,nuôi trồng
6598,thị trường,thương trường,chợ
6599,sự chui bài,sự dập bài
6600,quản lí tài chính
6601,cú nhảy ném
6602,cú phát bóng,quả phát bóng
6603,hành vi gây hấn,hành vi gây sự,hành vi gây gổ
6604,bài tập căng cơ,bài tập duỗi cơ
6605,thành công vang dội,tiếng vang
6606,chức tổng thống,chức vị tổng thống,cương vị tổng thống,địa vị tổng thống
6607,sự thử,sự gắng thử,sự cố gắng
6608,sự thở,sự hít thở
6609,bước nhảy,bước khiêu vũ
6610,làm bỏng,làm cháy,gây bỏng,gây ra bỏng
6611,sự quyết tâm,sự kiên quyết,sự cương quyết
6612,chiến dịch,cuộc vận động,phong trào,làn sóng
6613,bóc,bóc vỏ,lột trần,cởi ra
6614,cú đánh cúp
6615,cách cư xử,cách ứng xử,cách hành xử,cách xử sự,cách đối xử,thái độ cư xử,thái độ ứng xử,thái độ hành xử,thái độ xử sự,thái độ đối xử,sự ứng xử,sự xử sự,sự cư xử,sự đối xử,sự hành xử
6616,cú đấm đau,cú trời giáng,cú châm,cú chích
6617,điển hình hóa
6618,nhân trắc,nhân trắc học
6619,trao đổi,trao đổi qua lại
6620,lỗi lớn,thất sách
6621,lùa,dồn,xua
6622,sự chống đỡ,chỗ dựa
6623,đâm,chọc,châm,chích,đục,sự đâm thủng,sự chọc thủng,sự châm thủng,sự chích thủng,sự đục thủng
6624,xuất bản,nghề xuất bản
6625,sự quỳ,sự quỳ xuống
6626,chiếm đoạt tài sản,sự chiếm đoạt tài sản
6627,cố gắng,gắng sức,nỗ lực
6628,nấu,nấu nướng,nấu ăn
6629,hát thánh ca
6630,khía,vết khía
6631,hành vi trái đạo đức,hành vi vô đạo đức,hành vi bất chính,hành vi gian ác
6632,CT,chụp cắt lớp,chụp cắt lớp vi tính,chụp X quang,chụp hình X quang
6633,đi nhờ,quá giang,đi quá giang,sự cho đi nhờ,sự cho quá giang
6634,sự hối lộ,sự đút lót,sự lo lót,hối lộ,đút lót,lo lót
6635,chạy chữ chi,tàu chạy chữ chi
6636,sự rượu chè quá độ,sự chè chén vô độ
6637,giao dịch,giao thiệp
6638,đánh trượt bóng,đập trượt bóng,cú đánh trượt,cú đập trượt,cú đánh trượt bóng,cú đập trượt bóng
6639,rê bóng
6640,phép đánh dấu câu,cách đánh dấu câu,phép chấm câu
6641,màn yểm hộ
6642,phân biệt đối xử,kì thị
6643,cuộc hẹn,cuộc hẹn gặp,buổi hẹn,buổi hẹn gặp
6644,điệu nhảy cao nguyên Xcốt-len,vũ điệu cao nguyên Xcốt-len
6645,phép cộng,cộng,tổng,phép lấy tổng
6646,sự ăn cắp,sự ăn cướp,sự ăn trộm,sự lấy trộm,sự lấy cắp,việc ăn cắp,việc ăn trộm,việc lấy trộm,việc lấy cắp,hành vi ăn cắp,hành vi ăn trộm,hành vi lấy trộm,hành vi lấy cắp
6647,in ấn,in,ấn
6648,nhại,nhái,nhại lại,nhái lại
6649,lướt,bước lướt,động tác lướt
6650,cú đấm trả
6651,khai phá,khai khẩn,khẩn hoang
6652,phát triển ổn định,sự tiến bộ không ngừng
6653,cuộc chơi,cuộc thi đấu,trò chơi
6654,quy trình,quá trình,thủ tục,trình tự
6655,ngập ngừng,ngại ngùng
6656,ăn,ăn quân
6657,bài tập thể dục
6658,góc thứ ba
6659,tráng
6660,sự chiến thắng,sự đánh bại,sự đánh thắng
6661,sự cẩu thả,sự sơ suất,sự bất cẩn,sự vô ý,sự chểnh mảng,sự thiếu thận trọng
6662,sự bán hàng phúc thiện,bán hàng phúc thiện,bán hàng từ thiện
6663,sinh đẻ có kế hoạch,kế hoạch hóa gia đình,kiểm soát sinh đẻ,hạn chế sinh đẻ
6664,hoạt động thương mại,kinh doanh thương mại,kinh doanh
6665,điều khiển,kiểm soát
6666,xuất kích,cuộc xuất kích,đợt ra đòn,cường kích
6667,sự chuyên cần,sự cần cù,sự siêng năng,tính siêng năng
6668,di chuyển nhanh,di chuyển mau lẹ
6669,lượt chơi,phiên chơi,lần chơi
6670,kết nối,sự kết nối,chắp nối,chắp nối,liên kết,sự liên kết
6671,giai đoạn,biện pháp,bước
6672,cầm tù,bỏ tù,tống giam
6673,trận đấu,cuộc chiến đấu,trận chiến đấu,cuộc chiến đấu vũ trang
6674,sự cắt,sự thái,sự chặt
6675,sự nghiệp,công danh,công danh sự nghiệp
6676,thắng lợi,thành công,sự đạt được,sự giành được,sự chiến thắng,sự thắng cuộc
6677,kết giọng,kết tông,kết tone
6678,giải thoát,giải phóng,phóng thích,trả tự do,sự giải thoát,sự giải phóng,sự phóng thích,sự trả tự do
6679,sơn,sơn nhà,sơn nhà cửa,nghề sơn nhà,nghề quét sơn,nghề quét vôi
6680,cược,cá,đặt cược,cá cược,đánh cược,cá độ
6681,sự ấn tượng
6682,đùa ác,đùa độc địa,trò đùa tai quái,đùa giỡn ác độc
6683,bẩn,ô nhiễm,gây ô nhiễm,gây ra ô nhiễm
6684,cái nhìn,quan sát,nhìn ngắm,nhãn quan
6685,tái khám,khám lại,kiểm tra lại
6686,sự lượn
6687,ngược đãi,bạc đãi,đối xử tồi tệ,đối xử tàn tệ
6688,phi ném,việc phi ném
6689,sự khảo sát tỉ mỉ
6690,giám sát,kiểm soát,quản thúc,theo dõi,kiểm tra,quản lí,quản lý
6691,đi bằng đường thủy,đi bằng đường sông,đi bằng đường biển
6692,biểu tượng hóa,tượng trưng hóa,biểu trưng hóa,sự biểu tượng hóa,sự tượng trưng hóa,sự biểu trưng hóa
6693,thời gian nhàn rỗi,thời gian rảnh rỗi,thì giờ nhàn rỗi,thì giờ rảnh rỗi
6694,sự phiêu lưu,cuộc phiêu lưu
6695,vui chơi,vui chơi giải trí,vui đùa,nô đùa,đùa nghịch,sự vui chơi,sự vui đùa,sự nô đùa,sự đùa nghịch
6696,việc thả xuống,việc thả rơi
6697,cướp xe,vụ cướp xe
6698,chạy bộ,chạy thể dục,jog
6699,làm kiệt,làm kiệt quệ,làm cạn kiệt,làm suy kiệt,làm suy giảm,làm suy yếu
6700,sự kiểm tra cặn kẽ,sự kiểm tra tỉ mỉ,sự xem xét cặn kẽ,sự xem xét tỉ mỉ
6701,tình trạng không hoạt động,sự bất động
6702,huyên náo,xôn xao,om sòm,om xòm,nhao nhao,sự huyên náo
6703,chuyển hướng,chuyển phương hướng,sự chuyển hướng,sự định hướng lại,sự đổi hướng,việc chuyển hướng,việc chuyển phương hướng,việc đổi hướng,việc đổi phương hướng,định hướng lại,đổi hướng,đổi phương hướng
6704,sự kiểm tra,sự kiểm soát,sự kiểm lại
6705,sự làm héo,sự làm rũ xuống,sự làm rủ xuống,sự làm suy yếu
6706,phát điện,sự phát điện,sản xuất điện
6707,cái nhìn,ánh nhìn,tia nhìn,việc nhìn
6708,đột kích,đầu cơ khống,raid
6709,bị thương,tổn thương,thương tổn,gây tổn thương
6710,sự lấy lại được,sự tìm lại được
6711,rê,quạt,sảy,sẩy,sy
6712,vãi,rải,tãi,rãi,gieo,gieo vãi,gieo rãi,gieo rắc
6713,sự tạm ngừng,sự tạm nghỉ,sự tạm ngưng
6714,vai trò xã hội
6715,câu lục
6716,tuyển mộ,chiêu mộ,tuyển dụng
6717,thẩm lí,thẩm lý,khai thẩm
6718,sự hấp tấp,sự láng cháng,sự vội vã
6719,tình báo,hoạt động tình báo
6720,pha trộn,kết hợp,phối hợp,sự pha trộn,sự kết hợp,sự phối hợp
6721,hội hè,liên hoan,hội hè đình đám,ăn chơi nhảy múa,vui chơi nhảy múa
6722,sự xây dựng,sự dựng xây,sự kiến tạo
6723,ngư nghiệp,nghề cá,nghề khơi,nghề ra khơi,nghề chài lưới,nghề đánh cá,nghề đánh bắt cá
6724,việc tử tế,hành động đẹp
6725,việc làm đầu,việc làm tóc,việc chăm sóc tóc
6726,bắn phá ồ ạt,bắn ồ ạt,bắn liên tiếp,bắn phá liên tiếp
6727,cử động
6728,phúc lợi xã hội
6729,sự hộ tống,sự tháp tùng
6730,cú với bóng
6731,sự bãi miễn
6732,thanh lí,từ bỏ,xử lí
6733,hành vi xâm phạm
6734,khách quen,khách ruột,khách hàng trung thành,khách hàng quen,khách hàng quen thuộc,khách hàng thân thuộc,VIP,khách VIP,khách hàng VIP,khách hàng ruột
6735,mánh khóe,mưu mẹo,thủ đoạn
6736,sự run,sự run sợ,sự run rẩy
6737,sự điều chỉnh,sự điều tiết,sự biến đổi,sự thay đổi
6738,sự sờ soạng,sự quờ quạng,sự mò mẫm
6739,hợp tác,phối hợp
6740,đi thuyền buồm,lái thuyền buồm
6741,rãnh xoắn nòng súng
6742,sự bắt chước,sự noi gương,sự làm theo
6743,chuyến đi,cuộc chu du
6744,lần loại do ba cú đánh hỏng
6745,đánh nhẹ,đánh khẽ,chạm nhẹ,chạm khẽ,cú đánh nhẹ,cú đánh khẽ,cú chạm nhẹ,cú chạm khẽ
6746,lăng mạ,sỉ nhục,xúc phạm,lăng nhục,khinh miệt
6747,chân sáo,nhảy chân sáo,nhảy nhót
6748,lễ,lễ nghi,nghi lễ
6749,đánh bài,chơi bài,trò đánh bài,trò chơi bài
6750,sự cạo râu,sự cạo mặt
6751,thủ thuật,sự nhanh tay
6752,sự sản xuất,sự chế tạo,sự chế tác
6753,cờ vua,trò cờ vua
6754,sự tiết chế,sự kiềm chế,sự kìm nén,sự kìm tỏa
6755,sự đánh giá,sự nhận định,việc đánh giá,việc nhận định,hành động đánh giá
6756,lộn xộn,hỗn độn,rối loạn,hỗn loạn
6757,xét xử,việc xét xử
6758,dẫn độ,sự dẫn độ
6759,cú phát bóng,phát bóng
6760,xuống,xuống xe,xuống xe xuống ngựa,xuống xe xuống cộ,việc xuống,việc xuống xe,việc xuống xe xuống ngựa,việc xuống xe xuống cộ
6761,sự lợi dụng
6762,sự khái niệm hóa
6763,truyền,việc truyền,tiêm truyền
6764,thỏa hiệp,dàn xếp,hòa giải
6765,tiêm chủng,tiêm phòng,tiêm vacxin,tiêm vắc-xin
6766,tái phân bổ
6767,bảo vệ,bảo hộ,che chở,sự bảo vệ,sự bảo hộ,sự che chở,đùm bọc
6768,động viên,huy động,điều động,điều
6769,thủ công mĩ nghệ,thủ công mỹ nghệ
6770,cờ triệu phú,cờ độc quyền,Cờ monopoly,Monopoly
6771,thực hiện,sự thực hiện,hiện thực hóa
6772,quăng ném,quăng liệng,ném vứt
6773,làm,làm việc,lao động
6774,tắm,tắm rửa,việc tắm,việc tắm rửa
6775,sự phân li,sự chia cắt,sự ngăn cách,tình trạng bị phân li,tình trạng bị phân ly,tình trạng bị chia cắt,tình trạng bị ngăn cách
6776,vi phạm nội quy,vi phạm điều lệ
6777,đình,sự ngưng,họ
6778,nông,nghề nông
6779,thể thao dưới nước
6780,phẫu thuật căng da mặt,phẫu thuật loại bỏ nếp nhăn,giải phẫu thẩm mĩ
6781,chè chén say sưa,ăn uống say sưa
6782,sự thụ thai,sự thụ tinh,sự có thai,sự có mang,sự có bầu,sự mang thai,sự mang bầu
6783,khoan,việc khoan,việc khoan đục
6784,nổ súng đồng loạt,đồng loạt nổ súng,nổ súng một loạt,nổ súng hàng loạt,bắn đồng loạt,đồng loạt bắn
6785,quản lí,cai quản,điều tiết,chi phối
6786,phiếu phủ quyết,lá phiếu phủ quyết
6787,cú xoay nhẹ,phát xoay nhẹ,cú vặn nhẹ
6788,nghiêng cánh
6789,mặc,vận,mặc đồ,vận đồ,mặc quần áo,vận quần áo
6790,trò nguy hiểm,trò biểu diễn nguy hiểm,trò diễn mạo hiểm,động tác nguy hiểm
6791,sự cung cấp,sự cung ứng,sự tiếp tế
6792,nghĩa vụ quân sự,nghĩa vụ,quân dịch
6793,bổ nhào,bổ chửng,lao đầu,chao xuống,đâm bổ xuống,đâm nhào xuống,bổ nhào xuống,đâm đầu xuống,cú đâm bổ xuống,cú nhào xuống,cú bổ nhào xuống,cú đâm đầu xuống,sự đâm bổ xuống,sự đâm nhào xuống,sự bổ nhào xuống,sự đâm đầu xuống
6794,điều trị,chữa trị,sự điều trị,sự chữa trị,phép trị bệnh
6795,cầu cứu,khẩn cầu,cầu khẩn
6796,giật mình,giật nảy mình,giật nẩy người
6797,sự chia,sự phân chia
6798,nơi tụ dòng,ngã ba sông,chỗ hợp dòng,tụ điểm
6799,chuyến công tác,chuyến đi công tác
6800,chĩa,nhắm,ngắm,hướng
6801,sự thoát hiểm,sự tránh được,sự thoát được
6802,chuyện lớn,vấn đề lớn,chuyện nghiêm trọng,việc nghiêm trọng,chuyện to
6803,cắt râu,cạo râu,nhổ râu,vặt râu
6804,kéo co
6805,phẫu thuật chân,mổ chân
6806,phẫu thuật mũi,mổ mũi
6807,phẫu thuật mắt,mổ mắt
6808,phẫu thuật cổ,mổ cổ
6809,phẫu thuật bụng,mổ bụng
6810,bệnh Đao,Down,bệnh Down,hội chứng Down,hội chứng Đao
6811,chọi gà,đấu gà,đá gà
6812,chọi trâu,đấu trâu
6813,đua thuyền,đua ghe
6814,đua ngựa
6815,đua xe máy
6816,gọt bút chì,chuốt bút chì,vót bút chì
6817,hòa nhập,hội nhập,hòa hợp
6818,học nhóm,học chung
6819,múa lân
6820,tập làm văn
6821,chăm sóc sức khỏe,ngành y,ngành y tế
