7445,máy ghi hình,máy thu hình,máy quay phim
7446,ca,cốc có quai,li có quai
7447,kính thiên văn,kính viễn vọng
7448,bản vẽ cấu trúc,bản vẽ kĩ thuật,bản thiết kế,thiết kế
7449,dụng cụ đo lường
7450,cơ chế truyền động
7451,thiệp sinh nhật
7452,đàn cla-ri-nét,đàn clarinet
7453,phần thềm vào,phần bổ sung,việc bổ sung
7454,dụng cụ trắc địa,dụng cụ khảo sát trắc địa
7455,trang sức,đồ trang sức
7456,bộ lưu trữ không cố định
7457,dụng cụ ghi,thiết bị ghi,máy ghi
7458,thuốc lá,thuốc từ thảo dược
7459,gậy,gậy golf,gậy gôn,gậy đánh gôn,gậy đánh golf
7460,cổng,cổng máy tính
7461,bãi tập bắn,bãi tập
7462,dụng cụ nhọn,đồ dùng nhọn,dụng cụ sắc nhọn,đồ dùng sắc nhọn
7463,vật trang trí,đồ trang trí
7464,máy trộn,đồ trộn,máy trộn thức ăn,đồ trộn thức ăn
7465,kim chỉ,đồ khâu vá,đồ lặt vặt
7466,khăn trùm đầu,khăn bao đầu
7467,gậy,cái gậy,cây gậy
7468,ván,pa-nô,bảng,panen
7469,thuyền buồm,thuyền một cột buồm
7470,thiết bị giảm âm,thiết bị giảm âm lượng
7471,bộ đồ thủy tinh,bộ đồ ăn thủy tinh,đồ ăn bằng thủy tinh
7472,dây nói,dây điện thoại,đường dây điện thoại
7473,tác phẩm điêu khắc,công trình điêu khắc
7474,vi mạch,vi mạch xử lí,vi mạch xử lý,chíp,chíp điện tử,chip điện tử,chíp,chip
7475,vành mũ
7476,vật hãm,vật cản
7477,dụng cụ phẫu thuật,dụng cụ giải phẫu
7478,chướng ngại,trở lực,trở ngại,vật cản trở,chướng ngại vật,vật chướng ngại
7479,thiết bị ép
7480,thiết bị ổn định,thiết bị điều hòa,máy bình ổn,máy điều hòa
7481,dụng cụ quang học
7482,thuốc giãn nở
7483,cánh tà,cánh flap
7484,ghe,nôộc,thuyền,thuyền có mái chèo,thuyền nhỏ,xuồng,đò
7485,chiếc lược,cái chải,cái lược,cây chải,cây lược,lược
7486,đầu,đoạn đầu,phần đầu
7487,bóng điện tử,đèn điện tử,đèn điện tử chân không
7488,hệ thống viễn thông
7489,lớp lót,lớp vải lót,lụa,miếng vải,mảnh vải,tấm vải,vải,vải bông kẻ sọc,vải lụa
7490,đồ trắng,trang phục trắng
7491,đồ cắt,đồ cắt thái,dụng cụ cắt,dụng cụ cắt thái
7492,giường tàu,giường
7493,giá treo cổ
7494,chén,cốc,cốc chén,chén cốc,li chén,ly chén
7495,đồ lanh,đồ linen
7496,hệ thống lái
7497,cái còng,cái cùm,cái xích,còng,cùm,dây trói,xích
7498,thùng,két,thùng chứa
7499,thùng,chum,vại
7500,máy chơi bạc
7501,đạn cát-tút
7502,băng,băng đô
7503,bánh xe,bánh xe ô tô
7504,bàn giấy,bàn viết,bàn làm việc
7505,phần nhô hình tròn
7506,khối lập phương,khối vuông,lập phương
7507,kính hiển vi quang học
7508,thấu kính,kính
7509,mặt,toòng teng
7510,add-on,công cụ bổ sung,công cụ hỗ trợ,phần bổ sung,phần hỗ trợ,phụ kiện,phụ tùng
7511,khu nhà giam,khu giam giữ
7512,thuốc theo đơn,thuốc kê đơn,thuốc chỉ định,thuốc theo chỉ định
7513,lỗ,lỗ châm,lỗ chích,lỗ chọc,lỗ thủng,lỗ đâm
7514,giàn,giàn dây leo,giàn leo,giá,khung,khung dây leo,khung leo
7515,chỗ giao,chỗ giao nhau,chỗ gặp nhau,chỗ nối,ngã ba,ngã tư,nút giao,nút giao nhau,nút gặp nhau,đầu mối,đầu nối
7516,thiết bị bán dẫn
7517,thuốc phá thai,thuốc phá hỏng thai,thuốc làm hư thai,chất phá thai,chất phá hỏng thai,chất làm hư thai
7518,cắm hoa,sắp xếp hoa,bài trí hoa
7519,hộp bộ đồ,hộp đồ nghề
7520,máy điều tốc,bộ điều tốc
7521,nhạc cụ hơi bằng gỗ,bộ hơi gỗ
7522,cánh,cánh quạt
7523,đồ điện gia dụng trắng
7524,đường,lối,đường ra vào,lối ra vào
7525,đồ cải trang,quần áo cải trang
7526,hộp bìa cứng,thùng
7527,hố đào,hố
7528,đường nước,đường ống nước,đường dẫn nước,ống nước
7529,máy sao chép,máy photocopy
7530,cơ sở y tế,cơ sở khám chữa bệnh
7531,đồ khắc nổi,hình khắc nổi
7532,dải trang trí,dải phụ kiện
7533,Cross,Thánh Giá,Thánh giá,Thập Giá,Thập tự,Thập tự giá,cây Thánh Giá,cây Thánh giá,cây Thập Giá,cây Thập Tự,cây Thập tự,cây Thập tự giá,thập ác
7534,tủ hồ sơ,tủ tài liệu,ô đựng hồ sơ,ô đựng tài liệu
7535,tấm phủ giường,tấm trải giường,ga phủ,ga trải,drap phủ,drap trải
7536,bộ thăng bằng,bộ phận thăng bằng hình vây cá
7537,chảo rán,cái chảo rán,chảo
7538,gậy hình mái chèo
7539,dây nối tắt
7540,thiết bị ngoại vi
7541,thiết bị truyền tín hiệu
7542,xe trượt tuyết,xe trượt
7543,dây kẽm,dây thép,thép gai,dây thép gai,dây kẽm gai
7544,quán bar,quán rượu,bar,pub
7545,mặt trung gian,mặt tiếp xúc,bề mặt trung gian,bề mặt tiếp xúc
7546,phần nhô ra,phần lồi ra
7547,tàu cá,tầu cá,tàu đánh cá,thuyền đánh cá,tầu đánh cá
7548,ga gối,đồ ga gối,chăn ga gối đệm,đồ chăn ga gối đệm,chăn đệm
7549,đồ nịt
7550,bộ chia điện áp
7551,đàn cla-vơ-xanh,đàn clavico
7552,thiết bị có bánh răng
7553,nơi lưu trữ,nơi cất giữ
7554,phòng giải trí
7555,thang kéo trượt tuyết,thang kéo xki
7556,lò nung,lò
7557,lót giày,lót giầy,lớp lót giày,lớp lót giầy
7558,vệ tinh,vệ tinh nhân tạo
7559,áp suất kế,máy đo áp suất,máy đo áp lực,máy đo sức ép
7560,lớp lót chống ẩm,lót chống ẩm,lớp lót chống thấm,lót chống thấm
7561,đĩa,đĩa từ,đĩa vi tính
7562,lò đúc,xưởng đúc
7563,tên lửa tầm nhiệt,hỏa tiễn tầm nhiệt
7564,máy in kí tự,máy in từng kí tự,máy in ký tự,máy in từng ký tự
7565,tủ bảo quản,tủ để thức ăn,tủ bảo quản thức ăn
7566,bóp,bóp tiền,túi,túi xách,túi xách tay,túi đựng tiền,ví,ví tiền,túi
7567,ba lô,cặp,cặp xách
7568,thấu kính hội tụ,thấu kính lồi
7569,không gian chứa,diện tích chứa,không gian lưu trữ,diện tích lưu trữ
7570,khu nhà đất của tôn giáo,nhà tu,nữ tu viện,tu viện,tu viện nữ,viện
7571,móc,then,ngoắc,chốt,móc cửa,then cửa,ngoắc cửa,chốt cửa
7572,động cơ điện
7573,chiến lũy,công sự,lũy,pháo đài,thành,thành lũy,thành trì
7574,dao chạm,dao trổ,đục
7575,hộp an toàn,két an toàn,tủ bảo hiểm
7576,bộ cảm biến điệu âm,bộ cảm biến điệu thanh
7577,mũi khâu vắt,mũi vắt
7578,hệ thống truyền thông,hệ thống truyền tin,hệ thống liên lạc,hệ thống giao tiếp
7579,đài quan sát,tháp quan sát,trạm quan sát
7580,xe tự hành,xe tự động
7581,bậc,bậc thang,chiếu nghỉ,chiếu tới,chiếu nghỉ cầu thang,chiếu tới cầu thang
7582,thiết bị chiếu sáng,nguồn chiếu sáng
7583,đồ ăn bằng bạc,bộ đồ ăn bằng bạc
7584,miếng chèn,miếng chèn bằng kim loại,quad
7585,giỏ,giỏ có nắp,hòm mây,cái giỏ,cái giỏ có nắp,cái hòm mây
7586,thuốc tê,thuốc mê,thuốc gây tê,thuốc gây mê
7587,complet,comple,comlê,com lê,vét,bộ vét
7588,mũ lông thú
7589,kính viễn vọng khúc xạ
7590,trụ sở,trụ sở chính
7591,bánh răng
7592,ghế dài,ghế băng
7593,dụng cụ thể thao,đồ dùng thể thao
7594,hãng tàu hơi nước
7595,mâm cặp,bàn cặp,ngàm
7596,gậy đánh bóng,gậy
7597,giáp bảo hộ,giáp bảo vệ,lớp phủ,quần áo bảo hộ,quần áo bảo vệ,vỏ,vỏ bảo vệ,vỏ bọc,áo,áo bọc,đồ bảo hộ,đồ bảo vệ,đồ che chắn
7598,đường ống chính,ống dẫn chính
7599,máy,phương tiện gắn máy,đầu máy,đầu tàu
7600,gậy,que,thanh
7601,khối vật liệu xây dựng
7602,máy bơm không khí
7603,choker,vòng đeo sát cổ,phụ kiện thời trang
7604,sứ cao cấp,đồ sứ cao cấp
7605,trại,trại cải huấn
7606,tên lửa đạn đạo
7607,ổ vui chơi,hộp đêm
7608,kẹp,cặp,ghim,mỏ kẹp,mỏ cặp,ê tô
7609,xu,xèng,đồng xu,đồng xèng
7610,sự tắc nghẽn,vật gây tắc
7611,khí áp kế
7612,màng chắn,diaphragm
7613,súng ngắn bán tự động
7614,tàu hàng,tầu hàng,tàu vận tải,tầu vận tải,tàu chở hàng,tầu chở hàng
7615,nhạc cụ có lưỡi gà,nhạc khí có lưỡi gà
7616,điện thoại không dây,điện thoại vô tuyến
7617,thú nhún
7618,kính viễn vọng phản xạ
7619,thiết bị chiếu sáng,thiết bị ánh sáng
7620,thuốc gây mê toàn thân
7621,cáp,dây cáp
7622,đồ may vá,đồ may vá thêu thùa
7623,chỗ đóng quân,chỗ ở quân sự,doanh trại,khu nhà ở quân sự,khu ở quân sự
7624,cửa hầm,cửa lên xuống tàu
7625,tác phẩm,tác phẩm nghệ thuật
7626,khu giải trí,cơ sở giải trí
7627,phòng khám,phòng khám ngoại trú,clinic
7628,tín hiệu ghi
7629,bộ phận đốt nóng,bộ phận làm nóng,bộ phận đốt,thiết bị đốt
7630,hàng giặt là,tiệm giặt là,cửa tiệm giặt là
7631,chỗ tụng niệm
7632,băng đô,dải buộc đầu,dải quấn đầu,dây buộc đầu,dây quấn đầu,băng buộc đầu,băng quấn đầu,dải dây buộc đầu,dải dây quấn đầu,dải băng buộc đầu,dải băng quấn đầu
7633,ghe đua,thuyền đua
7634,ống tiết kiệm,hộp tiết kiệm,lợn đất,lợn
7635,tạp hóa,cửa hàng tạp hóa
7636,máy móc,máy cơ khí,thiết bị cơ khí
7637,huy hiệu,huy hiệu quý tộc
7638,mũi,mũi khoan,đầu mũi khoan
7639,miếng lót thảm
7640,nĩa,dĩa,thìa nĩa,thìa dĩa
7641,băng,ván,băng chuyền,mặt chuyền,ván trượt
7642,khu,khu bệnh viện
7643,thiết bị điện tử
7644,WC,công trình phụ,hố xí,nhà cầu,nhà tiêu,nhà tắm,nhà vệ sinh,nhà xí,phòng vệ sinh,toilet,toa lét
7645,dùi trống,dùi
7646,song,khung song,khung lưới
7647,bộ đồ ăn bằng sứ,cốc chén sứ,đồ ăn men sứ
7648,ghim cài,kim gút,vật cài để trang điểm
7649,nhà máy,nhà máy chế biến,nhà máy sản xuất,nhà xưởng,phân xưởng,xí nghiệp,xí nghiệp sản xuất,xưởng,xưởng sản xuất
7650,nhà kính
7651,máy ép,máy nén
7652,vật trang trí thừa
7653,chỗ cắt,chỗ rẽ,góc,góc phố,góc đường,ngã tư
7654,buồm,cánh buồm
7655,xưởng sửa chữa,cửa hàng sửa chữa
7656,sân băng,sân trượt băng
7657,người trọc đầu,người đầu trọc,người không có tóc
7658,áo bành tô,áo bành-tô,áo choàng,áo măng tô,áo măng-too
7659,đèn hàn xì
7660,đồ phủ giường
7661,máng trượt,ván trượt,đường trượt,cầu trượt
7662,dụng cụ chơi bowling,dụng cụ chơi bô-ling
7663,phần ráp vào
7664,thuốc làm se,chất làm se
7665,tủ lạnh điện,tủ lạnh chạy điện
7666,trang bị cơ sở
7667,xe lội nước
7668,nồi niêu
7669,đồ đóng bì,đồ đóng gói,đồ đóng vỏ,đồ làm bao bì,vật liệu bao bì
7670,đường đua thẳng,phần đua thẳng,stretch
7671,máy vòng
7672,quân bài có hình người,lá bài có hình người
7673,bạt,lều bạt,lều vải,lều vải bạt,lụa,vải,vải bạt,vải bố,vải lụa
7674,giá ba chân,kiềng ba chân
7675,cực,điện cực,cực điện
7676,cấu trúc hỗ trợ,vật chống đỡ,vật đỡ
7677,gờ hình trứng
7678,công cụ đẩy,dụng cụ đẩy
7679,máy cưa,cưa máy,cưa,cái cưa
7680,máy đánh bạc,máy đút xu,máy bỏ xu,máy đút tiền
7681,nhà phụ,công trình phụ
7682,ống ruột gà,ống xoắn ruột gà,ống xoáy trôn ốc
7683,tranh thánh
7684,cờ đuôi nheo
7685,phim,phim điện ảnh,phim ảnh,điện ảnh
7686,chuỗi,chuỗi hạt,xâu,xâu hạt
7687,binder,máy binder,máy gặt buộc lúa
7688,dao phay
7689,dao quắm
7690,bàn gia công,bàn thợ
7691,thuốc đặc hiệu,thuốc đặc trị
7692,mạng máy tính cục bộ,mạng cục bộ,mạng LAN,LAN
7693,điện thế kế,chiết áp,phân thế
7694,giày bệt,giầy bệt
7695,hào,hầm,mương,rãnh
7696,két,rương
7697,đồ khảm,đồ dát
7698,cào,cái cào
7699,hố cát
7700,sân chơi thể thao
7701,mẫu,vật mẫu
7702,đai yên
7703,áo mưa,áo đi mưa
7704,ống nước máy,đường nước máy
7705,chảo gang
7706,mái hắt,ô văng
7707,huy chương Bạc
7708,phím enter,phím trở về đầu dòng
7709,PC,com-pu-tơ,laptop,máy com-pu-tơ,máy tính,máy tính cá nhân,máy tính xách tay,máy tính điện tử,máy vi tính,máy điện toán
7710,bình sữa
7711,tháp hỗ trợ
7712,ô tô điện,xe điện
7713,điểm không,trứng ngỗng
7714,trang phục dạ hội,quần áo dạ hội,váy dạ hội
7715,bom bay
7716,chéo go,vải chéo go,vải bông chéo,vải lụa,vải,lụa
7717,máy lọc,máy làm sạch,máy tinh chế
7718,mã tấu,đoản đao
7719,thuốc lá bột,thuốc lá ngửi,thuốc lá hít
7720,nhạc cụ gõ
7721,dụng cụ chơi bóng vồ
7722,bụi,tuyết,bộ,C
7723,jacket,áo jacket
7724,chất tẩy,chất rửa,chất tẩy rửa,chất làm sạch
7725,bom hạt nhân,bom nguyên tử
7726,nồi hơi,nồi supde,nồi súp-de
7727,bầu,bầu đựng nước,hồ lô,quả bầu hồ lô,quả bầu
7728,quà lưu niệm,quà kỉ niệm
7729,chân nhái,chân vịt,chân vịt bơi
7730,xe ngựa,xe ngựa kéo
7731,chuôi,cán
7732,đai da
7733,mô-tơ,mô tơ,môtơ
7734,bảng điều khiển điện,bảng điều khiển thiết bị điện
7735,phòng hội đồng,phòng hội đồng quản trị
7736,cánh máy bay
7737,jắc cắm
7738,đe,cái đe
7739,ngư trường
7740,xe rùa,xe cút cít
7741,lò,lò đốt
7742,chuồng,chuồng trại
7743,lò mổ
7744,thuốc hồi sức,thuốc tăng sức
7745,núm điều chỉnh,nút,nút điều chỉnh
7746,ngăn kéo
7747,vỏ gối,bao gối,áo gối
7748,chỗ,khu vực,vị trí
7749,lưới nhiễu xạ
7750,bệ phóng
7751,nhà xác
7752,bút mực,cây bút mực,cái bút mực,chiếc bút mực,bút máy,cây bút máy,cái bút máy,chiếc bút máy
7753,đồ đựng
7754,mìn
7755,cầu thang,thang gác,thang lầu
7756,bộ đồ,phục trang,quần áo,trang phục,xiêm y,xiêm áo,y phục,y trang,áo quần,áo váy,áo xống
7757,giếng thăm dò
7758,kí túc xá,ký túc xá
7759,bì,bì đối trọng
7760,gàu ngoạm,gầu ngoạm,gàu bốc,gầu bốc
7761,thuốc hạ sốt,thuốc giải nhiệt,thuốc hạ nhiệt,thuốc sốt
7762,dụng cụ đánh
7763,bùa hộ mệnh,bùa hộ mạng
7764,điện thoại,máy điện thoại
7765,mấu,răng,vấu,vấu lồi
7766,dinh,phủ,dinh phủ,dinh thự
7767,thuốc ngủ,thuốc gây ngủ,thuốc gây buồn ngủ
7768,khung cửi
7769,đai đỡ,bộ đai đỡ,dụng cụ lao động,trang bị lao động
7770,nhà vệ sinh công cộng
7771,khoan tay,cái khoan tay
7772,phễu
7773,đồ trang điểm,son phấn,phấn son
7774,bút lông,bàn chải,cọ,chổi
7775,bóng bay
7776,ghế thôi miên
7777,chất phụ gia
7778,mĩ phẩm,đồ mĩ phẩm,mỹ phẩm,đồ mỹ phẩm
7779,xe,con xe,quân xe
7780,thường phục,trang phục bình thường,quần áo bình thường
7781,ống,lõi,suốt
7782,phim tia X,phim chụp tia X,phim X quang,phim chụp X quang
7783,kho,kho thóc,kho lúa
7784,răng giả
7785,hầm bộ,đường hầm bộ
7786,máy biến thế,máy biến áp,bộ biến thế,bộ biến áp
7787,bộ vi sai,bộ truyền động vi sai
7788,nhà chứa,lầu xanh,thanh lâu,ổ mại dâm,ổ điếm,nhà thổ
7789,diều,cái diều,con diều,cánh diều
7790,bút chì,cây bút chì,cái bút chì,chiếc bút chì
7791,mũi tên,tên
7792,hoa tai,khuyên tai
7793,áo lưới giáp sát
7794,căn hộ,phòng,căn phòng
7795,mũ cối,mũ cát
7796,thuốc bổ trợ,chất bổ trợ
7797,tiểu thuyết,cuốn tiểu thuyết
7798,kim,cây kim,cái kim
7799,bộ phát,máy phát
7800,chậu,thau,cái chậu,chiếc chậu
7801,rìu,cái rìu,chiếc rìu
7802,máy điều nhiệt,bổ ổn nhiệt,bộ điều nhiệt,bộ điều chỉnh nhiệt
7803,phòng tiếp khách,phòng tiếp đón,phòng đón tiếp,phòng tiếp đãi
7804,khăn,khăn choàng
7805,mỏ đá
7806,chất đối kháng,thuốc đối kháng
7807,hộp thiếc
7808,kính xích đạo,viễn vọng xích đạo,kiếng xích đạo,kiếng viễn vọng xích đạo
7809,cuộn,cuộn dây
7810,tòa nhà ngoại giao
7811,quân át,quân xì,quân một,quân 1
7812,trỏ,con trỏ
7813,máy tạo sóng
7814,máy tính để bàn,máy tính bàn,máy tính văn phòng
7815,nòng súng
7816,tháp,tòa tháp
7817,cửa chớp,mành
7818,cơ sở hạ tầng,hạ tầng cơ sở
7819,mồi câu,mồi bắt cá,mồi câu hình côn trùng
7820,yên,yên xe,yên xe đạp
7821,lưới sắt
7822,đồ đội gắn đá,mão gắn đá
7823,dây thòng lọng,thòng lọng
7824,móng ngựa
7825,màn che phủ,lớp che phủ
7826,xe bà già,xế bà già,xe cũ,xế cũ,xe cà tàng,xe ọp ẹp,xế bãi rác
7827,pin Volta,pin Vôn-ta
7828,nút vòi,chốt vòi,đầu vòi
7829,dấu,con dấu,nhãn hiệu,dấu đảm bảo
7830,bộ đồ lò
7831,nơi đặt súng,vị trí đặt súng,ụ súng
7832,ống thông gió,ống thông hơi
7833,pin,quả pin,cục pin
7834,phím khởi động
7835,xe tứ mã,xe bốn ngựa
7836,quạt kéo
7837,mũi giáo,đầu giáo
7838,cờ,màu cờ,mầu cờ
7839,mũ lông hải li,mũ lông hải ly
7840,máy điện báo,máy điện tín
7841,lưỡi cày
7842,hiên,hè,thềm
7843,tóc giả
7844,khóa,chìa,chìa khóa
7845,toa trần
7846,bản đồ quy hoạch,bản đồ,lược đồ
7847,phòng thu,phòng tập
7848,thiết bị nối đất,thiết bị nối đất
7849,đập tràn
7850,thuyền nhỏ ga-lê,thuyền nhỏ galê,thuyền nhỏ gale
7851,đèn lồng,đèn sách tay
7852,sứ quán,tòa đại sứ,đại sứ quán
7853,đồ may đo,đồ đặt may,quần áo may đo,quần áo đặt may
7854,đèn khí,đèn điện
7855,nội thất,đồ nội thất,đồ đạc,đồ gia đình,nội thất gia đình
7856,nội thất phòng ngủ,đồ phòng ngủ,đồ đạc phòng ngủ
7857,trần,trần nhà
7858,sản lượng,thành quả,kết quả
7859,gậy gôn gỗ,gạy gôn gỗ,gậy gôn làm bằng gỗ
7860,vai,vai áo
7861,mái,mái che,mái vòm
7862,dây câu
7863,đồ giả,hàng giả,đồ dỏm,hàng dỏm,đồ fake,hàng fake
7864,vật tổ
7865,vương miện
7866,két,két sắt,két an toàn
7867,tay vịn
7868,vật trang sức
7869,bom mảnh,bom bi
7870,kinh,kinh đào,kênh,kênh đào
7871,ống quần,ống,chân
7872,tampon,băng vệ sinh hình que,băng vệ sinh dạng que
7873,bức tường,thành lũy,thành trì,tường
7874,khung cửa
7875,chuồng ong,tổ ong
7876,siêu thị
7877,cũi,cũi trẻ con,cũi trẻ em
7878,màn che,màn chắn,tấm chắn,màn lưới
7879,latin,lati,mèn,thanh gỗ mỏng
7880,khuyết,khuyết áo
7881,phần cứng
7882,mạng diện rộng,mạng WAN,WAN,mạng toàn cục
7883,nhà giam,nhà lao,nhà pha,nhà tù,nhà đá,xà lim
7884,xắc cốt,xà cột
7885,mũ ni,mũ trùm đầu
7886,đồ lót,quần áo lót,đồ trong,đồ mặc trong,quần áo mặc trong,đồ vệ sinh
7887,phần ứng
7888,gác-đờ-bu,cái chắn bùn,chắn bùn
7889,bồn,bồn tắm
7890,nẹp,cái nẹp
7891,khuôn,khuôn bê tông,cái khuôn,cái khuôn bê tông
7892,cột,cột nhà
7893,bờ đường,hè,hè phố,hè đường,lề đường,vệ đường,vỉa hè,đường đi bộ
7894,phòng tắm hơi,buồng tắm hơi
7895,miếu,nơi thờ cúng,thánh thất,thánh đường,điện,đền,đền miếu,đền thờ
7896,ăng-ten,ăngten,ăng ten
7897,màu cờ sắc áo,mầu cờ sắc áo
7898,máy dệt
7899,cột thiêu,cọc thiêu
7900,nhà phụ,kiến trúc phụ
7901,bàn xoa,bàn xoay
7902,đồ phục chế,vật phục chế,đồ chế tác lại,vật chế tác lại,vật tái chế lại
7903,máy tước xơ
7904,băng ghi âm,băng từ,băng
7905,khóa nòng,khóa nòng súng
7906,sân bóng,sân bóng chày,sân chơi bóng chày
7907,máy in,máy in công nghiệp,máy in khổ lớn
7908,cờ trắng,cờ hàng
7909,chụp đèn,chao đèn
7910,bộ giảm thanh
7911,hình xăm
7912,búa,búa gõ
7913,bản in khắc,ảnh in khắc
7914,nôi,cái nôi
7915,cốc đo thể tích,bình đo thể tích,cốc chia độ,bình chia độ
7916,nhà,nhà ở
7917,xà phòng,xà bông
7918,biệt dược
7919,thước,cái thước,thước đo
7920,quân chín,con chín,chín
7921,quần áo tu hành,quần áo thầy tu
7922,lưỡi trai
7923,giày,giầy,đôi giày,đôi giầy
7924,xe ủi,máy ủi,xe san gạt
7925,móng,nền móng
7926,lều,lều trại,rạp,túp lều,tăng,lều bạt
7927,thanh trượt
7928,sáo dọc,sáo thiếc,pennywhistle,tin whistle
7929,thảm đỏ
7930,dụng cụ đấm bốc,dungj cuj boxing
7931,băng,băng gạc,đồ băng bó
7932,đồng phục,áo đồng phục,đồ đồng phục
7933,tủ kính,tủ kính trưng bày
7934,đường thông,ống thông
7935,tổng hành dinh,đại bản doanh
7936,sản phẩm,sản phẩm sáng tạo,tác phẩm
7937,trại tập trung
7938,kim tự tháp,kim tự tháp Ai Cập
7939,bia,bia đá
7940,gọng kính,gọng
7941,gậy chọc,gậy thúc,gạy chọc,gạy thúc
7942,am,thất
7943,đầm dạ hội,đầm dạ tiệc,váy dạ tiệc,váy dạ hội
7944,động cơ đẩy phản ứng
7945,dây cằm
7946,ụ,ụ súng
7947,đèn chiếu,đèn pha
7948,chùa,chùa chiền
7949,taxi,xe taxi,tắc-xi,xe tắc-xi
7950,mũi,đỉnh,mũi giáo,lưỡi giáo,đầu ngọn giáo,đỉnh cây giáo,đầu thanh giáo,đỉnh thanh giáo
7951,bản thiết kế,bản phác thảo
7952,tạc đạn,lựu đạn
7953,trống phanh,trống thắng
7954,ghế cao trọng
7955,chất liệu,nguyên liệu,nguyên vật liệu,tư liệu,vật liệu
7956,lâu đài,tòa thành,thành trì,thành quách
7957,vải thun,vải lụa,vải,lụa
7958,khẩu súng,súng cầm tay,khẩu súng cầm tay
7959,album,an-bum,anbom,anbum,đĩa,đĩa nhạc
7960,túi du lịch,túi đồ lề
7961,tủ đông,tủ đá,tủ đông lạnh,tủ bảo ôn
7962,vòi sen,vòi hoa sen
7963,còng chữ U,cùm
7964,tượng,bức tượng,pho tượng,tượng đài
7965,biến thể,bản biến thể,bản cách điệu
7966,thiết bị dẫn,thiết bị truyền,thiết bị truyền dẫn
7967,súng lục,súng lục ổ quay,súng lục ổ xoay
7968,ống dẫn,ống dẫn khí
7969,dây da,dải da
7970,tủ
7971,khóa số,khóa,cái khóa
7972,đồ gỗ,đồ bằng gỗ
7973,súng cầm tay tự động,súng liên thanh,súng máy,súng tự động
7974,vành,vành xe
7975,áo thầy tu,áo tu
7976,vật nổi,vật nổi trên nước
7977,ảnh X-quang,ảnh chụp X-quang,ảnh tia X,phim rơnghen
7978,đồ lao động,đồ mặc lao động,quần áo lao động,áo quần lao động
7979,trại cải tạo,trại giáo huấn
7980,đòn gánh
7981,tượng khỏa thân,tượng lõa thể
7982,đệm,nệm,tấm đệm,tấm nệm
7983,tốt,con tốt,quân tốt
7984,dây chuyền,dây chuyền sản xuất,dây chuyền lắp ráp
7985,đèn xếp,đèn lồng Trung Quốc
7986,máy tự động,thiết bị tự động,người máy,rô-bốt,robot
7987,chuỗi hạt,dây chuyền,kiềng,vòng cổ
7988,viên nhộng,viên nang,viên con nhộng,viên giả thuốc,viên thuốc giả,thuốc viên giả
7989,màn che,mành,mành che,rèm,rèm che
7990,phòng,bốt
7991,thiết bị máy
7992,thiết bị quang học
7993,tâm lò
7994,cục gôm,cục tẩy,gôm,tẩy,tẩy bút chì,tẩy cao su
7995,ủng cao su,giày cao su,ủng chống nước,giày chống nước,giầy cao su,giầy chống nước,ủng
7996,phác thảo,phác họa,bản phác họa,bản phác thảo,bức phác họa,bản vẽ phác,bức vẽ phác,sơ đồ
7997,thiết bị gia dụng,máy gia dụng,máy móc gia dụng,đồ gia dụng
7998,căm,nan hoa,tăm,đũa
7999,vải chống nước,vải áo mưa,vải chống thấm nước,vải không thấm nước,vải lụa,vải,lụa
8000,dây ăngten,dây ăng-ten
8001,thiết bị nâng
8002,đê,cái đê
8003,đèn hàn
8004,tàu điện ngầm,tầu điện ngầm
8005,bogy,máy bay không xác định,máy bay bí ẩn
8006,tập,tập phim
8007,sơn lót,lớp sơn lót
8008,dao cạo,dao cạo râu
8009,dụng cụ y tế
8010,tàu dầu,tầu dầu,tàu chở dầu,tầu chở dầu
8011,tàu cướp biển,tàu hải tặc,tầu cướp biển,tầu hải tặc
8012,bộ điều chỉnh,bộ điều tiết,cái điều chỉnh,máy điều chỉnh,máy điều tiết
8013,đoản mạch
8014,gậy bóng,gạy bóng,gậy đánh bóng,gạy đánh bóng
8015,lối,lối đi,đường,đường đi,đạo
8016,sản phẩm,sản vật,vật phẩm,chế phẩm,tác phẩm
8017,tàu hỏa,tầu hỏa,xe lửa,hỏa xa
8018,salon,salon tóc
8019,thỏi,nén
8020,cú đá,cú sút
8021,chân váy,váy,xiêm
8022,tên lửa,động cơ tên lửa
8023,đầu từ
8024,di tích,di tích cổ,di tích cổ xưa
8025,dây,dây buộc,dây cột,dây xỏ
8026,dây,dải
8027,bàn,bàn chơi,bàn chơi game
8028,văn khố,kho lưu trữ
8029,dép quai hậu,sandal,xăng-đan
8030,tàu khu trục,tàu trục hạm,tầu khu trục,tầu trục hạm
8031,tượng đúc
8032,cột,trụ đứng
8033,bánh lái,tay bánh lái,vô lăng tàu
8034,trạm xăng dầu và bảo dưỡng xe,nơi bảo quản sửa chữa ô tô,nơi rửa ô tô
8035,kim,kim đồng hồ
8036,dọi,vật treo,quả dọi,quả lắc
8037,tên lửa Minuteman,Minuteman
8038,viên tránh thai,thuốc tránh thai,viên ngừa thai,thuốc ngừa thai,viên thuốc tránh thai,viên thuốc ngừa thai
8039,tam thập lục,đàn tam thập lục
8040,quốc lộ,xa lộ,đường cao tốc,đường lớn
8041,giáp,tấm giáp
8042,dây chằng,dây ràng buộc
8043,tờ in đá,in thạch đá
8044,túi nhỏ,bao nhỏ
8045,tã,tã quấn,tã sơ sinh
8046,phương tiện kết nối,vật kết nối,công cụ kết nối
8047,động cơ nhiệt
8048,toa,toa tàu,toa tầu,toa xe lửa,toa tàu hỏa,toa tầu hỏa,toa xe
8049,bàn phím,phím đàn,Klavier,nhạc cụ bàn phím,nhạc cụ phím đàn
8050,tủ khóa,tủ có khóa
8051,thuyền gale
8052,đuốc,ngọn đuốc
8053,tuyệt phẩm,kiệt tác,viên ngọc quý
8054,bệ,bệ đỡ,chân,chân đỡ,đế,đế đỡ
8055,khải hoàn môn,vòm khải hoàn
8056,cái yếm dãi,yếm,yếm dãi,quần yếm
8057,ti vi,vô tuyến,máy thu hình
8058,đàn xếp,phong cầm,đàn gió,đàn phong cầm,đàn ắc-cóc,đàn ăccoc,accordeon,đàn ắc-coóc-đê-ông
8059,thiết bị vào ra,thiết bị đầu cuối
8060,ngân hàng,quỹ tín dụng,chi nhánh ngân hàng,trụ sở ngân hàng,phòng giao dịch ngân hàng
8061,địa cầu,quả cầu,quả địa cầu
8062,áo ngoài,áo choàng,áo khoác,áo trùm,đồ ngoài,đồ mặc ngoài
8063,thành phẩm,sản phẩm sau cùng,sản phẩm cuối cùng,sản phẩm chung cuộc,sản phẩm sau hết
8064,câu liêm,móc,cái móc
8065,vòng hoa,tràng hoa
8066,đầu nổ,đầu đạn
8067,thiết bị giám sát,bộ giám sát
8068,nắp vòi,khóa nước,vặn nước,nắp vòi nước,tay cầm vòi,tay vặn nước,tay cầm vòi nước,tay vặn vòi nước
8069,sọt,cái sọt,cái gùi
8070,máng,máng dẫn,máng nước,ống,ống dẫn,ống nước
8071,giá,thanh đỡ
8072,tay áo,ống tay áo
8073,tàu buồm,tầu buồm,thuyền buồm
8074,túi khí,túi khí khí cầu
8075,phụ phẩm
8076,đài thiên văn,thiên văn đài
8077,thiết bị chỉ hướng gió
8078,đầu hồi
8079,giá,kệ,nền,sàn,vật chống,vật chống đỡ,vật đỡ
8080,đèn huỳnh quang,đèn neon,đèn nê-ông,đèn ống
8081,gờ,gờ cong,sườn tăng cường,gân kiểu gôtic
8082,viền giày
8083,bản,phiến,thẻ,tấm
8084,tác phẩm nghệ thuật đồ họa
8085,tai nghe
8086,dây chuyền,sợi dây chuyền,vòng cổ
8087,đệm,nệm,cái đệm,cái nệm
8088,cây đèn,cây đèn trang trí
8089,đạn,viên đạn
8090,tổ ong rơm,tổ ong rơm bện,đõ ong rơm,đõ ong bằng rơm
8091,trung tâm điều dưỡng,trại điều dưỡng
8092,vật chèn vào,vật chêm vào,vật xen vào,vật cài vào
8093,trụ sở,trụ sở cơ quan
8094,súng,khẩu súng
8095,ván nhún,ván nhảy,ván nhẩy,ván nhảy cầu,ván nhẩy cầu,bục ván nhảy,bục ván nhẩy,bục ván nhảy cầu,bục ván nhẩy cầu
8096,tổng đài điện thoại,tổng đài dây nói
8097,sơn,màu nhuộm,thuốc màu,vôi màu,lớp sơn
8098,ta lông,talông
8099,máy rung
8100,búa hơi,đục hơi,búa khí nén,búa khoan
8101,MDMA,methylenedioxymethamphetamine
8102,crt_screen,màn hình,màn hình crt
8103,đá mài
8104,đòn bẩy,cái đòn bẩy
8105,dụng cụ chữa bệnh
8106,khóa,cái khóa,chiếc khóa,ổ khóa,cái khóa
8107,xiên,cái xiên,cây xiên
8108,khoan xương sợ,khoan sọ,khoan sọ não
8109,mạch cầu
8110,hiên,hành lang,hè,mái hiên
8111,bộ đồ ăn dẹt,flatware
8112,bệnh viện quân đội,bệnh viện quân y
8113,áo chùng,áo chùng thâm,áo thầy tu,áo dòng
8114,phần thêm vào,cái thêm vào
8115,cực nam châm
8116,ga,ga giường,ga trải giường,ga phủ giường
8117,hệ thống truyền thông,trang thiết bị truyền thông
8118,chiếc gương,cái gương,gương,kiếng,kính,tấm gương,tấm kiếng,tấm kính
8119,kho trung tâm,tổng kho
8120,đinh bẹt,đinh đầu bẹt
8121,khoeo giày
8122,cửa sổ,ô cửa
8123,dao dĩa,đồ dao dĩa
8124,ổ,ổ đĩa,drive
8125,phòng kho,buồng kho
8126,dầu hoắc hương,dầu thơm hoắc hương
8127,bộ đàm,điện thoại cầm tay nội bộ,di động nội bộ
8128,juýp,mini juýp
8129,cần cẩu,cần trục,xe cẩu,máy cẩu,cẩu trục
8130,liềm,cái liềm,chiếc liềm,lưỡi liềm,hái,lưỡi hái
8131,bếp lửa
8132,cờ hiệu,quốc kì
8133,áo,áo nữ
8134,LSD,Methedrine,cần sa,hàng trắng,hàng đá,ma túy,ma túy giấy,ma túy gây ảo giác,ma túy gây ảo giác LSD,ma túy hạng nhẹ,ma túy loại nhẹ,ma túy mạnh,ma túy nhẹ,ma túy tạo ảo giác,ma túy tạo ảo giác LSD,ma túy đá,may túy bùa lưỡi,methamphetamin,methamphetamin hydroclorua,thuốc gây ảo giác,thuốc gây ảo giác LSD,thuốc phiện,thuốc tạo ảo giác,thuốc tạo ảo giác LSD,viên giấy
8135,buồng thang máy
8136,cup,cúp
8137,bao bắp chân,ghệt
8138,chốt néo,cái chốt néo
8139,cổ,cổ áo
8140,ngục,ngục tù,nhà ngục,nhà tù,nhà đá,tù,tù giam
8141,bẫy,bẫy rập,cái bẫy,cái cạm,cạm,cạm bẫy
8142,mồi,mồi nhử
8143,lăng,lăng mộ,lăng tẩm
8144,khóa rập ngoài
8145,nhà chứa đồ,nhà kho
8146,dây buộc đầu ngựa,dây cột đầu ngựa
8147,mũ lưỡi trai,mũ,mũ vải,vải lụa,vải,lụa
8148,ô,dù,lọng,cái ô,cái dù,cái lọng
8149,máng,máng nước,máng nước xối,ống máng,máng xối
8150,móng bè,móng tấm,tấm móng móng tấm liên tục
8151,lông vũ,lông xước
8152,máy bơm,cái máy bơm,bơm,cái bơm
8153,dụng cụ kéo
8154,kênh,mương,lạch,cống,rãnh,máng,ống dẫn
8155,buồng ngủ,phòng ngủ
8156,áo phông,áo thun
8157,điện kế
8158,xì-gà,điếu xì-gà
8159,ống nghe
8160,thước đo góc,thước góc,thước vẽ góc,thước đo độ
8161,miếng da che mắt ngựa,miếng che mắt ngựa
8162,cọc,cọc nhọn
8163,ruy băng,dải ruy băng
8164,đồ nữ,quần áo nữ,trang phục nữ,quần áo phụ nữ,trang phục phụ nữ
8165,hí trường,hí viện,nhà hát,rạp,rạp hát
8166,bo mạch,bo mạch in,bảng mạch,bảng mạch in,mạch in
8167,khuy,cúc,khuy bấm,cúc bấm
8168,cọc,cột
8169,áo len,áo len dài tay
8170,khuôn,khuôn ép,khuôn rập
8171,bình,chậu,chậu cây,chậu cảnh,chậu hoa
8172,diễn đàn,forum
8173,khăn,cà vạt cổ cồn
8174,thân,ống
8175,đai,băng
8176,hòm,hộp,thùng
8177,pi-a-nô đứng,piano đứng,đàn pi-a-nô đứng,đàn piano đứng,dương cầm đứng,cây dương cầm đứng
8178,quần thể kiến trúc
8179,mũ,mũ che nắng,mũ nón,mũ đi nắng,nón
8180,búa đầm
8181,máy nhắn tin
8182,thuốc an thần
8183,mũi công sự,pháo đài,thành lũy,đồn lũy,đồn ải
8184,triangle,kẻng tam giác,kẻng ba góc,thanh tam giác
8185,bài,con bài,cây bài,lá bài,quân,quân bài
8186,hàng nhập khẩu,hàng ngoại nhập,hàng nhập cảng
8187,bản in,ảnh in
8188,môi múc canh,muôi múc canh
8189,phong bì,phong thư,bao thư,bao thơ,bì thư
8190,rổ,rổ bóng
8191,bích,quân bích,cây bích
8192,lò phản ứng,lò phản ứng hạt nhân
8193,lượng thuốc nạp vào
8194,cái quạt,cái quạt điện,quạt,quạt giấy,quạt tay,quạt điện
8195,dao mổ
8196,máy bào,máy tiện,máy tạo hình
8197,khăn ăn
8198,đai đạn,thắt lưng đạn
8199,tràng hạt,chuỗi hạt,chuỗi tràng hạt
8200,thuốc xổ,thuốc tẩy ruột
8201,xúc xắc
8202,chướng ngại vật sân gôn,chướng ngại vật
8203,bãi đáp
8204,gương phản xạ
8205,két,két tiền,két đựng tiền
8206,phím tab
8207,dầm chìa,công-xon
8208,neo móc,móc,cái móc
8209,giày tra tấn,giầy tra tấn,bốt tra tấn,bốt nung
8210,bản lề
8211,máy xúc,máy đào
8212,cổng vòm
8213,băng ghi hình,băng từ ghi hình
8214,chổi,cái chổi,cây chổi,cây quét
8215,giấy ảnh
8216,nêm,cái nêm
8217,nút,chỗ thắt,nút thắt,nút buộc
8218,dụng cụ nấu nướng,đồ nấu nướng,đồ nấu ăn,dụng cụ nhà bếp,dụng cụ nấu ăn
8219,mìn M18A1 Claymore,mìn định hướng,mìn M18A1,mìn Claymore
8220,bếp,góc bếp,nhà bếp,phòng bếp,khu bếp,gian bếp
8221,phấn thoa sau khi rửa ráy,phấn xoa sau khi rửa ráy
8222,khăn,khăn lau
8223,nút bần,nút chai
8224,dụng cụ đàn hồi
8225,máy thu thanh,máy thu thanh vô tuyến,máy thu vô tuyến điện,vô tuyến,ra-đi-ô,radio
8226,số lùi,số chạy lùi
8227,than gỗ,than củi,chì than,than chì
8228,ụ cạn,ụ khô
8229,đường đi bộ,đường cho người đi bộ,đường dành cho người đi bộ
8230,Nhà Trắng,Lầu Năm Góc,Ngũ Giác Đài
8231,amobacbitan natri,muối amobacbitan,Amytal
8232,công ten nơ,công-ten-nơ,vật chứa,đồ chứa
8233,máy giặt,máy giặt tự động,washing_machine
8234,dây lèo
8235,dàn nhạc
8236,súng các-bin,súng cacbin,súng các bin,súng cạc bin
8237,thanh kẹp,bàn kẹp,bàn kẹp mộng
8238,nắp,nút
8239,vật đệm,vật độn,vật lót
8240,địa điểm kinh doanh,cơ sở kinh doanh
8241,tổng đài
8242,tàu ngầm,tầu ngầm
8243,tường chắn,tường phòng hộ,lan can
8244,dây bện,sợi dây bện
8245,ốc,ốc vít,đai ốc
8246,hệ thống mô phỏng bay
8247,đường gấp,đường chỉ
8248,tượng,quân tượng,con tượng
8249,đập chắn sóng,đê chắn sóng
8250,van bấm
8251,thiết bị chuyên dụng,thiết bị chuyên dùng,thiết bị đặc thù,dụng cụ chuyên dụng,dụng cụ chuyên dùng,dụng cụ đặc thù
8252,tàu con thoi,tàu vũ trụ con thoi,tầu con thoi,tầu vũ trụ con thoi
8253,phách,thanh gõ phách
8254,bát nước chấm,chén nước chấm
8255,phương tiện nghe nhìn
8256,véc ni,lớp véc-ni
8257,nắp,vung
8258,míc,micrô,mi-crô,micro
8259,khung,bộ khung
8260,máy lắp ráp
8261,băng-rôn,biểu ngữ
8262,nhà chọc trời,tòa nhà chọc trời
8263,liễn
8264,hàng tạp hóa,hàng tạp phẩm
8265,nền tảng,nền hệ thống
8266,rui
8267,biển quảng cáo
8268,cuộn cao áp
8269,nhà sản xuất ô tô,hãng ô tô,công ty ô tô,thương hiệu ô tô
8270,hãng hàng không,hãng bay,công ti hàng không,công ty hàng không,hãng máy bay
8271,lỗ châu mai
8272,thìa,muỗng cái thìa,cái muỗng
8273,lăng kính
8274,xà ngang,xà đơn
8275,cung,gác tía lầu son,lầu son gác tía
8276,bàn cờ,bàn cờ vua
8277,ô tô kín mui,xe kín mui
8278,quán trà,trà quán
8279,đấu điện,ổ cắm điện,chỗ cắm điện
8280,dây kim tuyến,dải kim tuyến,kim tuyến,sợi dây kim tuyến,sợi kim tuyến
8281,cung đo góc
8282,thước tính,thước lôga,thước tính logarit,thước lôgarit,thước lô-ga-rít
8283,bãi đường ray
8284,cối
8285,xe tăng
8286,mai,cái mai
8287,boong,boong ca-bin,boong cabin,boong ca bin lái
8288,thân bu-lông,thân ốc
8289,gót đệm
8290,nhạc cụ
8291,máy in thạch bản,máy in đá
8292,chái,nhà chái,mái che
8293,mối nối thẳng,mối nối đối đầu
8294,phòng an toàn
8295,cung,cung tên,nỏ,cung nỏ
8296,phim,cuộn phim
8297,mặt chính,mặt ngoài,mặt tiền,mặt trước
8298,bếp,lò
8299,lò,bếp lò
8300,dụng cụ chỉ đường,dụng cụ dẫn đường
8301,phần thưởng cuối cùng
8302,máy xoa bóp
8303,quả lắc,con lắc
8304,bình phong,bức bình phong,màn che
8305,bãi quây,bãi rào,chuồng quây,chuồng rào
8306,chân bàn,chân ghế,chân giường,chân tủ
8307,hê-rô-in,hêrôin,heroin
8308,mặt trống
8309,cục,thanh,bánh,miếng,phong,thỏi
8310,áo cánh
8311,khe,khe đút tiền,khe đút thư
8312,máy kéo
8313,đồ nghề,công cụ,dụng cụ
8314,số cao
8315,trường,ngôi trường,trường học
8316,va li,va-li,vali,va-li hành lí,va li hành lí,vali hành lí,túi đựng hành lí
8317,tàu buôn,tầu buôn,thương thuyền
8318,váy sát nách
8319,gậy cờ,gạy cờ
8320,cửa di động,vật chắn di động
8321,thang máy
8322,quần chíp,quần con,quần lót,quần sịp,quần xi-líp
8323,tượng thần,thần tượng
8324,ván trượt tuyết
8325,thanh giằng ngang
8326,ô tô,xe hơi
8327,cò,cò súng
8328,bản sao lưu,bản sao dự phòng,backup
8329,hình chiếu,hình chiếu vật thể
8330,thanh ngang,đòn ngang
8331,trụ,ngõng,chốt,trục đứng
8332,thiết bị nổ,thiết bị phát nổ
8333,sừng,đầu
8334,văn phòng chính phủ
8335,tàu sân bay,hàng không mẫu hạm,tầu sân bay
8336,thảm,vật phủ sàn
8337,chất lợi tiểu,thuốc lợi tiểu
8338,sân,sân đấu,sới,trường đấu,đấu trường
8339,máy nông nghiệp
8340,phin,tích,ấm,ấm tích
8341,cấu trúc phân lớp
8342,nút dừng
8343,dụng cụ đo,máy đo,thiết bị đo,đồ đo,đồng hồ đo
8344,xe kéo,xe sức kéo
8345,thiết bị nối,đồ gá lắp
8346,hệ thống giao thông tuyến ngắn
8347,nhạc cụ dăm đôi,nhạc cụ có lưỡi gà kép,nhạc khí có lưỡi gà kép,kèn có lưỡi gà đôi
8348,dụng cụ vẽ,công cụ vẽ
8349,trống,cái trống
8350,cái kiếm,gươm,kiếm,kiếm kị binh,kiếm kỵ binh,thanh gươm,thanh kiếm,thanh kiếm kị binh,thanh kiếm kỵ binh,thanh đao,đao
8351,đồ nhà bếp,đồ dùng nhà bếp
8352,kính viễn vọng quang học,kính thiên văn quang học
8353,kính ảnh,tấm kính ảnh,tấm kẽm chụp ảnh
8354,tàu vũ trụ,tầu vũ trụ,con tàu vũ trụ,con tầu vũ trụ
8355,kho đồ ăn,phòng chứa đồ ăn thức uống,phòng chứa đồ ăn uống
8356,sàn chứng khoán,sàn giao dịch,sàn giao dịch chứng khoán
8357,thiết bị mô phỏng
8358,con,con cờ,quân,quân cờ
8359,lap,laptop,lép-tốp,máy tính xách tay,máy vi tính xách tay,máy xách tay,vi tính xách tay
8360,xe quân sự
8361,đồ đạc,đồ đạc trong nhà
8362,giáo mác,thương mâu
8363,chỗ làm,chỗ làm việc,nơi làm việc
8364,bộ cộng hưởng,thiết bị cộng hưởng
8365,dụng cụ,đồ dùng,công cụ,phương tiện
8366,gác,lô,xép
8367,áo nịt ngực
8368,bộ khởi động,bộ kích khởi,bộ kích,bộ kích hoạt
8369,bãi tập,bãi tập trận
8370,gian,ngăn,khoang,buồng,phòng
8371,bình chưng cất,bình cổ cong
8372,sổ ghi chép,sổ ghi chép hàng ngày,sổ nhật kí,sổ nhật ký
8373,váy tiệc,đầm tiệc,váy gown,đầm gown
8374,trang bị xách tay,trang bị cầm tay,thiết bị cầm tay
8375,hình minh họa,hình vẽ minh họa,hình ảnh minh họa,tranh minh họa,tranh ảnh minh họa,ảnh minh họa
8376,bộ phận đánh,vật đánh
8377,công trình quân sự
8378,dụng cụ cầm tay,công cụ cầm tay,đồ dùng cầm tay
8379,khối chữ in
8380,lá thuốc lá,sợi thuốc lá,thuốc lá,thuốc lá sợi,thuốc sợi
8381,grand piano,đại dương cầm,dương cầm lớn
8382,quân trang quân dụng
8383,fore-and-aft_sail
8384,phần trên của tàu,phần trên của tầu
8385,lốp hơi,lốp khí nén,lốp liền săm
8386,hội trường,phòng khiêu vũ,phòng nhảy,phòng tiệc
8387,nước sơn lót
8388,xe có động cơ
8389,mặt thẳng đứng,bề mặt thẳng đứng
8390,thiết bị tăng lực,thiết bị tăng sức,thiết bị tăng sức lực,thiết bị tăng sức mạnh
8391,cung thể thao,khu thể thao,trung tâm thể thao
8392,diềm,ren diềm,viền,đường diềm,đường viền
8393,gậy golf sắt,gậy gôn sắt,gậy đánh golf bằng sắt,gậy đánh gôn bằng sắt
8394,dụng cụ trừng phạt,dụng cụ phạt
8395,đồ nhà bếp,thiết bị nhà bếp
8396,tòa nhà chính phủ
8397,ca-rô,carô,vuông,kẻ ô vuông,kẻ ca-rô,kẻ carô
8398,máy pha cà phê,máy cà phê
8399,nút thòng lọng,nút dây
8400,dép,dép lê
8401,tàu hơi nước,tầu hơi nước
8402,nhạc cụ hơi,nhạc khí,nhạc cụ khí
8403,cuộn cảm ứng
8404,dải rút,dây rút
8405,bức tranh sơn dầu,sơn dầu,tranh sơn dầu
8406,bàn,bàn làm việc
8407,máy gia tốc hạt,máy gia tốc hạt cơ bản
8408,cái lọc
8409,chỗ tiếp điện,cục tiếp điện,mấu tiếp điện
8410,thang,cái thang,bậc,cái bậc
8411,tấm phủ ngựa,áo phủ ngựa,tấm phủ lưng ngựa
8412,nhà máy rượu
8413,thiết bị làm nóng,máy sưởi,lò sưởi,thiết bị sưởi ấm
8414,chạn,tủ chạn,tủ buffet,tủ búp-phê
8415,hệ thống bánh răng
8416,máy đánh chữ,máy chữ
8417,chổi lau sàn,chổi lau nhà
8418,đồ mài,cái mài,dụng cụ mài
8419,mặt ghế
8420,đòn đám ma,đòn khiêng đám ma
8421,ảnh trong suốt
8422,phấn,phấn bảng,phấn trắng,phấn viết bảng,viên phấn
8423,thuốc chống virut,thuốc diệt virut,thuốc chống vi-rút,thuốc diệt vi-rút
8424,cái xiên,cái xiên cá,cái xiên thịt,xiên,xiên cá,xiên thịt
8425,bao,mai,vỏ
8426,máy thở,máy hô hấp,máy thở nhân tạo,máy hô hấp nhân tạo,thiết bị thở,thiết bị hô hấp,thiết bị thở nhân tạo,thiết bị hô hấp nhân tạo
8427,thuốc bổ,thuốc tăng lực,tăng lực,tonic
8428,bình ngưng
8429,bể,bồn,bể chứa,bồn chứa,vật chứa
8430,nam châm,nam châm vĩnh cửu
8431,chất bị kiểm soát,thuốc bị kiểm soát
8432,công trình phòng vệ,công trình phòng thủ,công trình phòng ngự
8433,nơi trao đổi hàng hóa kín,khu trao đổi hàng hóa kín
8434,núm lên dây,nút lên dây
8435,giày dép,giầy dép
8436,giá cưa,giàn cưa
8437,bình đong,cốc đong,ca đong,đồ đong
8438,thuốc ức chế protease HIV,thuốc ức chế PI
8439,hốc,hốc tường,khoang tường
8440,vải che,vải bọc,vải lụa,vải,lụa
8441,tranh đồ họa,đồ họa
8442,thuyền liên lạc,tàu liên lạc
8443,nguồn,bộ nguồn,thiết bị nguồn
8444,bài trí sân khấu,cảnh,cảnh dựng,phông,phông cảnh,phông nền,sân khấu
8445,đường,đường cái,đường chính
8446,dùi,dùi khâu giày
8447,giỏ liễu,giỏ liễu gai,cái giỏ liễu,cái giỏ liễu gai
8448,ki,con ki,quả ki,ky,con ky,quả ky,chai gỗ
8449,bánh răng nón
8450,búa,cái búa
8451,thiết bị bảo vệ,thiết bị an toàn
8452,chỗ trú tạm,nơi nghỉ tạm,nơi trú tạm,trại tị nạn
8453,chỗ nghỉ,chỗ trọ,chỗ ăn ở,chỗ ở
8454,nhà đồ chơi,nhà chơi của trẻ con
8455,phụ kiện tóc,đồ đội đầu
8456,thiết bị nổ tự chế,thiết bị nổ tự tạo,thiết bị nổ tự làm,thiết bị nổ tự chế tạo,I.E.D.,IED
8457,chiến đấu cơ,máy bay chiến đấu
8458,kháng sinh,thuốc kháng sinh,thuốc diệt khuẩn,chất diệt khuẩn,thuốc sát khuẩn,chất sát khuẩn,thuốc kháng khuẩn,chất kháng khuẩn
8459,vòng váy,cái vòng váy
8460,chất tiệt trùng,chất tẩy trùng,chất khử trùng,thuốc tiệt trùng,thuốc tẩy trùng,thuốc khử trùng
8461,sáo dọc,cây sáo dọc
8462,miếng gảy đàn,miếng gảy
8463,vòng hoa chiến thắng,vòng nguyệt quế
8464,nhạc cụ điện tử,nhạc khí điện tử
8465,nội thất văn phòng,đồ dùng văn phòng,đồ đạc văn phòng,đồ văn phòng
8466,shop quần áo nam,cửa hàng quần áo nam,shop nam
8467,thiết bị báo động,tín hiệu báo động,tín hiệu cảnh báo
8468,đồ ăn uống
8469,khăn trải bàn
8470,sống tàu
8471,bình thóp cổ,bình thắt cổ,bình cổ óp
8472,dụng cụ bóng chày,dụng cụ môn bóng chày
8473,cờ lê,cờ-lê,cái cờ lê,cái cờ-lê
8474,sân tập gôn
8475,thước chia độ,thước chia tỉ lệ
8476,lò xo xoắn,lò xo xoắn ốc
8477,cành chim đậu,nhánh chim đậu
8478,giường bé,giường cho bé,giường của bé
8479,kìm,kềm,cái kìm,cái kềm
8480,gác xép,gác mái
8481,cốp,cốp xe,cốp sau,thùng,thùng xe
8482,cầu chì,cái cầu chì
8483,buồm,cột buồm
8484,li uống rượu,cốc uống rượu,ly uống rượu,li rượu,ly rượu,cốc rượu
8485,mấu,khớp,mấu nối,khớp nối
8486,kẹp,kẹp tóc,cái kẹp tóc,cặp,cặp tóc
8487,thùng sắt,thùng tôn,thùng
8488,biểu trưng,biểu tượng,vật biểu hiện,vật thể hiện
8489,dụng cụ thể dục,thiết bị thể dục,đồ dùng thể dục
8490,túi hứng bi
8491,thẻ,thẻ đổi tiền
8492,thiết lập tầm nhìn
8493,bình,bình có quai
8494,máy li tâm,máy ly tâm
8495,cuộn thuốc lá
8496,chất gây nôn,thuốc gây nôn
8497,nhà máy quặng
8498,dụng cụ chơi golf,dụng cụ chơi gôn
8499,gạch
8500,hệ thống máy móc,hệ thống cơ khí
8501,lưới gôn
8502,giần,cái giần,sàng,cái sàng,rây,cái rây
8503,thiết bị chỉ báo
8504,công cụ tra tấn,dụng cụ tra tấn
8505,bò,vải bò,jean,vải jean,vải lụa,vải,lụa
8506,quần áo lao động,bộ quần áo lao động
8507,miệng chai,cổ chai,miệng,cổ
8508,thuốc an thần nhẹ
8509,thuốc gây mê tĩnh mạch
8510,dụng cụ cricket,đồ chơi cricket,dụng cụ cricke,dụng cụ críc-kê
8511,hoa văn hình hạt tròn,miếng gỗ dài có nhiều hạt tròn
8512,mạch máy tính
8513,khóa,vòng khóa
8514,bồ đồ ăn
8515,đá đỉnh vòm
8516,phích,phích cắm,phích cắm điện,ổ,ổ cắm,ổ cắm điện,ổ điện
8517,kim máy hát
8518,thuốc,thuốc giảm đau
8519,dụng cụ cứu hộ,thiết bị cứu hộ
8520,xe motor hạng nhẹ,xe mô tô hạng nhẹ
8521,vật bảo vệ
8522,cân,cái cân
8523,thùng rác,thùng đựng rác
8524,cái ách,cầu vai,ách,đô áo
8525,tích kê,chỗ mạng,miếng mạng,miếng vá,miếng tích kê
8526,chuông hòa âm,chuông chùm
8527,nơi đặt vũ khí
8528,chất kích thích thần kinh,chất tác động thần kinh
8529,cột sắc kí,cột sắc ký
8530,dao díp,dao nhíp
8531,bảng hiệu
8532,hỗn hợp nổ
8533,mồi câu giả
8534,nhà thờ,nơi cầu nguyện
8535,tháp chuông,gác chuông
8536,ghế hội trường
8537,nạo,cái nạo,duôi,cái duôi
8538,mũi ghim,đầu ghim,đầu đinh ghim
8539,đoạn đầu đài
8540,mũ phụ nữ
8541,phòng tắm,buồng tắm,nhà tắm
8542,hàng vải,vải lụa,vải,lụa
8543,thuốc kích dục,thuốc kích thích tình dục
8544,đai,dây buộc
8545,khăn vai
8546,áo lễ,lễ phục
8547,bài báo,báo,báo giấy,báo in,báo viết,tờ báo
8548,kèn cornet,kèn coóc-nê
8549,bè,cái bè
8550,cột,cột cầu,cột trụ,trụ,trụ cầu
8551,xe kéo,xe bò,xe ngựa,xe động vật kéo
8552,bộ phận,mảnh rời,phần tách ra
8553,tranh,bức tranh,bức họa,bức vẽ
8554,xe tuần tra,xe tuần tra của cảnh sát,xe công an,xe cảnh sát
8555,máy tính bỏ túi,máy tính cầm tay,máy tính mini
8556,móc nồi,cái móc nồi
8557,la bàn,cái la bàn
8558,nhạc cụ có giăm kèm tự
8559,quần áo ngoài,áo khoác ngoài
8560,máy khách,nút mạng
8561,chân ga
8562,bay,cái bay
8563,bộ giảm xóc,bộ phận giảm xóc
8564,bảo tàng,viện bảo tàng,nhà trưng bày
8565,lò luyện kim,xưởng luyện kim
8566,chính điện,khu chính điện
8567,nơi linh thiêng
8568,lò rèn,xưởng rèn
8569,ren nối,khớp nối,coupler
8570,bục,bệ,nền
8571,đồ nam,trang phục nam,quần áo nam,quần áo đàn ông,quần áo con trai
8572,miếng lót,miếng đệm,miếng đệm lót,tấm lót,tấm đệm lót,tấm đệm,đệm
8573,cành hoa,nhành hoa,nhánh hoa
8574,phần thêm vào,phần phụ,phần phụ thêm vào
8575,mái đua,mái chìa,mái vẩy
8576,toa hàng,toa chở hàng,toa tàu chở hàng
8577,quân cờ đam
8578,quân nhu,binh nhu
8579,hàm thiếc
8580,dụng cụ đo dòng điện,thiết bị đo dòng điện
8581,đinh ghim,đinh bấm
8582,phấn má,phấn má hồng,phấn trang điểm,phấn phủ,phấn nén
8583,kho vũ khí,kho quân giới
8584,kính hiển vi,kiếng hiển vi
8585,khoang hàng,khoang hàng hóa
8586,cày,cái cày,cầy,cái cầy
8587,khung kính cửa sổ,khung cửa sổ
8588,khóa,khóa kéo,phéc-mơ-tuya,cái khóa
8589,bàn là,bàn ủi
8590,rọ,cũi,bu,lồng
8591,cọc gôn
8592,hàng tiêu dùng,hàng dân dụng
8593,bản in thử,ảnh in thử
8594,hàng rào,rào,rào chắn
8595,hệ thống vận tải
8596,chốt,chốt súng,cái chốt,cái chốt súng
8597,máy sao chụp,máy sao chép,máy nhân bản,máy Photostat,Photostat
8598,sân sau
8599,máy tính xách tay,notebook
8600,phố,đường phố,con phố,phố xá,phố phường
8601,cung,cung cấm,cung vua,cung vàng điện ngọc,cung điện,điện
8602,phông nền màn hình,màn hình nền,phông,nền màn hình
8603,hải đăng,tháp hải đăng,ngọn hải đăng,đèn biển,nhà đèn
8604,chiến hạm,quân hạm,thiết giáp hạm
8605,hòm,cái hòm,rương,chiếc hòm,cái rương,chiếc rương
8606,xà cạp
8607,máy gia tốc,xy-clô-trôn,máy gia tốc cộng hưởng từ
8608,cà-vạt,cà vạt,ca-vát,ca vát,ca-ra-vát,caravat,caravát
8609,dụng cụ làm sạch
8610,tòa thị chính
8611,nút thắt con bướm
8612,chổi lông chồn zibelin,cọ lông chồn zibelin
8613,liệu pháp acoustic,liệu pháp âm học
8614,kéo tỉa,kéo cắt tỉa
8615,mạch,mạch điện
8616,dải,mảnh
8617,kho bạc,ngân khố,quốc khố
8618,bản gốc,bản chính
8619,sân,cái sân
8620,bộ phận quay,bộ phận chuyển động
8621,làn đường
8622,mê cung,mê lộ
8623,bus,buýt,xe bus,xe buýt,xe ô tô buýt,xe ô-tô buýt,ô tô bus,ô tô buýt,ô-tô buýt
8624,cực âm,catôt,ca-tốt,cathode
8625,son,son môi,son bôi môi
8626,phòng thí nghiệm
8627,ê-ke,êke,ê ke,thước ê-ke,thước êke,thước ê ke,thước vuông
8628,mạng,mặt nạ,khẩu trang,mạng che mặt
8629,biệt thự
8630,khuôn,khuôn in,cái khuôn,cái khuôn in
8631,mã,quân mã,con mã
8632,pháo hoa,pháo bông,pháo thăng thiên
8633,bồn,bồn rửa,bồn rửa chén,chậu rửa bát
8634,đích,bia,mục tiêu,đích bắn
8635,kính bảo hộ,kính bảo vệ,kiếng bảo hộ,kiếng bảo vệ
8636,gàu xúc,gầu xúc
8637,cuộn sơ cấp,dây sơ cấp,cuộn dây sơ cấp
8638,chiếc chòi,chòi,cái chòi,căn chòi
8639,thánh đường,cung thánh
8640,vải kếp,vải lụa,vải,lụa
8641,động cơ phản lực
8642,đuôi tàu
8643,đèn cồn
8644,trạm,điểm,đồn,đài
8645,vải lanh mịn,vải lụa,vải,lụa
8646,gấm thêu kim tuyến
8647,ống dẫn,ống dẫn dịch
8648,Q,con Q,quân Q,quân bài Q,lá Q,lá bài Q
8649,thiết bị điện
8650,động cơ đốt trong,ICE
8651,nơi chí thánh
8652,cương,dây cương,dây dắt,vòng cổ
8653,súng trường,khẩu súng trường
8654,tàu thủy,tàu biển
8655,đen trắng,ảnh đen trắng,hình ảnh đen trắng,monochrome
8656,tàu siêu tốc,tàu nhanh,tầu siêu tốc,tầu nhanh
8657,sàng thô,cái sàng thô
8658,băng vệ sinh
8659,bộ nhớ,bộ nhớ máy tính
8660,lò vi sóng,lò vi ba
8661,mặt lát,mặt sàn
8662,áo choàng ngắn,áo choàng vai
8663,bát,bát chén,chiếc bát,chiếc chén,chén,chén bát,cái bát,cái chén
8664,bệnh viện phụ sản
8665,bia mộ
8666,hệ thống bảo mật,hệ thống an ninh
8667,rô,con rô,quân rô,chất rô
8668,nơi ẩn cư,nơi ở ẩn,nơi ẩn dật
8669,bình lắc,bình trộn
8670,kẹp giấy,cái kẹp giấy
8671,trang thiết bị,đồ thiết bị,đồ trang bị,đồ đạc
8672,gamma hydroxybutyrate,GHB
8673,phòng họp quốc hội,quốc hội
8674,hơi gây mê dạng hít
8675,xà kép
8676,khung gầm,sát-xi
8677,lưới đánh cá,lưới bắt cá
8678,bộ truyền động
8679,xe nôi,xe đẩy,xe đẩy trẻ con,xe đẩy trẻ em
8680,sách báo xuất bản,xuất bản phẩm,ấn phẩm
8681,ổ đựng,ổ chứa
8682,nhà lưu động,nhà di động
8683,thuốc đỏ,merbromine,Mercurochrome
8684,thùng,thùng nhỏ
8685,ghế nệm
8686,quần âu
8687,máy phun,bình phun,bình xịt,bình phụt
8688,liếp,liếp đất,luống,luống đất
8689,thùng hàng
8690,cờ,lá cờ
8691,ngựa gỗ
8692,lá bản lề
8693,hệ thống,mạng lưới máy tính
8694,cơ cấu hạn chế,bộ hạn chế
8695,rơ le
8696,nơi trú ẩn,nơi ẩn náu,nơi ẩn nấp,nơi nương náu,nơi trốn tránh,nơi an toàn
8697,boong,boong tàu
8698,măng-tô,áo măng-tô
8699,giếng dầu
8700,bình chân không,bình thủy,phích,phích nước
8701,bi,hòn bi,viên bi
8702,bùa may,bùa may mắn
8703,búa gõ,búa piano
8704,gót giày,gót giầy
8705,lớp gỗ mặt,lớp gỗ dán
8706,bàn trang điểm,bàn phấn
8707,hàng lậu
8708,lót,đế lót,lót giày,đế lót giày,vật nâng cao chân
8709,quần,quần dài
8710,ô,ngăn
8711,cơ,quân cơ
8712,quần áo,bộ quần áo
8713,ca-táp,catáp,cặp đựng tài liệu
8714,khăn tay,khăn mùi soa,khăn mu-soa
8715,đoạn đường thẳng,quãng đường thẳng
8716,bu-mơ-rang,vũ khí bu-mơ-rang
8717,lễ phục,bộ vest,bộ vét
8718,giác hút
8719,chằng yên,dây chằng yên,dây chằng yên ngựa
8720,quân sáu,con sáu,sáu
8721,cồng,chiêng
8722,giường xếp,giường gấp
8723,gông,gông gỗ
8724,khớp nối,khớp chuyển động
8725,vật phẩm,đồ vật,đồ dùng,đồ
8726,chuột,con chuột,chuột máy tính
8727,hành lang,tiền sảnh,phòng chờ,phòng tiếp tân
8728,rạp chiếu phim,rạp chiếu bóng
8729,dụng cụ lọc,thiết bị lọc
8730,vết khía hình chữ V,vết khía hình chữ U,khía hình chữ V,khía hình chữ U
8731,âm thoa
8732,lỗ khoan,giếng khoan
8733,mô hình,vật thu nhỏ
8734,dầu gội,dầu gội đầu
8735,mặt chính,mặt ngửa
8736,dao găm
8737,máy quấn,máy cuốn
8738,màu keo
8739,đinh tán
8740,két nước,két xả bồn cầu
8741,thuốc phiện,á phiện,a phiến,nha phiến
8742,lựu đạn,quả lựu đạn
8743,hậu,quân hậu
8744,hàng giậu,bờ giậu
8745,cuốn,quyển,tập
8746,hội trường,giảng đường
8747,bộ nhớ đệm,bộ nhớ trung gian
8748,ngư lôi,thủy lôi
8749,áo giáp,giáp
8750,thiết bị chụp ảnh
8751,sịp,quần sịp
8752,góc vườn,khu vườn,sân nhà,sân vườn,vườn,vườn nhà
8753,thân mũi khoan
8754,vật gia cố,đồ gia cố
8755,tàu chiến lặn,tàu lặn,tầu chiến lặn,tầu lặn
8756,thiết bị kiểm tra,máy kiểm tra,bộ kiểm tra
8757,tụ điện,cái tụ điện
8758,antimycin,chất kháng nấm,thuốc kháng nấm
8759,đồ cổ,đồ xưa
8760,đạn,đạn dược
8761,vật đúc
8762,thanh ray,đường ray,đường ray xe lửa,đường rầy,đường sắt,đường tàu
8763,ván,băng,thanh,ván ngang,thanh ngang
8764,dây nóng,đường dây nóng,điện đàm
8765,đũa,đôi đũa
8766,gấm,vải gấm,vải lụa,vải,lụa
8767,then cửa,then cài cửa,then chốt cửa
8768,dây nối
8769,tà vẹt
8770,phòng tối,buồng tối,phòng rửa phim
8771,phanh,c
8772,áo lót,áo lót của phụ nữ,áo hai dây
8773,công cụ thi hành án
8774,bass,kèn bass
8775,ketamine,ketamine hydrochloride,Ketalar
8776,máy làm khô,máy sấy
8777,buồng giam,phòng giam,trại giam
8778,dồ dưỡng da,kem dưỡng da
8779,ghế nhỏ,ghế đẩu
8780,khoang cá,buồng máy bơm
8781,bao,bọc bì
8782,hệ thống máy tính,hệ thống máy vi tính,hệ thống ADP,ADP system,ADPS
8783,khung,khung căng,khung tranh
8784,dụng cụ đo độ ẩm
8785,lễ phục của quân nhân
8786,máy chủ
8787,máy thu,bộ thu,thiết bị thu
8788,môi,cái môi,muôi,cái muôi,muỗng,cái muỗng,vá,cái vá
8789,điêu khắc động,điêu khắc mobile,tác phẩm điêu khắc động,tác phẩm điêu khắc mobile
8790,lỗ,ổ,hốc
8791,báng súng
8792,ocarina,sáo ocarina
8793,nến,cây nến
8794,công trình,công trình kiến trúc,kiến trúc
8795,dao phẫu thuật,lance,lancet
8796,kho,nhà kho,bãi,bãi chứa
8797,ga-rô,băng ga - rô băng nén mạch
8798,găng tay,bao tay,tất tay
8799,hàng,hàng hóa,thương phẩm,mặt hàng,món hàng
8800,cái roi da,roi da
8801,phím xóa,phím lùi,phím backspace
8802,khuê phòng,buồng khuê
8803,vỉ nướng,vỉ
8804,máy tính số,máy tính hệ số,máy tính digital
8805,nhạc cụ có một dây cung
8806,giày gỗ,guốc,guốc gỗ
8807,giáo đường Do thái
8808,cái cửa,cánh cửa,cửa
8809,áo sơ mi,áo sơ-mi,sơ mi
8810,sofa,xô-pha,xôpha,sô pha,ghế sofa,ghế xôpha,ghế xô-pha,ghế sô pha
8811,khách sạn,nhà khách,nhà nghỉ,nhà trọ,quán trọ
8812,thuốc kích thích,chất kích thích
8813,màng tránh thai,vòng tránh thai,màng tránh thụ thai
8814,xuồng yôn
8815,bánh xe đẩy
8816,buồng khách,phòng khách
8817,rạp xiếc
8818,váy dạ hội,áo dài
8819,cột,cột chống
8820,dụng cụ định dạng
8821,giũa,cái giũa
8822,bù nhìn,hình nộm
8823,trành tập bắn,trành
8824,rọ mõm,rọ bịt mõm,đai bịt mõm
8825,hào giao thông,giao thông hào
8826,chòi,điếm
8827,máy quạt gió
8828,khuôn giày,cốt giày
8829,máy phát điện,máy phát
8830,dụng cụ chơi cầu lông
8831,xa lộ thông tin
8832,áo khoác không tay,áo khoác sát nách,áo khoác khoét tay
8833,đường đua
8834,bóng ném,quả bóng ném,trái bóng ném
8835,quân hai,con hai,hai
8836,toa nhiên liệu
8837,chuông,cái chuông,quả chuông
8838,loại,thể loại,loại thể,loại hình
8839,cuốc,cái cuốc
8840,tranh phong cảnh,tranh thiên nhiên,thể loại tranh phong cảnh,thể loại tranh thiên nhiên
8841,tác phẩm kinh điển
8842,vật cản,trở ngại,hạn chế,giới hạn,rào cản,vật cản trở
8843,ảnh,ảnh bóng
8844,vô tuyến,mạng không dây
8845,sườn ngang
8846,dây đàn
8847,đĩa mềm
8848,thương,giáo,mâu,cây thương,cây giáo,cây mâu
8849,đĩa ném
8850,thanh bậc thang,bậc thang,bậc
8851,tầng hai,tầng trên
8852,ắc-quy,bình ắc-quy,bộ ắc-quy,bộ pin,bình tích điện,bộ tích điện
8853,thanh ghi
8854,thùng,thùng thóc
8855,thiết bị cài đặt
8856,dây kéo,dây kéo ngựa,dây kéo xe ngựa,dây thắng
8857,barie,ba-ri-e,ba ri e,vật chắn,chướng ngại vật,vật cản trở
8858,tên lửa vũ trụ
8859,bình nhiên liệu,bình chứa nhiên liệu
8860,buồng máy,buồng tàu
8861,li,ly,cái li,cái ly,cốc,cái cốc
8862,phòng xử án,phòng xét xử
8863,lưỡi lê
8864,cảng hàng không
8865,dụng cụ khoa học
8866,lỗ,miệng
8867,mảnh nhiễu xạ,lá nhiễu xạ,lá nhiễu ra-đa
8868,dụng cụ kẹp
8869,giáo,giàn giáo
8870,mái hiên,mái che
8871,bộ phận điều chỉnh,núm điều chỉnh
8872,sàn khiêu vũ
8873,nhạc cụ dây,nhạc dây
8874,tiện ích,đồ tiện ích,dịch vụ tiện ích,tiện nghi
8875,áo ngực,áo con,áo lót,nịt ngực,xu chiêng,xu-chiêng
8876,lỗ súng
8877,neo,cái neo,mỏ neo,neo tàu
8878,bột talc,bột tan
8879,sân bay,phi trường,trường bay
8880,ổ đỡ
8881,nux vomica,thuốc nux vomica
8882,bộ nhớ,RAM
8883,nhẫn,chiếc nhẫn
8884,gian,quầy,gian hàng,quầy hàng
8885,hình,hình điêu khắc
8886,iris,màn chớp tròn
8887,bọc,gói
8888,thuốc đạn
8889,dòng sản phẩm
8890,cổng,cửa,cánh cổng,cái cổng,cổng vào
8891,ve,ve áo
8892,trại cải tạo,trải cải huấn
8893,túi lớn,giỏ lớn
8894,súng lục,súng ngắn
8895,giá,kệ,vật chống,giá đỡ,kệ đỡ
8896,thứ linh tinh,đồ linh tinh,vật linh tinh
8897,vòng tay,vòng đeo tay,dây chuyền đeo tay
8898,mẫu,mô hình
8899,tên lửa đạn đạo liên lục địa
8900,cái dây lưng,cái thắt lưng,dây lưng,dây thắt lưng,thắt lưng
8901,chuông,chuông cửa,chuông nhà
8902,thiết bị lưu trữ,bộ nhớ
8903,đầu ruồi
8904,dây dọi
8905,vải đan,vải lụa,vải,lụa
8906,quốc lộ,tuyến đường chính,tuyến đường huyết mạch,tỉnh lộ,đường giao thông chính,đường giao thông huyết mạch,đại lộ
8907,lưới vợt,đầu đánh,đầu đập
8908,dây,lạt,chão
8909,tảng,nền,nền tảng
8910,tẩu,tẩu thuốc
8911,dây néo
8912,sự nghiệp,sản phẩm,tác phẩm
8913,cửa lò,van,van điều khiển
8914,trạm nhiên liệu,trạm cung cấp nhiên liệu
8915,mạng,internet,mạng toàn cầu,mạng internet
8916,trại chăn nuôi,trại gia súc,trang trại chăn nuôi,trang trại gia súc
8917,chì,chì kẻ,bút kẻ,chì kẻ mắt,bút kẻ mắt
8918,vật cố định,đồ cố định
8919,thảm,tấm thảm
8920,tàu khách,tàu chở khách,tàu,tầu khách,tầu chở khách,tầu
8921,ngòi,ruột,ngòi chì,ruột chì,ngòi bút chì,ruột bút chì
8922,thuốc con nhộng,thuốc dạng viên nhộng,thuốc dạng viên nang,thuốc dạng viên con nhộng
8923,ống,vòi,ống hút,vòi hút
8924,thiết bị thu thanh,thiết bị thu âm,thiết bị ghi âm
8925,vải giả da,vải lụa,vải,lụa
8926,thuốc nổ
8927,đĩa từ cứng
8928,đá,hòn đá,tảng đá,phiến đá
8929,gỗ dán,gỗ ép
8930,phông,nền,phông nền,cảnh nền
8931,đê,đường đê,con đê,bờ đê
8932,dấu nung,con dấu nung
8933,tàu hành khách,tầu hành khách,tàu,tầu,xe lửa
8934,đường băng,đường lane,đường lăn,đường lăn bóng bowling
8935,dây dợ
8936,gậy đánh gôn,gạy đánh gôn
8937,vật nặng,đồ nặng
8938,tủ lạnh
8939,R-2,Mexican_valium,thuốc kích dục,thuốc kích dâm
8940,đài phun nước,vòi nước,vòi phun
8941,đại bác góc bắn cao
8942,dải viền
8943,trục quay,trục
8944,đèn sân khấu
8945,xe tang,xe đòn,linh xa
8946,J,quân J,con J,quân bài J,lá bài J
8947,ván lót
8948,dùi cui,gậy tày
8949,vật trám răng,chất trám răng,chất hàn răng,vật liệu hàn răng
8950,sứ,đồ sứ,gốm sứ,đồ gốm sứ
8951,đèn,đèn chiếu sáng
8952,tượng nhân sư
8953,trống định âm
8954,đồ dùng,vật dụng,đồ dùng vật dụng
8955,sợi,sợi dây
8956,đu quay,đu quay trẻ em,vòng quay ngựa gỗ
8957,trường mĩ thuật,trường mỹ thuật
8958,đồ đan lát,rổ rá
8959,thiết bị thu phát truyền hình
8960,mã tấu,đại đao,thanh mã tấu,thanh đại đao
8961,bàn,bàn ăn,chiếc bàn,cái bàn,cái bàn ăn
8962,vật che nắng,đồ che nắng
8963,gỗ xây dựng,gỗ cây,gỗ súc
8964,đường,lối,đường lối,lối đi,đường đi,đường vào,lối vào,đường ra,lối ra,đường ra lối vào,đường đi lối lại
8965,đèn bấm,đèn pin
8966,động cơ,máy động cơ
8967,đĩa quang,đĩa quang học
8968,tã,tã lót,bỉm
8969,vít,đinh,đinh vít,đinh ốc,ốc vít
8970,tù và
8971,tên lửa có điều khiển
8972,nhà nguyện
8973,hòm thư,hộp thư,thùng thư
8974,thuốc lá,điếu thuốc lá
8975,bóng bán dẫn,tranzito,bJT
8976,cocain,cô-ca-in,cô ca in,côcain,thuốc phiện trắng
8977,lao móc,cây lao móc
8978,hầm mộ
8979,hỏa kế
8980,đề tài,chủ đề,đối tượng
8981,ba lô,balô,balo
8982,giày cao cổ,gaiter,giày gaiter
8983,công cụ làm vườn
8984,khay,cái khay khay đựng
8985,máy kinh vĩ,máy kinh vỹ
8986,ấm,ấm nước,cái ấm,siêu,siêu nước,cái siêu,cái ấm đun nước,ấm đun nước,ấm đun
8987,lỗ,lỗ gôn
8988,bom hẹn giờ,bom nổ chậm
8989,sofa giường,giường gấp
8990,giày bao,giầy bao,ủng rộng
8991,hộp chè,hộp trà
8992,công ti vận tải,công ty vận tải
8993,kính khuếch đại,kính lúp,máy phỏng ảnh
8994,bông nhồi,ruột bông,ruột chăn,sợi độn
8995,bướm gió,van gió
8996,máy bay nhẹ hơn không khí
8997,bom xăng
8998,lò xo
8999,lá thăm,vật thăm,thăm,thẻ
9000,áo lót nam,áo vệ sinh nam,áo may ô,may ô
9001,xe phục vụ giải trí,RV,R.V.
9002,áp tròng,kính áp tròng,contact,contact_lens
9003,cửa ra vào
9004,compa,com-pa
9005,thuốc giun,thuốc tẩy giun,thuốc trừ giun
9006,thuốc nhuận tràng
9007,nhũ tương ảnh
9008,phao bần,phao câu
9009,máy bộ đàm,bộ đàm
9010,lò hạt nhân,lò phản ứng hạt nhân,lò phản ứng nguyên tử
9011,đường thoát,lối thoát,chỗ thoát,lối ra,cửa ra,lối thoát hiểm,cửa thoát hiểm
9012,khoản,món
9013,họa tiết trang trí
9014,pháo cối,súng cối
9015,chìa khóa vạn năng
9016,máy quay,máy quay phim,máy quay truyền hình
9017,khoan,cái khoan
9018,trâm,trâm gài,trâm cài
9019,thấu kính hội tụ,cái tụ sáng
9020,búa máy
9021,bàn ren
9022,cuộn thứ cấp,cuộn dây thứ cấp
9023,hình vẽ,bản vẽ,bức vẽ,tranh vẽ,họa tiết
9024,boong trên
9025,quân K,quân bài K,lá bài K
9026,hầm giam,địa lao
9027,thuốc khai sự thật
9028,lối vào,lối ra vào
9029,đơn nguyên,khu nhà,khối nhà
9030,xi lanh,xi-lanh,xilanh,xy lanh,xy-lanh,xylanh,ống chích,ống tiêm
9031,máy bay phản lực,phản lực cơ
9032,tràng kỉ,tràng kỷ,trường kỉ,trường kỷ,ghế tràng kỉ,ghế tràng kỷ,ghế trường kỉ,ghế trường kỷ
9033,mảnh vải thừa,đầu vải thừa,mảnh vải lẻ,vải lụa,vải,lụa
9034,kính tiềm vọng,kiếng tiềm vọng
9035,cần bấm
9036,máng,máng ăn
9037,mũi đan
9038,cây sáo,sáo,ống sáo
9039,khớp li hợp
9040,boong hở
9041,ròng rọc,cái ròng rọc,pu li,puli,pu-li
9042,mộ,mồ,mộ địa
9043,nhà ở,nơi cư trú,nơi ăn chốn ở,nơi ở
9044,hiệu sách,nhà sách,cửa hàng sách
9045,bút trâm,cây bút trâm,cái bút trâm,chiếc bút trâm
9046,kho,kho hàng,khó hàng hóa,kho chứa hàng,kho chứa hàng hóa
9047,xô,thùng,cái xô,cái thùng
9048,nhiệt kế,nhiệt biểu
9049,kính thiên văn,kính viễn vọng thiên văn,kiếng thiên văn,kiếng viễn vọng thiên văn
9050,nẹp răng,niềng răng,dụng cụ nẹp răng,dụng cụ niềng răng
9051,bảng điều khiển
9052,dụng cụ nha khoa
9053,bật phấn,dây bật phấn,dây phấn
9054,cầu,cây cầu,chiếc cầu
9055,xà tích,dây xà tích,sợi dây xà tích
9056,răng bánh xe,đĩa răng
9057,ống bọt nước,ống thủy,ống nivô,ống ni-vô
9058,tay lái,vô lăng,bánh lái
9059,pin,pin điện hóa
9060,máy tính lớn,máy tính cỡ lớn
9061,phăng teo,cây phăng teo,quân phăng teo
9062,ống thổi
9063,máy bay,phi cơ,tàu bay,tầu bay
9064,vải màn,màn,vải lụa,vải,lụa
9065,kiệt tác,tuyệt tác
9066,máy ảnh,máy chụp ảnh,máy chụp hình
9067,hiệu thuốc,nhà thuốc,cửa hàng thuốc
9068,ống xả,ống thoát khí
9069,chỉ nha khoa,chỉ tơ nha khoa,chỉ y tế
9070,phòng bệnh
9071,nam châm điện
9072,sản lượng,thành phẩm,sản phẩm sau cùng
9073,võng,cái võng
9074,ảnh,hình,bức ảnh,tấm ảnh,tấm hình,bức hình
9075,tấm đỉnh cột,tấm đầu cột
9076,đồ dùng,đồ gia dụng,đồ dùng gia đình
9077,vũ khí phòng không
9078,dây tóc,dây tóc bóng đèn
9079,đồ cổ,di vật,di tích,di tích di vật
9080,bản thu,bản ghi,bản thu âm,bản thu thanh,bản thu hình,bản ghi hình,bản ghi âm
9081,đồ bộ,đồ mặc nhà,đồ ngủ,quần áo ngủ,pajama,pyjama
9082,trục chính,trục tâm
9083,cảng,hải cảng,cảng biển,cảng tàu,bến cảng,bến,bến tàu
9084,vách,tường,vách ngăn,tường ngăn,bình phong
9085,đạn hỏa mai
9086,đồ họa,hình đồ họa,sản phẩm đồ họa
9087,đục,cái đục
9088,dây dàn
9089,dây thép gai,gây kém gai
9090,giảm xóc,thiết bị giảm sóc,bộ giảm sóc,cái giảm xóc
9091,trại trẻ mồ côi,trại mồ côi,cô nhi viện,mái ấm tình thương,mái ấm nhà mở
9092,dùi cui,cái dùi cui
9093,bàn tính,bàn tính Trung Hoa,bàn tính Trung Quốc
9094,chày nghiền quặng,máy chày nghiền quặng
9095,vật nhồi
9096,cây,cuộn
9097,khuôn đúc gang,cái khuôn đúc gang
9098,bấc,cái bấc
9099,pi-a-nô,piano,đàn pi-a-nô,đàn piano,dương cầm,đàn dương cầm
9100,chân côn
9101,tranh tĩnh vật
9102,cống,ống thoát,ống thoát nước
9103,bánh xe,bánh
9104,chế hòa khí,bộ chế hòa khí,bình xăng con
9105,đồng hồ báo thức
9106,khuỷu,ống khuỷu,khuỷu nối ống
9107,dao trộn
9108,máy gặt
9109,chuồng lợn,chuồng heo
9110,chĩa,cây chĩa
9111,len,vải len,vải lụa,vải,lụa,sợi len
9112,gáy,gáy sách
9113,ổ đạn
9114,ca lô,mũ ca lô
9115,bao ngón tay
9116,màu nước
9117,khớp vạn năng,khớp nối vạn năng
9118,album,anbum,anbom,an-bom
9119,phà
9120,máy chém
9121,máy công cụ
9122,khiên,mộc,cái khiên,cái mộc
9123,chăn bông chắp vá,mền bông chắp vá
9124,xích,dây xích
9125,Levis,levis
9126,máy bay cánh quạt
9127,màng,mùng
9128,khăn vuông chùm đầu
9129,mặt ngược,mặt sấp
9130,ghế,cái ghế,chiếc ghế
9131,khung thành,cầu môn
9132,mũi kim,mũi khâu,mũi thêu
9133,băng,băng hình,băng ghi hình,video
9134,quầy,quầy hàng,quầy giao dịch
9135,lẫy khóa,cái lẫy khóa
9136,giỏ khí cầu,giỏ khinh khí cầu
9137,quang phổ kế
9138,máy hút bụi
9139,ngai,ngai vàng
9140,lỗ hốc
9141,máy phóng,máy phóng rốc-két
9142,bao hình chân,bao bảo vệ hình chân
9143,pháo hiệu
9144,bu lông,bu-lông,bulông,buloong,đinh ốc
9145,hộp diêm,bao diêm,hộp quẹt
9146,hệ thống liên lạc vô tuyến điện
9147,hàng giao sau
9148,căng tin,phòng ăn
9149,bìa,bìa sách,bìa vở
9150,áo trùm hông,áo dáng dài
9151,gile,áo gile,gilê,áo gilê,gi-lê,áo gi-lê
9152,kim nam châm,kim từ tính,kim từ,kim chỉ hướng
9153,ống dòm,ống nhòm
9154,dốc,mặt dốc
9155,phanh,phanh xe,thắng,thắng xe
9156,bảng hiển thị bảng tin,bảng thông báo
9157,bàn đạp
9158,xe đạp
9159,lao,cái lao
9160,áo liền váy,váy liền áo
9161,kiểu dệt
9162,phần bịt đầu ngựa
9163,bệnh viện tâm thần
9164,vải dệt,vải lụa,vải,lụa
9165,máy phát vô tuyến,máy phát radio,máy phát rađiô,máy phát sóng radio,máy phát sóng rađiô
9166,túi du lịch qua đêm
9167,săm,săm xe
9168,đường nối
9169,đường,lối,đường đi,con đường,lối đi,đường lối,đường đi lối lại
9170,gối,cái gối,chiếc gối
9171,dùi,cái dùi,máy dùi,kìm bấm,kìm nhổ đinh
9172,trại hè
9173,dây buộc,dây xỏ,dải buộc
9174,amobarbital
9175,áo tế,áo thụng,áo tu,áo xếp trắng
9176,bào,cái bào,bào gỗ,cái bào gỗ
9177,ống ngắm,ống ngắm súng
9178,vật bao,vật che phủ,vật phủ,vật đậy,đồ bao,đồ che,đồ che phủ,đồ phủ,đồ đậy
9179,tang phục
9180,dây đeo quần
9181,đài phát thanh,đài phát thanh truyền hình,đài phát thanh và truyền hình,đài truyền hình
9182,sự đổ nát,sự suy đồi
9183,vật chồng lên,vật gối lên,vật đè lên
9184,Xerox,máy Xerox,máy sao chép Xerox,máy photo Xerox
9185,bơm mỡ,bơm dầu,ống bơm mỡ,ống bơm dầu,súng tra mỡ,súng tra dầu
9186,đại phong cầm,đàn đạp hơi
9187,túi dây rút,túi dải rút
9188,bình,hũ
9189,đường sắt,xe lửa,hệ thống đường sắt,hệ thống xe lửa,giao thông đường sắt
9190,tất,vớ,bít tất
9191,hầm,đường hầm
9192,đường sắt trên cao
9193,tàu khách,tầu khách,tàu hành khách,tầu hành khách
9194,vật trang trí kiến trúc
9195,đường,lòng đường
9196,tời,cái tời
9197,trại tế bần,trại cứu tế,nhà tế bần,trung tâm bảo trợ xã hội
9198,vật hình cầu,đồ hình cầu
9199,tàu tuần tiễn,tàu tuần dương
9200,chiến hạm,tàu chiến,tầu chiến
9201,đu,xà treo,đu nhào nhộn
9202,khí giới,vũ khí
9203,kim khí,đồ kim khí,đồ ngũ kim,vật dụng kim loại
9204,đối trọng,vật đối trọng
9205,bản phim
9206,phiến đá lát,đá lát
9207,vật hỗ trợ,vật trợ giúp,vật gia cố
9208,đĩa đựng thức ăn
9209,trại nghỉ
9210,vườn bách thảo,vườn ươm cây
9211,dầu,dầu gió,dầu thoa,dầu xoa
9212,tạ,quả tạ,cục tạ,thanh tạ
9213,bao cao su,áo mưa,condom
9214,nhiệt lượng kế,dụng cụ đo nhiệt lượng
9215,đường,lối,lối đi,đường đi,con đường,đường giao thông
9216,đĩa,cái đĩa,chiếc đĩa
9217,đồ nghề,công cụ hành nghề,trang thiết bị hành nghề
9218,tàu,thuyền,tàu thuyền,tàu thủy
9219,bập bênh,ván bập bênh
9220,khăn,khăn quàng,khăn quàng cổ,khăn choàng cổ
9221,lược bí,lược dày,lược mau,lược răng khít
9222,bài thuốc,phương thuốc,liệu pháp,cách chữa bệnh
9223,quả táo yên ngựa,núm yên ngựa
9224,chày,chầy,chày làm vữa,chầy làm vữa
9225,máy chiếu,máy chiếu hình,máy chiếu phim,đèn chiếu
9226,quan tài
9227,vỏ không,thùng không,chai không,thùng rỗng,thùng trống
9228,bục đấu giá
9229,kim chỉ,đồ kim chỉ,chỉ khâu
9230,buồng bếp,khoang bếp
9231,mảnh đạn,mảnh bom
9232,quân trắng
9233,cái xẻng,xẻng
9234,xe tay,xe kéo,xe kéo tay
9235,trang phục truyền thống
9236,bản khắc
9237,luống cày,rãnh cày
9238,chăn bông,mền bông
9239,máy xay,cối xay
9240,kính râm,kính mát,kính đen,kiếng râm,kiếng mát,kiếng râm
9241,đai truyền,đai truyền động
9242,sứ,đồ sứ,hàng sứ
9243,phên,liếp
9244,cocain cục,cocaine cục
9245,giếng,cái giếng,giếng khoan,giếng nước
9246,bàn thờ,ban thờ,đàn tràng,bệ thờ
9247,lúc lắc,cái lúc lắc,trống lắc,cái trống lắc
9248,ghế bành,ghế bành tượng
9249,buồng giam,phòng giam,buồng giam giữ,phòng giam giữ
9250,kíp,kíp nổ,ngồi nổ
9251,kích,cái kích
9252,quả tua,núm tua
9253,liều,liều thuốc
9254,hàng xuất khẩu
9255,cái điều khiến,remote,thiết bị điều khiển,điều khiển
9256,lọ hoa để trên cái bệ
9257,phương tiên chuyên chở,phương tiện có bánh,phương tiện vận chuyển,phương tiện vận chuyển công cộng,phương tiện vận tải,xe,xe có bánh,xe cộ,phương tiện giao thông
9258,nồi,cái nồi,chiếc nồi,xoong,cái xoong,chiếc xoong
9259,pô,bô,ống pô,ống xả
9260,nhà để ô tô,nhà xe,ga-ra,gara
9261,dao rựa,rựa
9262,chén thánh
9263,thành tàu
9264,cọc,cọc rào
9265,máy đo tốc độ,máy đo tốc độ tàu
9266,spoon,gậy gôn spoon
9267,thước dây
9268,kho vũ khí đạn dược
9269,hốc tường,lõm tường
9270,quốc lộ,đại lộ,đường cái
9271,pallium,áo pallium,áo Giáo hoàng
9272,huy hiệu,phù hiệu
9273,bóng đèn,bóng điện
9274,mạng nhện,bẫy lưới,cạm bẫy
9275,lều xiếc
9276,nút bấm
9277,mảnh da,miếng da,mẩu da
9278,máy tính tương tự,máy tính tỉ biến,máy tính tỷ biến
9279,nạng,cái nạng,chiếc nạng
9280,kẹp,ghim,cặp,cái kẹp,cái ghim,cái cặp,cái nhíp,nhíp
9281,quần soóc,quần đùi,quần cộc
9282,kèn cor,kèn thợ săn,kèn săn
9283,váy cô dâu,váy cưới,áo cô dâu,áo cưới
9284,a nốt,cực dương,dương cực,điện cực dương
9285,vợt,vợt tennis,vợt bóng quần,vợt ten-nít,vợt quần vợt
9286,tranh thủy mặc,tranh màu nước
9287,gông,giàn gông
9288,kéo,cái kéo
9289,đàn lia
9290,sân,sân đấu,võ đài,vũ đài,đấu trường
9291,vòi,vòi nước,khóa nước
9292,dù,cái dù,dù nhảy
9293,ống dẫn,ống dẫn chất lỏng
9294,động cơ diesel,động cơ điêzen,diesel,điêzen
9295,bản đồ,địa đồ
9296,thanh chống,thanh đỡ
9297,đèn đốt,đèn dầu
9298,đèn chớp,đèn flash,đèn nháy
9299,đòn đám ma,bệ linh cữu
9300,trục căng buồm
9301,còi
9302,thừng,dây thừng
9303,đạn pháo
9304,vũ khí hạt nhân
9305,vườn thú,vườn bách thú,công viên bách thú
9306,tơ,lụa,tơ lụa
9307,sơn mài
9308,dây điện
9309,sợi bông,sợi cốt-tông,sợi cotton
9310,tay quay
9311,bản chép lại,bản copy,bản ghi lại,bản sao,bản sao chép,văn bản sao chép
9312,tạp dề
9313,vũ khí hạng nặng
9314,súng tự nạp đạn,súng nạp đạn tự động
9315,trực thăng,máy bay lên thẳng
9316,đàn dây,chordophone
9317,trục lăn,bánh lăn,con lăn
9318,tấm kính,cửa kính
9319,phòng,buồng,gian,nhà
9320,trống cơm
9321,tàu máy,ca nô,tầu máy
9322,bờ đập,đập
9323,vật đỡ lưng,vật tựa lưng,đồ đỡ lưng,đồ tựa lưng
9324,thuyền ba lá,thuyền ba ván,thuyền tam bản
9325,gọng,ổ đá
9326,lá chắn,tấm chắn,vỏ bọc,vỏ bao,vỏ che
9327,vật nối,khớp nối,khớp ghép,đầu nối
9328,vòng đệm
9329,đạn,tên lửa,hỏa tiễn,vật phóng,vật phóng ra,vật bắn ra
9330,ghim,giập ghim,ghim giập,dập ghim,ghim dập
9331,gạt tàn,cái gạt tàn,gạt tàn thuốc lá,tẩu hút thuốc,tẩu thuốc lá,nỏ thuốc,nõ thuốc
9332,hình,hình thể
9333,áo khoác lao động,áo khoác bảo hộ,áo choàng lao động,áo choàng bảo hộ
9334,thang cuốn,cầu thang cuốn
9335,vĩ,cây vĩ
9336,ống,vòi,ống dẫn,vòi dẫn,đường ống,đường ống dẫn
9337,còng,còng tay,còng số tám
9338,đồng hồ,đồng hồ đeo tay,cái đồng hồ,cái đồng hồ đeo tay
9339,đường khâu
9340,bản chụp,bản sao chụp
9341,véc-ni sơn mài,vécni sơn mài,véc ni sơn mài,vec-ni sơn mài,vecni sơn mài,vec ni sơn mài
9342,mễ,niễng,bộ ngựa,bộ chân
9343,tủ ngăn kéo,tủ nhiều ngăn
9344,amphetamine,am-phê-ta-min,thuốc kích thích
9345,thùng butt,mông rượu,butt,pipe
9346,đường vành đai
9347,motel,nhà nghỉ có chỗ đỗ xe,nhà nghỉ có chỗ đậu xe
9348,ống dẫn,ống dẫn khói,ống khói
9349,đàn hạc,hạc cầm
9350,địa chấn kế,máy ghi địa chấn,máy ghi động đất,máy đo địa chấn,máy đo động đất
9351,vòi,ống,vòi nước,ống nước
9352,số dừng,số 0,số mo
9353,satanh,satin,vải satanh,vải satin,vải xa tanh,vải lụa,vải,lụa
9354,sơn nước
9355,tàu ngầm hạt nhân,tầu ngầm hạt nhân
9356,vũ khí hóa học
9357,ren,đường ren
9358,vạc,cái vạc
9359,quầy ăn
9360,còng,xiềng,xiềng xích,gông cùm
9361,máy bay nặng hơn không khí
9362,vi xử lí,vi xử lý,bộ vi xử lí,bộ vi xử lý
9363,nhà thờ,giáo đường
9364,lớp màu nước
9365,trang trại,nông trại
9366,hộp đêm,bar,club
9367,phim dương bản,bản dương
9368,phòng em bé
9369,kiệu,cáng,cái kiệu,cái cáng
9370,máy chưng cất
9371,khí cầu thám không,khí cầu
9372,máy cạo râu,dao cạo điện,dao cạo râu điện
9373,chỗ ngoặt,chỗ quặt
9374,nước hoa,dầu thơm
9375,bồn cầu,bàn cầu,bệ xí,cầu tiêu,toa-lét
9376,kính hiển vi điện tử,kiếng hiển vi điện tử
9377,vồ,cái vồ
9378,kèn oboe,kèn ô-boa,kèn ô boa,kèn ôboa
9379,niềng,cái niềng,niềng răng,cái niềng răng
9380,phòng bé,phòng trẻ em
9381,cầu trượt,cầu tụt
9382,hậu trường,phông cảnh cánh gà
9383,xe lăn
9384,bồn,bồn tiểu
9385,bàn cờ,bàn cờ ô vuông
9386,ma-nơ-canh,manơcanh,con canh,người nộm,người mẫu giả
9387,màn hình hiển thị,thiết bị hiển thị,màn hình hiển thị hình ảnh,thiết bị hiển thị hình ảnh
9388,nhà hàng,quán,tiệm,quán ăn,tiệm ăn,hàng ăn
9389,bút,cây viết,viết,dụng cụ viết,đồ để viết
9390,cột chống,thanh giằng
9391,gương trang điểm,gương,gương soi,kiếng soi,kính soi
9392,bộ yên cương,yên cương
9393,máy cắt,máy cắt cỏ,máy xén,máy xén cỏ
9394,nóc xe,nóc
9395,ổ,ổ rơm
9396,xe rờ moóc,xe đầu kéo,xe vận tải có toa dài
9397,cuốc chim,cuốc nhọn
9398,chất nổ,chất gây nổ
9399,băng tang
9400,bảng đen
9401,đồ vệ sinh cá nhân
9402,cống,ống cống,cống nước,cống rãnh
9403,máy đo áp suất,máy đo độ chênh áp
9404,buồng lái,ca bin,cabin
9405,hộp thoại
9406,mái,mái nhà
9407,miệng,mép
9408,bóng chày,bóng chầy,quả bóng chày,quả bóng chầy,trái bóng chày,trái bóng chầy
9409,kính vạn hoa,kiếng vạn hoa
9410,xe bánh xích,xe có bánh xích
9411,xe cắm trại,xe buýt cắm trại,xe bus cắm trại,xe tải cắm trại
9412,bom H,bom hydro,bom khinh khí
9413,áo cổ lọ,áo cổ cao
9414,lưới ba lớp
9415,máy thu phát,thiết bị thu phát
9416,chân dung,bức chân dung
9417,chăn,mền,cái chăn
9418,sân thi đấu,sân
9419,gôn,chốt,chốt gôn
9420,dược liệu,dược phẩm,phương thuốc,thuốc,thuốc chữa bệnh,thuốc men
9421,loa phóng thanh,máy phóng thanh,loa phát thanh,máy phát thanh
9422,chợ,chợ trời,chợ ngoài trời
9423,mái xuồng,mái dầm
9424,khán đài
9425,bộ phận,linh kiện,phụ tùng,thành phần
9426,quân ba
9427,rãnh,mương,hào,kênh
9428,giấy bóng,giấy gói
9429,máy xới
9430,nắp,vạt
9431,sofa nhỏ
9432,thủy phi cơ,tàu bay
9433,tranh khỏa thân,tranh lõa thể
9434,kính quang phổ,kiếng quang phổ
9435,phòng chờ,phòng đợi,phòng ngồi chờ
9436,lò luyện sắt
9437,bom,quả bom,trái bom
9438,lọ thuốc
9439,ghế tựa,ghế dựa
9440,chung cư,khu chung cư
9441,búp bê
9442,gai,gai thép gai
9443,giáp,giáp sắt
9444,quân phục,binh phục
9445,nút,cái nút
9446,mìn mặt đất,địa lôi
9447,bảng màu,bảng mầu,bảng pha màu,bảng pha mầu
9448,tháp nhọn,tháp trên mái
9449,máy hát
9450,tòa khách hàng
9451,công cụ nhồi,máy nhồi
9452,nút giao thông,đường giao
9453,chĩa,cãi chĩa
9454,bộ giảm chấn,bộ giảm âm,bộ giảm xóc
9455,máy bắn đá,máy ném đá,máy lăng đá,máy phóng
9456,đồ đựng theo dung tích,đồ chứa theo dung tích
9457,gáo
9458,màn ảnh,màn hình,màn bạc
9459,cửa sổ máy tính,cửa sổ
9460,vũ khí hủy diệt hàng loạt
9461,nhạc cụ lưỡi gà đơn
9462,mũ tròn nhỏ không vành,chiếc mũ tròn nhỏ không vành
9463,dụng cụ cầm tay,thiết bị cầm tay
9464,xô,xô nạo vét
9465,máy định hướng
9466,xe điện,tàu điện
9467,hệ thống sưởi,hệ thống sưởi ấm
9468,urgo,băng gâu
9469,phòng riêng
9470,họng súng
9471,xe đẩy,xe đẩy hàng,xe đấy hàng hóa
9472,mạng nhện,màng nhện
9473,dao,con dao
9474,bút bi
9475,que kẹp tóc,kẹp ghim
9476,lỗ khóa
9477,lưỡi gà
9478,dụng cụ chơi,dụng cụ chơi game,dụng cụ chơi trò chơi
9479,organ,oócgan,oóc-gan,đàn organ,đàn organ keyboard điện tử,oóc-gan,đàn oóc-gan,đại phong cầm
9480,tháp canh,tháp
9481,pháo
9482,roi,cái roi
9483,đồn,bốt,đồn bốt
9484,thuốc đắp
9485,lỗ mở ánh sáng,khẩu độ ánh sáng,độ mở ánh sáng
9486,bộ gió lò,bộ chế hòa gió
9487,lô cốt
9488,ô tô tải,xe tải,xe vận tải,xe goòng,xe chở hàng,xe container,xe công-tai-nơ
9489,chũm chọe,cái chũm chọe
9490,rối,con rối
9491,ghi đông,tay cầm,tay lái
9492,cung hoàng đạo,hoàng đạo
9493,quân đen,quân cờ đen
9494,bộ biến năng,máy biến năng
9495,kim khâu bao
9496,kèn đồng
9497,roi mây
9498,giường,cái giường,chiếc giường
9499,công cụ có lưỡi,dụng cụ có lưỡi
9500,bàn phím,phím,bàn chữ
9501,bu-gi,bugi,bu gi
9502,bưu kiện,bưu phẩm,thư,thư chuyển bằng đường biển,thư chuyển bằng đường bộ,thư từ
9503,diêm
9504,công cụ,dụng cụ,máy,máy móc,thiết bị,đồ dùng
9505,cầu thăng bằng
9506,móc,móc treo,giá treo
9507,màn hình hiển thị,màn hiển thị,màn hình
9508,chai,lọ,bình,be,chai nước,bình nước,lọ nước
9509,bi đông,bình toong
9510,ga,nhà ga,trạm
9511,mối hàn
9512,rèm,màn,trướng
9513,giày ống,giầy ống,bốt
9514,kỉ vật,kỷ niệm,vật kỉ niệm,vật kỷ niệm,đồ kỉ nệm,đồ kỷ niệm,đồ lưu niệm,quà lưu niệm
9515,chỗ,chỗ ngồi,ghế,ghế ngồi
9516,chèo,dầm,mái,mái chèo,mái dầm
9517,cực lưới
9518,ngói,ngói lợp
9519,thuốc lắc,ecstasy
9520,bóng,quả bóng,trái bóng,banh,trái banh
9521,lực kế,dụng cụ đo lực
9522,dụng cụ gảng dạy
9523,nhạc cụ phím,nhạc cụ phím bấm
9524,thuốc kích dục,thuốc kích dâm,Rohypnol
9525,hàng dệt kim
9526,lốp,lốp xe
9527,cầu phao,cầu nổi
9528,kho,chuồng,chái,chái nhà,nhà kho
9529,chỉ,sợi chỉ
9530,hàng bền,hàng dùng bền,hàng xài bền
9531,xuồng,xuồng máy,thuyền máy
9532,xà rông
9533,bành voi
9534,ga-ra,ga-ra ô tô,xưởng sửa chữa,xưởng sửa chữa ô tô
9535,đường cái,đường chung
9536,bản giằng,thanh kẹp,má kẹp
9537,lỗ thoát khí,lỗ thông khí
9538,lẫy,lẫy khóa
9539,bóng bầu dục,quả bóng bầu dục,trái bóng bầu dục
9540,bình khí
9541,chổi rễ,chổi sể,chổi xể
9542,dụng cụ,đồ,thiết bị,công cụ
9543,thư viện,phòng đọc sách,phòng thư viện
9544,băng đạn
9545,truy cập,thao tác truy cập
9546,dụng cụ giả
9547,khoan đá,cái khoan đá
9548,mũ bê rê,mũ nồi
9549,bom thư
9550,sân khấu biểu diễn
9551,núm vú cao su,đầu vú cao su,núm vú giả,đầu vú giả,núm ti giả,núm ty giả
9552,bộ chỉ huy,bộ chỉ huy quân sự
9553,quầy bán đồ ăn nhẹ,quầy bán đồ ăn vặt,quầy bán đồ ăn nhanh
9554,tủ âm
9555,quần tất,quần nịt
9556,đường mòn,lối mòn
9557,vật kính
9558,đạo cụ
9559,vi-ô-lông,viôlông,vi ô lông,vĩ cầm,đàn vi-ô-lông,đàn viôlông,đàn vi ô lông,đàn vĩ cầm
9560,ống khói,đường ống khói
9561,công tắc,cầu dao
9562,biến trở,máy biến trở
9563,tay dựa
9564,tường rào
9565,đài tượng niệm,đài kỉ niệm,bia tưởng niệm,bia kỉ niệm
9566,phòng lớn,sảnh,đại sảnh
9567,băng,băng vải,gạc,lụa,vải,vải lụa
9568,đồ nhôm,đồ nhôm gia dụng
9569,chỗ làm,cơ quan,công sở
9570,tay lái,vô lăng,vô-lăng
9571,vạt áo
9572,dầm gỗ,cái dầm gỗ
9573,dây ruột mèo,chì catgut,chì cát - gút
9574,thuyền kéo
9575,sự bài trí,sự sắp xếp,sự bố trí,sự sắp đặt
9576,vật làm ồn,vật gây ồn,vật hoạt náo,vật phát tiếng ồn,vật gây tiếng ồn
9577,viện hàn lâm,viện nghiên cứu,trung tâm nghiên cứu,cơ quan nghiên cứu
9578,van an toàn
9579,bộ,bộ đồ,đồ nghề,bộ đồ nghề
9580,nhánh,đường sắt nhánh
9581,dây cung
9582,tấm,phiến,miếng,tờ,lớp,lá
9583,mạn trái
9584,tấm chắn,tấm bảo vệ
9585,biển đảo,cù lao,cồn,hải đảo,đảo,đảo biển
9586,vòng,vòng tránh thai
9587,tấm,biển,bản
9588,ná,ná thun,giàng thun,giàn thun,súng cao su,ná cao su,ná cao su
9589,thuyền buồm cổ
9590,đầu lọc
9591,vòi,xịt,vòi nước,vòi phun,vòi xịt,xịt nước,vòi phun nước,vòi xịt nước
9592,túi,bao,túi đựng
9593,súng hơi
9594,vòng cổ,dây chuyền,vòng đeo cổ,dây chuyền đeo cổ
9595,tủ quần áo,tủ đựng quần áo
9596,vành,cạp,đai,mép,gờ
9597,hẻm,ngõ,ngách,ngõ hẻm,phố hẻm,đường hẻm,ngõ ngách
9598,phòng triển lãm,phòng trưng bày,phòng trưng bầy
9599,gậy,gạy,gậy chống,gạy chống,gậy đi bộ
9600,chất khử trùng,chất diệt trùng,chất sát trùng,chất diệt khuẩn
9601,ren,đăng-ten
9602,giấy bọc,bìa bọc
9603,khung,khung ảnh,khung kính
9604,nhiết kế thủy ngân
9605,băng dính,băng keo
9606,điện trở,cái điện trở
9607,quốc chim,cái quốc chim
9608,hộp,bao,gói
9609,gói nhỏ bọc nhỏ,túi nhỏ
9610,plate
9611,hasit,chất gây ảo giác
9612,phi tiêu,cái phi tiêu
9613,sân trượt
9614,sà lan
9615,mẩu vải,mẩu giấy,vải lụa,vải,lụa
9616,xi gắn,sáp niêm
9617,thuốc gây tê,thuốc gây mê cục bộ
9618,kéo cắt cỏ,kéo xén
9619,máy chiếu kính ảnh
9620,bộ phận,phần,thành phần
9621,nồi đất
9622,bộ ngắm,hệ ngắm,thiết bị ngắm
9623,khối động cơ,khối xi-lanh,khối xy-lanh,thân máy
9624,bánh răng nhỏ,bánh răng chuyền,pi-nhông
9625,lâu đài,phủ,dinh cơ
9626,khu thương mại,khu buôn bán,chợ
9627,cúc,cái cúc,cúc áo,cái cúc áo,khuy,cái khuy,khuy áo,cái khuy áo
9628,khúc,đoạn,tấm,thanh
9629,dép quai hậu,dép có quai
9630,vải liệm,vải lụa,vải,lụa
9631,vải bông,vải lụa,vải,lụa
9632,mô hình,vật mô phỏng,vật bắt chước
9633,gậy,ba toong,trượng
9634,ống máng,ống xối
9635,dây thun,dây chun,dây cao su
9636,trại lính
9637,hàng,tiệm,cửa hàng,cửa tiệm,quán,shop
9638,quần áo lao động,áo quần lao động,quần áo bảo hộ,áo quần bảo hộ,quần áo công nhân,áo quần công nhân,đồ bảo hộ,đồ bảo hộ lao động
9639,mũ phớt
9640,mái vòm,vòm
9641,tơ nhện
9642,súng đại bác,đại bác
9643,phòng họp,phòng hội họp,phòng tụ họp
9644,trại cải tạo,trại cải huấn,trại phục hồi nhân phẩm
9645,thiết bị truyền âm,thiết bị khuếch đại âm thanh
9646,khúc,khúc lượn,khúc cong
9647,lớp váng,lớp màng,lớp bọt
9648,chõ,chõ hấp,nồi chõ,nồi hấp,đồ hấp
9649,nhà miền quê,nhà nông thôn,nhà vườn
9650,gốm,gốm sứ,sành sứ,đồ gốm,đồ gốm sứ,đồ sành sứ,gốm sành gốm sứ
9651,dây điện thoại,dây điện báo
9652,nhà hàng rượu,quán rượu,quầy rượu
9653,xà,rầm,dầm
9654,móng,cơ sở,nền tảng,vật chống,cột chống
9655,nơ,nơ thắt,nơ con bướm,tai thỏ,nút tai thỏ,nút con bướm,nơ tai thỏ
9656,đạn nổ
9657,món đồ chơi,đồ chơi
9658,tầng,lầu
9659,đội tàu nhỏ
9660,ban công
9661,đui,máng
9662,tấm vật liệu nhiều lớp
9663,xe mô tô,xe mô-tô,xe máy,xe gắn máy
9664,lõi,lõi từ
9665,máy đánh trứng,máy đánh kem
9666,trung tâm xử lí dữ liệu,bộ xử lí dữ liệu,đơn vị xử lí dữ liệu,CPU,C.P.U.
9667,ống nhổ,ống
9668,bình uống nước
9669,bệ tựa
9670,sự truyền,sự truyền động
9671,vợt,cái vợt
9672,phòng mổ,phòng phẫu thuật,phòng giải phẫu,phòng mổ xẻ,OR
9673,kim khâu
9674,pin điện
9675,quay,con quay
9676,dụng cụ tránh thai,dụng cụ ngừa thai
9677,cối xay,cối xay tay,cối xay quay tay
9678,khinh khí cầu,khí cầu
9679,hàng thứ phẩm,hàng lỗi,hàng loại,hàng không đúng quy cách
9680,lan can,tay vịn cầu thang
9681,dụng cụ chiến tranh
9682,đồ tắm,đồ bơi,quần áo tắm,quần áo bơi
9683,len thô,vải len thô,vải lụa,vải,lụa
9684,nhà,tòa nhà
9685,xẻng cầm tay
9686,lốp ô tô,lốp xe ô tô
9687,phím đàn,phím
9688,xích đu,cái xích đu
9689,loa,cái loa,loa phóng thanh
9690,kem,kem dưỡng,kem dưỡng da
9691,giếng trời,giếng thông gió
9692,giày trượt,giầy trượt,ván học
9693,limousine,xe limousine,li-mu-din,xe li-mu-din,li-mô,xe li-mô
9694,đá quý,đá quí,ngọc đá quý,ngọc đá quí
9695,đèn ông sao,đèn Trung Thu,đèn lồng
9696,áo kẻ sọc
9697,cái vợt cá,vợt cá,vợt vớt cá,vợt bắt cá
9698,vợt cầu lông,vợt đánh cầu,vợt
9699,chõ xôi,nồi xôi,nồi hấp xôi,chõ hấp xôi
9700,bàn ghế,bộ bàn ghế
9701,hộp quẹt,cái quẹt,cái quẹt lửa,bật lửa
9702,bể cá,bể nuôi cá,hồ cá,bể thủy sinh,bồn cá
9703,biên lai,phiếu thu,hóa đơn,biên nhận,giấy biên nhận
9704,bó đũa,chùm đũa
9705,bao sách,bọc sách
9706,bột màu,màu bột
9707,bột giặt,nước giặt,xà phòng giặt,chất tẩy rửa,chất giặt tẩy
9708,bờm cài tóc,cài tóc,bờm tóc
9709,bút màu,màu
9710,cần khởi động,cần đạp,cần khởi động máy,cần nổ máy
9711,cáp treo
9712,cầu tre
9713,chong chóng
9714,chú tễu
9715,chuột quang,Chuột LED,Chuột không bi
9716,cổng trường,cửa trường
9717,yên ngựa,bành ngựa,yên cương
9718,dải phân cách,rào phân cách
9719,đài sen
9720,đàn Cello,Cello,đại vĩ cầm,đàn xê lô
9721,đàn Guitar,Guitar,đàn ghi ta,ghi ta
9722,t'rưng,đàn t'rưng,đàn tơ-rưng,tơ-rưng
9723,đồ dùng dạy học,dụng cụ giảng dạy,thiết bị giảng dạy
9724,dụng cụ học tập,đồ dùng học tập,thiết bị học tập,vật dụng học tập,thiết bị học tập,công cụ học tập
9725,gậy chống,gậy của người già,ba toong,gậy lão
9726,giàn mướp
9727,giàn khoan
9728,giàn nho
9729,giấy màu,giấy trang trí,giấy thủ công
9730,khăn lau,giẻ lau
9731,hạt ngọc,hạt đá,hạt cườm
9732,hiệu cầm đồ,cửa hàng cầm đồ,tiệm cầm đồ
9733,hót rác,hốt rác,ky rác
9734,học bổng
9735,hộp sữa
9736,hộp bút,hộp viết,hộp đựng bút
9737,khoang tàu,Cabin,buồng tàu,ngăn tàu
9738,khung hình,khuôn hình
9739,lễ vật,đồ cúng,đồ lễ,vật cúng
9740,lên xe,vào xe,bước lên xe,leo lên xe
9741,hũ mực,lọ mực,bình mực,chai mực
9742,bình hoa,lọ hoa,lọ cắm hoa,bình đựng hoa
9743,lon bia,chai bia
9744,lồng bàn
9745,lông gà
9746,lồng chim,chuồng chim
9747,mắc áo,móc áo,giá treo áo,móc treo đồ,móc treo quần áo
9748,nóc nhà,mái nhà
9749,quyển vở,vở,cuốn vở,tập vở
9750,rế,lót nồi,giá nồi
9751,ruộng bậc thang
9752,sách toán
9753,sổ đầu bài,sổ ghi đầu bài
9754,sữa rửa mặt
9755,trang giấy,tờ giấy,miếng giấy,mảnh giấy
9756,xe ben,xe tải ben
9757,xe chữa cháy,xe cứu hỏa
