26757,có tàn nhang
26758,chu môi,chu môi ra,chu lên,chu mỏ
26759,nhồi thuốc nổ
26760,nút,nút lại,nút vào
26761,cắt ra từng miếng
26762,bổ sung,gia cố
26763,diệt khuẩn theo phương pháp Pa-xtơ
26764,làm tăng thêm,thêm,thêm vào
26765,chọn giờ,chọn thời gian,sắp xếp thời gian
26766,rộp lên,nổi phồng lên
26767,mồi nước
26768,nghịch chiều
26769,cởi quần áo
26770,chia độ
26771,hóa lỏng,nấu chảy,nấu chẩy,trở nên lỏng
26772,lấy ngà,nhổ răng nanh
26773,lờ mờ,tù mù,không rõ ràng,không mạch lạc
26774,ngừng lại đột ngột
26775,trang trí màu đỏ rubi
26776,gia tăng,tăng tiến
26777,nấu nhừ,nấu kĩ,nấu chín nhừ,nấu quá chín,nấu quá nhừ
26778,nhạt dần,mờ nhạt
26779,biến,biến đổi,chuyển,chuyển đổi
26780,đa dạng hóa
26781,tiểu thuyết hóa,viết thành tiểu thuyết
26782,xoa nóng,xoa ấm,xoa cho nóng,xoa cho ấm
26783,leo lên,trèo lên,leo lên tới,trèo lên tới
26784,bố,bốc hơi
26785,yếu đi,dịu đi,lắng dịu,giảm đi,suy giảm,ngớt đi
26786,lấp,chặn
26787,yếu đi,yếu dần,yếu hơn,suy yếu
26788,ninh,sắc
26789,khử độc,làm sạch
26790,rửa sạch tội lỗi,gột sạch tội lỗi
26791,lọc,lọc bớt
26792,kết hột,kết thành hột
26793,ủ phân
26794,dị hóa
26795,lọc,chiết ngâm
26796,sang số
26797,lọt qua,rò ra,rỉ qua,rỉ ra,thoát ra
26798,hắng
26799,khuếch đại,khuếch đại âm thanh
26800,xay,nghiền,băm,tán,cắt nhỏ,thái chỉ,thái con chì
26801,gia cố,làm rắn lại
26802,cho nhập tịch,cho phép nhập tịch,cho nhập quốc tịch,cho phép nhập quốc tịch
26803,phân tách,phân nhánh
26804,thành thị hóa,đô thị hóa
26805,lớn lên,mọc lên,phát triển
26806,cắt,bỏ,bớt,cắt bớt,bỏ bớt
26807,chuyển,hoán vị,thay đổi trật tự,đổi,đổi chỗ
26808,dội nước,xối nước
26809,nổ,nổ bung,nổ tung,nổ tung ra,nổ tung vào trong,tan,vỡ,vỡ tan,vỡ tan ra,vỡ tung,vỡ tung ra
26810,rò,rò rỉ,rò ra
26811,quốc hữu hóa
26812,gom lại,hợp nhất,hợp nhất lại,kết hợp,liên kết,thống nhất
26813,phồng ra,làm phồng lên
26814,co dúm lại,co lại,co vào,eo lại,ngắn lại,rút lại,rút vào,teo lại,thu lại,tóp lại,tọp lại,xẹp lại,xẹp vào
26815,nhắm,nhắm bắn súng,nhắm súng
26816,gây men,làm lên men,làm dậy men
26817,căng,cương,căng lên,cương lên
26818,giảm bớt,cắt giảm,lược bớt
26819,cải thiện,giúp cải thiện,làm cải thiện
26820,ùa ra,nhảy bổ ra,xổ ra,bỗng hiện ra,bỗng xuất hiện,bỗng hiện diện
26821,mở,không khóa
26822,biến mất,biến đi
26823,hoãn,tạm hoãn
26824,bể nát,bể tan,làm vỡ,làm vỡ ra từng mảnh,làm vỡ tan,làm vỡ tan tành,làm vỡ thành từng mảnh,tan,tan tành,tan vỡ,vỡ,vỡ nát,vỡ ra từng mảnh,vỡ tan,vỡ tan tành,vỡ thành từng mảnh,vỡ vụn
26825,hạn chế,giữ số lượng
26826,gói gọn,tóm lược
26827,thương nghiệp hóa,thương mại hóa,thương phẩm hóa,biến thành hàng hóa,biến thành hàng mua bán
26828,giảm,suy giảm,sụt giảm
26829,nâng lên,tăng lên,giơ lên,kéo lên
26830,chỉnh lưu
26831,nhiệt phân
26832,đi nhanh,đi mau,đi gấp,đi vội
26833,hỏa thiêu,hỏa táng,nung,thiêu,thiêu cháy,thiêu hủy,thiêu đốt,thắp,đốt,đốt cháy
26834,bật,chiếu
26835,vỡ vụn,vỡ nát,vỡ tan,vỡ tan tành,vỡ tan từng mảnh,vỡ tan ra từng mảnh
26836,lấy nước
26837,hỏng,hư,hư hỏng,bị hư,bị hỏng,bị hư hỏng
26838,làm thoáng khí,làm thông khí,thông gió,thông hơi,thông khí
26839,chuẩn bị,dọn,sắp đặt,sửa soạn,thu dọn,xếp đặt
26840,tạo hợp kim,làm hợp kim
26841,xói mòn,làm xói
26842,tô màu xám,quét màu xám
26843,chín,chín chắn,chín muồi
26844,bảo dưỡng,bảo trì,cải thiện,cải tiến,cải tạo,trùng tu
26845,cắt,cắt bớt,cắt tỉa,cắt xén,làm thưa,tỉa,tỉa bớt,xén,xén bớt,xén tỉa
26846,tô màu,vẽ màu,sơn màu,nhuộm màu,quét màu
26847,nới,nới rộng,mở rộng,làm tăng thêm,làm gia tăng
26848,làm gãy,làm tan nát,làm vỡ,đập gãy,đập nhỏ,đập tan,đập vỡ,đập vỡ vụn,đập vụn
26849,tiều tụy,tàn tạ,xơ xác
26850,làm đơ,làm đờ,làm sững sờ,làm chết điếng
26851,số hóa
26852,điêu tàn,hư nát
26853,cô,sên,cô đặc,cô lại,sên khô,sên đặc,sên lại,làm bay hơi
26854,thích hợp với chủ nghĩa xã hội
26855,canh,chưng,cô,cô đặc,tinh chế,tinh luyện,tinh lọc
26856,gây thiệt hại,gây tác hại,gây tổn hại,làm hư,làm hư hại,làm hư hỏng,làm hại,làm hỏng
26857,cô đặc,cô đọng,rút gọn,rút ngắn lại,tóm lược,tóm tắt
26858,chết,hỏng,ngừng hoạt động
26859,lấy đi,dọn đi,mang đi
26860,mở,nới,cơi nới,nới ra,mở rộng,nới rộng
26861,đồng hóa
26862,khởi đầu,khởi sự,khởi nghiệp
26863,mờ đi,tối mờ đi
26864,xấu đi,tệ hơn,đi xuống,tồi tệ hơn,tệ đi,xấu hơn,trở nên xấu hơn,trở nên tồi tệ hơn
26865,xoắn,bện,xe,vặn,kết,xoắn lại,vặn lại,xe lại,bện lại,kết lại
26866,phiên mã
26867,chết ngạt,chết nghẹt,ngạt,ngộp,ngột,ngạt thở,nghẹt thở,ngộp thở,ngột thở
26868,giẫy cỏ,nhổ cỏ,cắt cỏ,xới cỏ,xáo cỏ
26869,sửa đổi,cải tiến
26870,chen ngang,xen ngang,xen vào,chen vào
26871,lên vỏ,kết vỏ,vôi hóa,xơ hóa
26872,bỏ,loại bỏ,thải loại,loại ra
26873,gài vào,đặt vào,lồng vào,lắp vào
26874,nâng,nâng lên,tâng lên,đưa lên
26875,rán,chiên
26876,hầm,ninh,nấu nhừ,om
26877,chặn,chắn,ngăn,cầm
26878,chầm chậm,chậm chậm,chậm lại,chậm đi
26879,bổ sung,bổ sung chất dinh dưỡng
26880,khum,khum lại
26881,giữ hòa khí,kiềm chế
26882,xám đi
26883,chết đuối,chết ngạt,chết trôi
26884,gây ô nhiễm phóng xạ,làm ô nhiễm phóng xạ
26885,mở đầu,khởi đầu,châm ngòi
26886,nhân lên,tăng gấp bội,tăng lên nhiều lần
26887,bó,bó lại,băng,băng bó,băng bó lại,băng bó vào,băng lại
26888,gập,gấp,gập lại,gấp nếp lại,gấp lại
26889,chuẩn hóa,tiêu chuẩn hóa,quy chuẩn
26890,nấu chảy,làm chảy ra,làm tan chảy
26891,thoát hơi nước
26892,cứng lại,rắn lại,đặc lại
26893,giải quyết vấn đề,xử lí vấn đề,tháo gỡ vấn đề
26894,mềm,dẻo,dễ uốn
26895,đổi,chuyển đổi,thay đổi,biến đổi
26896,hoàn thiện,hoàn thành,làm xong
26897,giảm số dân,làm sụt số dân,làm thưa người
26898,chắc lại,rắn lại
26899,gia tăng,làm tăng,tăng,tăng lên,tăng thêm
26900,làm mờ,làm mập mờ,làm mơ hồ,làm mù mờ
26901,tìm thấy mình,tìm thấy chính mình,tìm thấy bản thân,tìm thấy bản thân mình
26902,chết,hỏng,hết pin,hỏng hóc,hư hỏng,ngừng chạy,dừng chạy
26903,bớt,giảm,giảm bớt,hạ,hạ bớt,làm bớt,làm giảm,làm giảm bớt,làm hạ,làm hạ bớt
26904,thổi bùng
26905,làm đẹp,tô đẹp
26906,gây rối,làm loạn,quấy rối,làm rối loạn,làm náo loạn,làm rối tung,làm rối beng,làm lộn xộn
26907,làm đầy,đong đầy,đổ đầy,lấp đầy
26908,làm hay ho,làm hứng thú,làm khoái chí,làm thích,làm thích thú,làm thú,làm thú vị,làm vui vẻ,thêm trò
26909,làm trắng,tẩy,tẩy màu,tẩy trắng
26910,làm quen,làm cho dạn dày,làm cho chai sạn
26911,biến hình,biến dạng,cải trang,hóa trang,ngụy trang
26912,làm đơn giản,đơn giản hóa
26913,hợp nhất,thống nhất,tích hợp,hợp với
26914,tiếp sức,cổ vũ,động viên,khích lệ,tiếp sức lực,làm hưng phấn,làm phấn chấn,làm phấn khởi
26915,tán,làm vỡ
26916,nứt,rạn,nẻ,nứt nẻ,nứt rạn,rạn nứt,làm nứt,làm rạn,làm nẻ,làm nứt nẻ,làm nứt rạn,làm rạn nứt
26917,làm ướt,làm ẩm,làm ẩm ướt
26918,làm lả,làm mệt lử,làm mệt lả,làm kiệt sức,làm kiệt lực,làm suy kiệt,làm suy nhược
26919,xấu đi,giảm đi
26920,đẩy,dồn,đưa
26921,tư hữu hóa,tư nhân hóa
26922,bỏ,bỏ đi,diệt,gạch bỏ,hủy bỏ,khử,làm diệt vong,làm tiêu vong,phá hủy,tiêu diệt,tiêu trừ,trừ bỏ,trừ khử,xóa,xóa bỏ
26923,ảnh hưởng,tác động,chạm đến,ảnh hưởng đến,ảnh hưởng tới,tác động lên,tác động tới,tác động đến,làm ảnh hưởng đến,làm ảnh hưởng tới
26924,co,rút,rút gọn,rút hẹp,rút ngắn,thu,thu gọn,thu hẹp,thu ngắn,thu nhỏ
26925,đóng vỏ cứng,đóng vảy cứng
26926,ửng,hường,hồng,ửng đỏ,ửng hồng,ửng lên,hường lên,hồng lên
26927,căng ra,phình lên,phù lên,phùng lên,phồng lên,sưng húp lên,sưng lên,to lên
26928,điều chỉnh vi cấp,điều hưởng tinh
26929,là,ép,san,là phẳng,ép phẳng,san phẳng,làm phẳng,vuốt phẳng
26930,làm hư hư ảo ảo,làm hư ảo,làm loà,làm lờ mờ,làm mờ,làm mờ loà,làm mờ mờ ảo ảo,làm mờ nhòa,làm mờ nhạt,làm mờ đục,làm mờ ảo,làm nhòa,làm nhạt,làm nhạt nhòa,làm vẩn,làm vẩn đục,làm xỉn,làm xỉn đục,làm đục,làm đục loà,làm đục mờ
26931,luyện,thấu,tôi,tôi luyện,ủ
26932,cải thiện,cải thiện đáng kể,nâng,nâng cao,nâng cao đáng kể,tiến bộ,tiến bộ đáng kể
26933,khơi dậy,tái sinh,tái tạo
26934,sấy,sấy quần áo
26935,tái hợp,tái hợp nhất
26936,mắc míu,liên lụy,dính líu,dính dáng,dây dưa
26937,làm vướng,làm mắc,làm tắc,làm nghẽn,làm nghẹt,làm kẹt,làm vướng mắc,làm tắc nghẽn,làm mắc kẹt,làm ách tắc
26938,hủy bỏ,giải tán,giải thể,vô hiệu hóa
26939,làm rắn,làm rắn lại,làm đông,làm đông cứng,làm đông lại,làm đông đặc
26940,tàn nhang
26941,tăng vọt,bùng nổ
26942,chống lại,trở nên thù địch
26943,xay,nghiền,cán
26944,định,chỉ,làm,định ra,chỉ ra,định rõ,chỉ rõ,làm nên,làm ra
26945,động từ hóa
26946,làm mất cảm giác,làm suy giảm,làm suy kiệt,làm suy yếu,làm tê,làm tê dại,làm tê liệt,làm đơ,làm đờ,làm đờ đẫn
26947,gộp,nhập,xếp,gom,dồn,gom dồn
26948,hiệp một,hợp một,hợp nhất,liên hợp,sát nhập,thống nhất
26949,rải,rắc,tưới
26950,chần,chần nước sôi,chần qua
26951,làm tăng nhanh,tăng nhanh
26952,tăng tốc,gia tốc,đi nhanh hơn,di chuyển nhanh hơn,chạy nhanh hơn
26953,chia cực,chia bè,chia phe,chia phái
26954,thủng,lủng,bị thủng,bị lủng
26955,thắt chặt,vặn chặt,nút chặt
26956,sửa,chữa,chỉnh sửa,sửa lỗi,sửa sai,sửa lại,chữa lại,sửa chữa
26957,lọc,thanh lọc,lọc lựa
26958,lệ thuộc vào,phụ thuộc vào
26959,tàn héo,rủ xuống,khô héo
26960,dung hợp,hòa trộn,kết hợp,pha,pha trộn,trộn
26961,đảo,lật,lộn,giở,đảo ngược,lật ngược,lộn ngược,lật xới
26962,chỉnh lí,chỉnh sửa,chỉnh đốn,cải thiện,cải tiến,nâng cao,nâng cao chất lượng,nâng cấp
26963,chua,hẩu,lên men,bị chua,bị lên men,bị hẩu
26964,làm tan,làm chảy,làm chảy nước,làm tan chảy
26965,để nguyên,giữ nguyên
26966,sửa chữa,sửa sang,tân trang,chắp vá lại
26967,tiến,tiến triển,tiến tới,tiến đến,đạt được,trở nên,trở thành
26968,gỡ xương,nhằn xương,lọc xương
26969,giải tán,phân rã,tan rã,tản ra
26970,giã,đập,mài,nghiền,xay
26971,ố,xỉn,ngả màu
26972,hình thành,tạo hình,tạo thành,định hình
26973,làm đầy,nhồi đầy,nhét đầy,đổ đầy,lấp đầy
26974,làm mất màu,làm bạc màu,làm phai màu,làm nhạt màu,làm đổi màu,làm thay màu
26975,đục lỗ tổ ong,làm rỗ tổ ong
26976,trở nên tía,trở thành tía
26977,bão hòa
26978,làm phình lên,làm to lên,làm sưng lên,làm nổi ra,làm nở ra
26979,tái diễn,xảy ra lần nữa,lập lại,tái phát
26980,chảy,chảy nước,tan ra,chảy rữa
26981,nhiều dạng,nhiều vẻ
26982,làm đẫm,làm ướt,làm ướt đẫm,làm ướt sũng,làm sũng ướt,làm thấm đẫm
26983,tối đi,tối lại
26984,làm phì nhiêu
26985,cân bằng,làm cân bằng
26986,định cỡ,đo cỡ
26987,biến đổi toán học,chuyển đổi toán học
26988,thích nghi,thích ứng,điều chỉnh,đáp ứng môi trường
26989,làm hoa mắt,làm chóng mặt,làm hoa mày chóng mặt,làm hoa mắt chóng mặt
26990,chữa,chữa lại,sửa,sửa cho thẳng,sửa chữa,sửa chữa lại,sửa lại,tu sửa lại,tu sữa
26991,cạo,moi,nhổ,nạo
26992,kéo dài ra,làm dài ra
26993,làm rám da bằng vỏ cây,làm sạm da bằng vỏ cây
26994,gấp ba,nhân ba,tăng lên ba lần
26995,dọn,dọn dẹp,cất dọn,thu dọn,sắp xếp,bài trí,bày biện
26996,tô bóng,đánh bóng
26997,để vào tủ kính,để vào hòm kính,để vào thùng kính,đặt vào tủ kính,đặt vào hòm kính,đặt vào thùng kính
26998,thuần hóa,thuần dưỡng,thuần phục
26999,làm lạnh,làm đóng băng,làm đóng đá,làm đông lạnh,đông lạnh,ướp lạnh
27000,trấn áp,áp chế,đè bẹp,giẫm bẹp,đàn áp,dập tắt,kết thúc,chấm dứt,làm hết
27001,khác biệt,trở thành khác biệt
27002,tăng theo hình chóp
27003,gắn lại,dán,gắn,dán bằng keo,dán bằng hồ,gắn bằng keo,gắn bằng hồ
27004,ấm,nóng,ấm lên,nóng lên,tăng nhiệt độ,nhiệt độ tăng
27005,ý nhị,thêm mắm thêm muối
27006,tuần hoàn,quay vòng,theo chu kì,theo chu kỳ
27007,tô son,sơn son
27008,vấy máu,nhuốm máu
27009,dùng hết,dùng cạn,dốc hết,dốc cạn,dốc sạch
27010,phun lên,phun ra,phun trào,phì ra
27011,làm khổ,làm đau,làm hại,làm đau khổ,làm khổ đau,làm khốn khổ
27012,lọc sạch
27013,kiên trì,duy trì,bền bỉ,bền chí,bền tâm,bền lòng,cố chấp,kiên nhẫn
27014,khô,héo,quắt,khô đi,quắt lại,héo đi,khô quắt lại,khô quắt đi
27015,hòa nhập,hòa đồng
27016,nóng chảy,nóng chẩy
27017,biến mất,bốc hơi,mất,tiêu,tiêu tan
27018,quen với cái gì đó
27019,giảm nhiều,giảm mạnh
27020,chua,hỏng,thiu,ôi,ôi thiu,ươn
27021,phong thần,tôn làm thần
27022,đặt lại,cài lại,cài đặt lại,thiết lập lại
27023,cộng,cộng tổng,cộng tổng số,tính gộp lại
27024,chia nhỏ,chia nhỏ ra
27025,bỏ dở,bỏ ngang,bỏ giữa chừng,bỏ nửa chừng,nửa đường đứt gánh
27026,đổi màu,phai màu
27027,chuyển giọng,chỉnh giọng
27028,khỏe lên,khỏe hơn,khỏe ra,khỏe mạnh hơn,khỏe mạnh lên,khỏe mạnh ra
27029,kết thúc,làm xong,đi đến cùng,đi đến tận cùng,theo đuổi đến cùng,làm cho trót trét,tới bến
27030,bùng phát,bộc phát,bùng nổ
27031,lắp,lắp ráp,ráp
27032,tiếp tục,theo đuổi,kiên trì,mải miết
27033,căng,giãn,căng giãn,giãn ra,căng ra
27034,thuộc,thuộc da
27035,nổi bật lên,rõ nét lên
27036,nổ ra,bùng nổ,bất ngờ xảy ra
27037,mọc,mọc lên,nhú,nhú lên,nhú ra,nổi,nổi lên
27038,gia vị
27039,chườm đá
27040,pha thêm rượu mạnh
27041,giảm sút,lao dốc,sa sút,suy giảm,sút kém,sụt,sụt mạnh,tụt,tụt dốc,tụt giảm,tụt mạnh,xuống dốc
27042,điều chỉnh cho đúng chỗ
27043,trang trí bằng vật kiểu vỏ sò
27044,làm tăng,nâng cao
27045,giáng,giáng cấp,hạ,hạ thấp
27046,mất nước
27047,bớt dần,giảm dần,lắng dần,ngớt dần
27048,nêu bật,nêu bật lên
27049,phối,làm cho hợp,làm cho phù hợp
27050,điều áp
27051,chuyển điệu,chuyển phím
27052,bôi mực nhuộm mực,đánh dấu mực,bôi mực vào
27053,mềm ra,mềm hơn,mềm đi
27054,định cư,ổn định,an cư
27055,phân chia,phân cắt,cắt ra,chia cắt
27056,giảm bớt,hạ bớt,thu nhỏ
27057,lên dây,so dây
27058,mốc,mốc meo,bị mốc,bị ẩm mốc
27059,dãn ra,giãn ra,nở ra,mở rộng ra
27060,ô nhiễm,làm ô nhiễm,gây ô nhiễm
27061,quy hoạch lại
27062,xuất hiện,hiện ra,lộ ra,xuất đầu lộ diện
27063,đổi chủ,thay chủ,hoán chủ,đổi chủ sở hữu,thay chủ sở hữu
27064,biên tập,cắt xén,thêm bớt
27065,phá bằng dynamite,phá bằng đi-na-mít
27066,vá giày,vá giầy,vá giày lại,vá giầy lại
27067,bắt đầu nảy nở
27068,gầy đi,gầy bớt,làm gầy,làm gầy đi,làm gầy bớt,mỏng đi,mỏng bớt,làm mỏng đi,làm mỏng bớt
27069,un,đun,hâm,đun nóng,hâm nóng,tăng nhiệt độ
27070,mạnh hơn,mạnh mẽ hơn,sức mạnh hơn
27071,đông lại,đặc lại
27072,bão dưỡng,bảo dưỡng,bảo trì,trùng tu,tu sửa,đại tu
27073,kích hỏa,làm cháy,thiêu,thiêu cháy,thiêu đốt,đốt,đốt cháy
27074,làm nhỏ đi,làm bé đi,làm nhỏ lại,làm bé lại
27075,sụt giảm,giảm mạnh
27076,ấn,nhấn,gí,đè,ấn xuống,nhấn xuống,gí xuống,đè xuống
27077,cùn
27078,chia,chia nhỏ,chia ra,ngăn,phân,phân chia,phân chia ra,phân nhỏ,phân ra,tách,tách ra
27079,tẩy,rửa,gột,lau,dọn,tẩy rửa,gột rửa,làm sạch,lau dọn
27080,xếp,chỉnh,sắp xếp,xếp hàng,xếp ngay ngắn,xếp thẳng hàng,chỉnh ngay ngắn,chỉnh thẳng hàng,sắp xếp hàng,sắp cho thẳng hàng
27081,quay cận cảnh,phóng to ảnh,phóng hình ảnh,zoom to
27082,đút nhanh,đút gọn,đút lén,dúi nhanh,nhét nhanh,nhét gọn
27083,để,đặt,cài đặt
27084,mọc nhanh,lan nhanh,mọc lên như nấm sau mưa
27085,lớn,lớn lên,lớn mạnh,mở rộng,phát triển
27086,lan ra,loang ra,tiếp diễn
27087,lau khô,là,là khô,làm khô,phơi,phơi khô,rang,rang khô,sấy,sấy khô
27088,đổi,biến đổi,thay đổi,đổi thay
27089,bảo quản,giữ
27090,bỏ ôi,bỏ thiu,làm ôi,làm thiu
27091,nổ,phát nổ
27092,trì hoãn,kéo dài thời gian
27093,làm biến tính,làm biến chất
27094,phân nhánh nhỏ
27095,gạch,gạch bỏ,gạch đi,tẩy,tẩy bỏ,xóa,xóa bỏ,xóa nhòa,xóa sạch
27096,rửa trôi
27097,mọc tràn ra,mọc lan ra,mọc tràn lan,mọc rậm rạp,phát triển nhanh
27098,chợt hiện ra,chợt nảy ra,vụt hiện lên,lóe lên
27099,khử,triệt tiêu
27100,dầm,ngâm
27101,mọc cao lên,mọc lan tràn,mọc tràn lan,mọc rộng khắp,mọc tràn ra
27102,hấp
27103,rán vàng,phi
27104,dẫn đến,đưa đến,làm cho
27105,hồi sinh,khôi phục
27106,rộng ra
27107,điện khí hóa
27108,thảo tỉ mỉ,thảo kĩ lưỡng,sửa soạn công phu,làm công phu,trau chuốt
27109,làm dịu,làm dịu bớt,làm dịu đi,làm giảm,làm giảm bớt,làm nhẹ bớt,làm nhẹ đi
27110,chuyển,chuyển qua,chuyển sang,nhảy,nhảy qua,nhảy sang,qua
27111,rời,tách,rời ra,tách ra,tách rời ra
27112,làm bể nát,làm bể tan,làm bể vụn,làm vỡ,làm vỡ nát,làm vỡ tan,làm vỡ tan tành,làm vỡ vụn,làm vụn vỡ,phá vỡ
27113,mất giá,giảm giá,mất giá trị,giảm giá trị
27114,tăng vọt,tăng vụt
27115,biến mất,chết,lụi,mất,mất đi,tàn,tàn lụi,tắt,tắt đi
27116,sắp xếp,điều chỉnh,tổ chức
27117,đi đến,tiến đến,đi đến chỗ,trở nên,thành ra
27118,làm cứng,làm xương xẩu
27119,thay đổi kích thước,biến đổi kích thước,thay đổi chiều kích,biến đổi chiều kích
27120,hợp với,thích hợp với,thích ứng với
27121,giảm bớt,giảm dần,giảm đi,suy giảm,suy nhược,yếu dần,yếu đi
27122,vắt cạn,vắt kiệt,vắt cạn kiệt
27123,buông lỏng,nới,nới lỏng,nới lỏng ra,nới ra
27124,xác định số lượng
27125,dẫn đến,đưa đến,kết quả là
27126,xẹp xuống,dẹp xuống
27127,hãm lại,cản lại
27128,điều chỉnh,biến đổi
27129,bỏ đi,diệt sạch,tiêu diệt,triệt tiêu,xóa,xóa bỏ,xóa sổ,xóa đi
27130,tháo,rút,tiêu
27131,méo,đứt gãy,bị trượt phá
27132,mất dần,mờ dần,biến mất dần,biến dần
27133,sáng lên,sáng hơn,sáng chói,sáng lóe
27134,luộc,đun
27135,cô,cô đặc,làm cô đặc,làm đông đặc,làm đặc,làm đặc lại,đánh sệt
27136,khoan khoái,khỏe khoắn,tươi tỉnh lại,tỉnh lại
27137,biến đổi,chuyển,chuyển hóa,chuyển đổi,đổi
27138,phối hợp nhịp nhàng,phối hợp ăn ý,khớp vào nhau,ăn khớp vào nhau
27139,leo thang,nâng lên,thúc đẩy,tăng cường,tăng tốc,tăng tốc độ,xúc tiến,đưa lên,đẩy mạnh
27140,cải tổ,tái tổ chức,sự cải tổ,sự tái tổ chức
27141,nới,nới lỏng,làm lỏng,giãn lỏng,làm chùng,làm giãn ra
27142,rắc lưu huỳnh,xông lưu huỳnh
27143,hòa tan,tan ra
27144,giữ cố định,đóng chặt,gắn chặt
27145,đánh dấu sao,đánh dấu hoa thị
27146,xâu chuỗi,xâu chuỗi lại
27147,bóc,lột,bóc vỏ,lột vỏ,bỏ vỏ,cậy vỏ,cạo vỏ,nạo vỏ,gọt vỏ
27148,xé tơi ra,xé đôi,bẻ đôi,bẻ rời ra,tước ra
27149,kẻ ca-rô,kẻ ô vuông
27150,mang lại,dẫn đến,đưa đến,mang đến,đưa lại
27151,nhiễm,mắc,lây
27152,giảm nhẹ,làm dịu bớt,làm cho đỡ
27153,chắp,chắp lại,chắp vá,gắn,gắn lại,nêm,nêm lại,nối,nối lại,vá,vá lại
27154,ra hoa,trổ hoa,đơm hoa,đơm bông,đâm bông,ra bông,cho hoa
27155,quét sạch,xóa sạch
27156,nhảy,nhảy cóc
27157,chỉnh,sửa,đổi,điều chỉnh,thay đổi,sửa đổi
27158,điều chỉnh,đáp ứng
27159,chùng,chùng lại,chùng ra
27160,ra tro,hóa tro,thành tro
27161,giũ bỏ,chôn vùi
27162,loại trừ,loại bỏ,hạ,hạ gục
27163,loét ra
27164,nấu rượu lậu,sản xuất rượu lậu,làm rượu giả
27165,rã,phân rã
27166,cách li,cô lập
27167,Âu hóa
27168,lưu hóa
27169,mọc lan,lan nhanh,lan ra
27170,chế ngự,kiềm chế,kìm giữ,kìm nén,kềm chế,nén
27171,cắt xén,bỏ bớt
27172,giảm bớt,làm dịu,làm dịu nhẹ,làm nhẹ
27173,cá nhân hóa
27174,tế nhị hơn,tinh tế hơn
27175,lịch sự,thanh nhã,tao nhã
27176,tán,xay,giã,nghiền
27177,từ hóa
27178,đông lại,làm cho đông lại
27179,cải tiến,cải thiện,làm cho tốt hơn,trở nên tốt hơn,được cải tiến,được cải thiện
27180,đóng gót,đóng đế
27181,làm đóng băng tài sản,ngăn sử dụng tài sản
27182,làm đầy đủ,làm đủ đầy
27183,sắp sôi,sủi
27184,cách,cách li,cách ly
27185,đào hết gốc
27186,làm vỡ,làm bể,làm vỡ tan,làm bể tan,làm vỡ vụn,làm bể vụn,làm vỡ tung,làm bể tung
27187,bén rễ,bắt rễ
27188,tiến bộ,phát triển,tiến triển
27189,trở thành,trở nên,thành
27190,làm đỏ ngọc,nhuộm đỏ ngọc
27191,chất,chất đầy,đổ đầy
27192,đông,bón,đông lại,bón lại
27193,bình thường hóa,chuẩn hóa,thông thường hóa,tiêu chuẩn hóa
27194,thủy phân
27195,trung hòa
27196,xếp lớp,xen kẽ
27197,sáng
27198,pha loãng,pha loãng ra,giảm bớt,làm giảm bớt
27199,nhú ra,mọc ra,trồi ra
27200,biến đổi,biến hình,biến hóa
27201,lấy hết tạp chất
27202,vỡ,tan,nát,gãy,gẫy,đứt,bửa,tan rã,bửa ra,vỡ ra,bị vỡ,bị vỡ ra,bị gãy,bị gãy ra,bị đứt,bị đứt ra,bị đập vỡ
27203,nổ ra,bùng phát,thoát ra
27204,kéo căng,căng ra
27205,kết thành xỉ
27206,phát triển,phát đạt,tăng trưởng,gia tăng
27207,suy sụp,đứt
27208,chảy tự do,tràn ra
27209,chất đống,chồng chất,ứ đọng,tồn đọng,chất đống,con chồn
27210,đánh dấu câu,đặc dấu câu,chèn dấu câu
27211,cạn đi,trở nên cạn,trở nên nông
27212,chìm vào,lạc vào,rơi vào
27213,nấu bằng lò vi sóng
27214,phát triển,thúc đẩy
27215,phơi khô cỏ
27216,nhập cư
27217,phát triển,trồng
27218,xử lí,chế biến,gia công
27219,chọn tỉ lệ,lấy tỉ lệ,theo tỉ lệ
27220,bỏ độc,tẩm độc
27221,bị dung hợp,bị hòa vào,bị hòa tan
27222,rữa,thối,thối rữa
27223,cởi mở hơn,thân thiện hơn,trở nên thân thiện,trở nên cởi mở
27224,phun,phun ra,phun lên
27225,hydrate hóa,làm ẩm
27226,bịt,bịt đầu
27227,cháy sém,đốt sém
27228,lột lấy mảnh da đầu
27229,canh tân,cách tân,cải biến,cải cách,cải thiện,cải tạo,cải tổ,sửa đổi,triệt bỏ
27230,ngưng,tụ,kết tụ,ngưng tụ,ngưng kết,ngưng lại,tụ lại
27231,bấm giờ,tính giờ
27232,tích lũy,tích góp,gây dựng
27233,cho về hưu,cho về hưu trí,thải vì quá già,thải vì quá cũ
27234,bạc,bạc màu
27235,tuân theo,kiên trì,nhẫn nại,cứ tuân theo,kiên nhẫn
27236,nén,ép,thu hẹp,thu nhỏ,giảm
27237,cháy,hóa
27238,bình ổn giá,ổn định giá,điều hòa giá,ổn định
27239,đổ đầy,để đầy,chất đầy
27240,vuông
27241,yên lặng,bất động,không di chuyển
27242,làm đồng bộ,đồng bộ hóa
27243,sạc,nạp,sạc điện,nạp điện
27244,tăng thêm,tăng cường
27245,tân trang,đổi mới,làm mới
27246,ứa,trào,ứa nước mắt,ứa lệ,trào nước mắt,trào lệ,giàn giụa,khóc giàn giụa,giàn giụa nước mắt,giàn giụa lệ,ầng ậng,ngầng ngậng
27247,chuẩn độ,định phân,đo độ chuẩn
27248,đặc,đặc quánh,đặc sệt,đặc lại,đặc quánh lại,đặc sệt lại
27249,xay,xát,giã,xay xát
27250,giảm giá trị,hạ thấp giá trị
27251,xây dựng lại,kiến thiết lại
27252,lột,lột trần,bóc,bóc trần,bóc trụi
27253,hồ,hồ cứng
27254,điều tiết,làm cho thích nghi,làm cho phù hợp
27255,hoạt hóa
27256,tuyên dương,biểu dương,ca ngợi,ca tụng,tán dương
27257,chấm dứt,loại bỏ,dập tắt
27258,nghiến,nghiến nát
27259,dựng,duỗi,kéo,dựng thẳng,duỗi thẳng,kéo thẳng
27260,biến đổi,chuyển đổi,cải biến
27261,củng cố,tăng cường
27262,rút ngắn,thu ngắn lại,làm cho ngắn hơn
27263,nhuộm đỏ thắm
27264,vỡ,bục,bung,vỡ ra,bục ra,bung ra,vỡ tan,vỡ tung,tan tành,vỡ tan tành,vỡ bung
27265,phân cực
27266,quốc gia hóa
27267,nhấn lệch
27268,suy yếu,hao mòn,tiều tụy
27269,hóa thạch,hóa đá
27270,hóa xương,hóa thành xương
27271,bỏ đi,dời,loại bỏ,lấy đi,mang đi,thủ tiêu,trừ khử
27272,thay phiên,luân phiên,thay ca,thay phiên nhau,luân phiên nhau,thay ca nhau
27273,chỉnh,cân,cân chỉnh,hiệu chỉnh,nắn,nắn chỉnh,tùy chỉnh
27274,vón,vón cục,vón hòn vón cục,vón lại,đóng cục,đóng hòn đóng cục
27275,có,có được,đạt được
27276,tô nhạt dần,tô đậm dần
27277,tẩy,loại,bỏ,loại bỏ,xóa bỏ,tẩy trừ,trừ khử,thủ tiêu
27278,trở thành sự thực,trở thành sự thật,sự thành hiện thực
27279,vót,gọt,mài,vót nhọn,chuốt nhọn,mài nhọn,gọt nhọn
27280,làm liệt,làm mất hoạt lực,làm mất hoạt tính,làm tê,làm tê cứng,làm tê liệt,vô hiệu hóa
27281,theo,noi,noi theo,làm theo,tuân theo,đi theo,bắt chước
27282,gày đi,gầy đi,gầy mòn đi,gầy rạc đi,rạc đi
27283,trưởng thành,chín chắn,hoàn thiện
27284,điều chế,điều biến,điều
27285,phá vỡ,phá tan,làm vỡ,phá tan tành,phá vỡ vụn,làm vỡ vụn,làm vỡ tan tành
27286,tô màu đồng,sơn màu đồng,dùng hóa chất chuyển màu đồng
27287,giảm,bớt,hạ,giảm bớt,hạ bớt,làm suy giảm,làm giảm bớt,làm hạ bớt
27288,làm tròn,đẽo tròn,mài tròn,nặn tròn,vo tròn
27289,tối tân hóa,hiện đại hóa
27290,thay,đổi,thay thế
27291,tăng,to lên
27292,trở nên,trở thành,có xu thế,có chiều hướng
27293,trở nên,trở thành,thành ra,biến thành,đổi thành
27294,trầm đi,trầm xuống,làm trầm thêm
27295,phát sinh đồng thời,trùng hợp,đồng thời phát sinh
27296,thêm sữa
27297,bị cháy sém,bị sém,cháy,cháy khô,cháy sém,sém
27298,đâm,trồi,đâm ra,trồi ra,nảy mầm,đâm chồi,mọc mầm
27299,phai nhạt,phai nhạt đi,nhạt dần đi,nhạt dần,dần yếu đi,yếu đi,yếu dần đi
27300,chuyển ngược,giao hoán,đảo lại,đảo ngược
27301,hữu tỉ hóa,hữu tỷ hóa
27302,đến,có mặt
27303,để hả hơi
27304,quay lại,quay lại với,quay trở lại,quay trở lại với,quay về,quay về với,trở lại,trở lại với,trở về,trở về với
27305,sinh ra,ra đời,chào đời
27306,hạ thấp giá trị,làm mất giá,làm tụt giá trị,làm tụt giá
27307,hạn chế,giảm bớt,thu hẹp
27308,nhuộm,nhuốm,nhuộm màu,nhuốm màu,nhuộm mầu,nhuốm mầu
27309,sưng to,trương,sưng phồng,trương phồng,sưng to lên,sưng phồng lên,trương phồng lên
27310,rửa,tẩy,gội,giặt,rửa sạch,tẩy sạch,gội sạch,giặt sạch
27311,đạp,giẫm,dậm,giậm,đạp đổ,giẫm nát,dậm chân,giậm chân
27312,gắn,đính,kèm,gắn thêm,đính kèm,thêm,kèm thêm
27313,tự động hóa
27314,làm sưng,làm tấy,làm sưng tấy,làm phồng ra,làm phình ra
27315,bảo dưỡng,bảo trì,cải tiến,cải tạo,hồi phục,khôi phục,kiểm tu,phục hồi
27316,di cư,di trú,di dân,ra nước ngoài,đổi chỗ ở
27317,đút,chèn,thêm,gắn,nhập,đút vào,đưa vào,chèn vào,thêm vào,bỏ vào,gắn vào,nhập vào,nhét vào
27318,đun chảy,nung chảy,nấu chảy,chảy
27319,trôi giạt,bị cuốn đi
27320,làm nổi,tôn lên,làm nổi bật
27321,làm rối,làm rối tung,làm lộn xộn,làm xáo trộn,làm hỗn loạn,làm rối loạn,làm rối tung rối mù
27322,làm theo,tuân theo,nghe theo,thực hiện theo,thao tác theo
27323,ion hóa,trở thành ion hóa
27324,căng phồng
27325,trở nên bẩn,trở nên dơ,vấy bẩn,trở nên hôi thối
27326,trở nên hung dữ,trở nên hung bạo,trở nên dữ tợn
27327,củng cố,gia cố,làm vững chắc
27328,rút gọn,quy về,rút về,thu về
27329,dày,dày đặc,sít
27330,vững,vững chắc,vững vàng,ổn định,chắc chắn
27331,thế tục hóa,hoàn tục,trần tục
27332,im,nín,nín lặng,nín thinh,nín thít
27333,làm gầy,làm gầy mòn,làm hao gầy,làm héo hon,làm tiều tụy,làm xơ xác,làm xác xơ
27334,biến đổi đôi chút,biến đổi chút ít
27335,chỉnh,điều hòa,điều chỉnh,điều tiết
27336,trưởng thành,lớn lên,thành người
27337,tăng thêm,đặt thêm
27338,tách vỏ,bóc vỏ,bóc
27339,không hợp,không thích hợp,không phù hợp
27340,đánh bóng,cải tiến,tinh luyện,trau chuốt
27341,giở mặt,quay 180 độ,quay ngoắt 180 độ,quay ngược,đảo ngược
27342,thổi tạo hình
27343,làm suy yếu,làm sút kém,làm sa sút,làm suy giảm,làm suy kiệt
27344,làm khó hiểu,làm khó luận,làm phức tạp,làm rối
27345,méo mó,biến dạng,xấu đi
27346,làm dịu,làm cho êm
27347,đồng bộ hóa,làm cho đồng bộ,làm cho khớp với
27348,trồi lên,nhô lên,lộ thiên
27349,hồi sinh,làm sống lại,làm tỉnh lại,phục hồi,phục sinh
27350,truyền bá,phổ biến,đại chúng hóa,bình dân hóa
27351,làm lung lay,làm lay chuyển,làm chuyển động,làm nao núng
27352,muối,ngâm muối,rắc muối,ướp muối,ủ muối
27353,định giá lại,tái định giá
27354,phóng,phóng to,phóng đại,phóng lớn
27355,tăng nạp
27356,chiếu,chiếu ra,phát ra,rọi,tỏa ra
27357,tái xuất hiện,xuất hiện lại,lại xuất hiện,lại hiện ra
27358,sửa,chỉnh sửa,sửa sang,tu chỉnh,tu sửa,tút lại
27359,đục,xỉn,tối,đục đi,xỉn đi,tối đi
27360,châm nổ,châm ngòi nổ,làm nổ to
27361,tách,tách biệt,tách xa,tách ra,tách ra xa
27362,vàng,màu vàng,trở nên vàng
27363,lạm phát
27364,nén,ép,đè,mím chặt,dồn ép
27365,có giá trị,có hiệu lực,hợp lệ,phê chuẩn
27366,dễ dàng,thuận tiện,tiện lợi
27367,trộn màu,pha màu,pha tạp
27368,làm ẩm hơn,làm ẩm thêm
27369,ấp,trại,đất cấp cho người di cư
27370,ghép đôi,cặp đôi
27371,cấy mây,cấy mưa
27372,liên hiệp,liên hiệp lại
27373,hiện đại hóa,đổi mới
27374,tước,đoạt,tước đoạt,cướp đoạt
27375,gầy đi,mỏng đi,mảnh đi
27376,đổi,chuyển,ngả,đổi màu,đổi mầu,chuyển màu,chuyển mầu,ngả màu,ngả mầu
27377,mờ đi,mờ dần,nhòe dần,lặn dần,phai dần,nhạt dần
27378,rửa sạch,gột sạch,làm thanh khiết,làm trong trắng
27379,trét,bít,trám,trít,xảm
27380,cháy âm ỉ,âm ỉ cháy
27381,công nghiệp hóa
27382,hạ áp
27383,hòa trộn,hòa với,hòa lẫn với
27384,rút ngắn,cô lại,cắt,xén,cắt xén
27385,hạn chế,kiềm chế,hạn định,khống chế
27386,nhúng,ngâm,nhấn chìm,dìm xuống
27387,thích nghi khí hậu
27388,ngắt quãng,đứt quãng,gián đoạn
27389,quăn,xoắn,cuộn,uốn
27390,lên đến đỉnh điểm,lên đến cao trào,lên đến tột độ,lên đến tột bậc
27391,kéo,kéo dài
27392,tiên phong,đi trước,tiền trạm,mở đường
27393,kích thích,làm hưng phấn
27394,vứt,bỏ,thải,loại,vứt đi,vứt bỏ,bỏ xó,thải ra,loại ra,bỏ đi
27395,cơ giới hóa
27396,nổi bong bóng,sôi sùng sục,sùng sục,sủi bong bóng,sủi tăm
27397,tách riêng,chia riêng ra
27398,tô màu tía,quét màu tía
27399,chần,nhúng
27400,xoay theo hướng gió,xoay theo chiều gió,xoay buồm theo hướng gió,xoay buồm theo chiều gió
27401,hướng,chuyển hướng
27402,che khuất,che đậy
27403,để riêng ra,đặt riêng ra
27404,có giá,lên giá,nâng giá,tăng giá,tăng giá trị
27405,đơn điệu hóa,làm đơn điệu,làm buồn tẻ,làm tẻ nhạt
27406,phục hồi,hồi phục,hồi lại,lên lại
27407,thêm kem
27408,sát,xay,bóc vỏ
27409,lên,lên cao,bốc lên,leo lên,trèo lên,dâng lên,nổi lên
27410,ráng sức,cần cù
27411,trôi qua,biến mất,qua đi
27412,lỏng ra,long,giãn bớt,giãn ra,chùng ra,long ra
27413,chiếu,chiếu xạ
27414,tăng sức thu hút,tăng sức hấp dẫn,tăng sự hấp dẫn,tăng sự thu hút
27415,nhô ra,nhú ra,lộ ra,vọt ra,hiện ra,lòi ra,xuất hiện,nổi lên
27416,xây bậc thang,đắp bậc thang
27417,xẻ và sơ chế thịt,mổ xẻ và sơ chế thịt,giết mổ và sơ chế thịt
27418,thống nhất,nhất trí
27419,để thế,để yên,để nguyên,để y nguyên,để nguyên xi
27420,văn minh,khai hóa,truyền bá văn minh
27421,thắt chặt,siết chắt
27422,làm vừa,làm vừa vặn,chỉnh vừa,chỉnh vừa vặn
27423,già đi,trở nên già
27424,thổi hồn,thổi sinh khí,thổi sức sống,làm sống động
27425,tô lên,tô điểm,tô son điểm phấn,trang hoàng
27426,gom,kết hợp
27427,làm sưng,làm trương,làm sưng phồng,làm trương phồng
27428,cắt giảm,cắt ngắn
27429,kết tinh,kết tinh lại
27430,kích nổ,làm nổ,gây nổ
27431,chuyển kênh,đổi kênh
27432,lóe sáng,vụt sáng
27433,buộc dây,chằng dây,cột dây,buộc bằng dây,chằng bằng dây,cột bằng dây
27434,quay,nướng
27435,cải đạo,làm đổi tôn giáo,làm đổi đảng phái
27436,bỏ hạt,bỏ hột,lấy hạt,nhằn,nhằn hạt,nhằn hột,tách hạt,tách hột
27437,dẫn chứng,chứng rõ,xác nhận,xác minh
27438,hóa lỏng,chảy,tan chảy
27439,luyện thành than cốc
27440,giải lạm phát
27441,toàn cầu hóa
27442,cố ý trì hoãn
27443,hãm,làm chậm
27444,buông xuống,giảm,giảm xuống,hạ xuống,rủ xuống,xuống,đi xuống
27445,khí hóa
27446,ánh xạ
27447,phi tập trung hóa,phân quyền,tản quyền
27448,điều chỉnh về không,chỉnh về không
27449,phơi khô,hong khô
27450,cơ khí hóa
27451,chấm dứt,bãi bỏ,dỡ bỏ
27452,đáo hạn,mãn hạn,mãn kì,mãn kỳ,đến hạn thanh toán,đến kì thanh toán,đến kỳ thanh toán
27453,chỉnh lí,chỉnh lý,điều chỉnh,chỉnh sửa
27454,ngưng tụ,chưng cất
27455,phá sản,tan tành
27456,bén rễ,ăn sâu vào
27457,chờ,đợi,giữ
27458,dịu,ôn hòa,giảm nhẹ,bớt đi,tiết chế
27459,làm mờ,làm nhạt,làm nhòa,làm phai,làm lẩn,làm khuất,làm mờ nhạt,làm mờ phai,làm nhạt nhòa,làm nhạt phai,làm phai mờ,làm phai nhạt,làm phai nhòa,làm lẩn khuất
27460,cắt,cắt ngắn,cắt bớt,làm ngắn,làm ngắn đi
27461,làm nghiêng,làm xiên,làm lệch,làm chéo,làm xéo,làm nghiêng đi,làm xiên đi,làm lệch đi,làm chéo đi,làm xéo đi,làm nghiêng lệch,làm xiên lệch,làm chéo lệch,làm xéo lệch
27462,làm đỏ,nhuộm đỏ
27463,tăng vọt,tăng đột biến,tăng nhanh chóng
27464,gột,gột sạch,gột rửa,rửa tội
27465,làm sắc,mài sắc,làm sắc bén
27466,hãm lại,giảm tốc,giảm tốc độ,chạy chậm lại,đi chậm lại,di chuyển chậm lại
27467,lóe,lóe lên,ánh lên
27468,tôn,tôn lên,đề cao
27469,xáo trộn,đảo lộn,gây lộn xộn,gây hỗn loạn,gây náo loạn,gây rối loạn,gây mất trật tự
27470,làm thăng hoa,thăng hoa
27471,vô hiệu hóa,hóa giải,triệt,triệt tiêu,làm mất hiệu lực,làm vô hiệu
27472,làm rộp lên,làm phồng da lên
27473,giật lùi,suy thoái,tha hóa,thoái hóa
27474,làm khô héo,làm héo khô,làm khô rát,làm khô khốc
27475,dọn sạch,dốc sạch,dọn dẹp sạch
27476,sửa,đổi,sửa đổi,sửa mình,thay đổi
27477,lược,bỏ,lược bỏ,lược đi,bỏ đi
27478,gỉ,rỉ,han,han gỉ,han rỉ
27479,biến chất,biến tính,biến đổi
27480,tăng,lên,tăng lên,leo thang
27481,làm mờ,làm mờ nhòa,làm mờ nhòe,làm mờ tối,làm mờ đi,làm nhòa,làm nhòa mờ,làm nhòa đi,làm nhòe,làm nhòe mờ,làm tối,làm tối đi
27482,mất giá,sụt giá,tụt giá,hạ giá,giảm giá
27483,tích điện,nạp điện
27484,tẩy sạch tâm hồn,tẩy sạch bụi trần,thoát tục hóa
27485,dìm chết,làm chết đuối
27486,làm hài hòa,làm cân đối,làm hòa hợp
27487,làm nên thành công,là điểm sáng,là điểm nhấn
27488,cởi,lột,bỏ,bóc,tháo,cởi bỏ,tháo dỡ,lột bỏ,cởi ra,tháo ra,tháo bỏ,bóc ra,lột ra
27489,sắp xếp,sắp đặt,sắp xếp thứ tự,sắp đặt thứ tự,sắp xếp theo thứ tự,sắp đặt theo thứ tự
27490,làm phức tạp,phức tạp hóa,làm rối,làm rối rắm
27491,bơm,bơm phồng,bơ căng
27492,mở rộng,tăng lên,khuếch trương
27493,biến dạng,biến hình,thay hình đổi dạng,đổi dạng,đổi hình
27494,mọc nhánh,đâm nhánh,phân nhánh,chia nhánh
27495,mím,chụm,mắm
27496,giảm,giảm thiểu
27497,kéo căng,làm căng,kéo căng thêm,kéo căng ra,làm căng thêm,làm căng ra,làm cho căng
27498,thưa thớt hơn,thưa thớt đi,thưa bớt đi
27499,giảm tối đa
27500,nứt nẻ,rạn nứt,vỡ,gãy
27501,để lại,chết đi để lại
27502,hầm trong nồi đất,hầm bằng nồi đất
27503,ghìm lại,kiềm chế,kiềm tỏa,kìm hãm,kìm lại
27504,chiếu sáng,làm sáng thêm,soi sáng
27505,điều chỉnh lại,thiết lập lại
27506,mù sương,mờ sương,bị mù sương,bị mù sương
27507,nhồi sọ,luyện thi
27508,cứng lên,làm cứng
27509,cấy,nuôi
27510,chiếu đèn sân khấu
27511,nhồi nhét,chiếm đầy,làm quá tải
27512,ngắn lại,thu ngắn lại
27513,dốc sức,dốc lực
27514,dứt,dừng,ngừng
27515,chuyển,thay,đổi
27516,nấu chín tới,nấu vừa chín,luộc sơ
27517,chốt,kết,chốt lại,kết cục
27518,đánh dấu bằng cờ
27519,vỡ giọng,vỡ tiếng,bể giọng,bể tiếng
27520,biên tập,san định
27521,cho nhập cư
27522,phồng ra,phình ra,phùng ra,căng lên
27523,hydrat hóa,thủy hợp
27524,tăng,vọt,tăng lên,vọt lên,tăng trưởng
27525,thêm,tiếp,tiếp thêm,bổ sung,bồi đắp,đắp thêm
27526,làm chậm,cản trở,trở ngại
27527,thay đổi,đổi thay,biến đổi,cải biến,biến cải,hoán cải,làm thay đổi,làm biến đổi,làm cho thay đổi
27528,vắt sữa
27529,làm mờ,làm nhạt,làm nhòa,làm lẩn,làm khuất,làm mờ nhạt,làm nhạt nhòa,làm mờ nhòa,làm lẩn khuất
27530,làm bay hơi,làm bốc hơi
27531,chết cóng
27532,ấm,ấm dần,ấm dần lên,ấm lên,ấm hơn,ấm hơn lên
27533,làm nặng thêm,làm nặng hơn,làm xấu đi,làm tồi hơn
27534,giảm dần,bớt dần,hạ dần,sút dần,tụt dần,xuống dần,giảm bớt dần
27535,làm tròn,làm tròn số
27536,căn,chỉnh,căn chỉnh
27537,trừng phạt,nghiêm phạt,uốn nắn
27538,hóa lỏng,làm ngưng lại,làm ngưng tụ
27539,luyện,làm cho tinh khiết,làm sạch,lọc,lọc trong,tinh chế,tinh luyện,tinh lọc
27540,hoàn thành,hoàn tất,làm xong,xong việc,xong xuôi
27541,trút hết,trút sạch,đổ sạch
27542,tu sửa lại,tu bổ lại,xây dựng lại,chỉnh đốn lại
27543,thiêu rụi,thiêu hủy,đốt sạch,đốt nhẵn
27544,làm choáng váng,làm bất tỉnh nhân sự
27545,dịu dàng,nữa tính,thùy mị,thùy mỵ,ủy mị,ủy mỵ
27546,biến âm,biến đổi ngữ âm
27547,tạo bọt,tạo bong bóng
27548,khử ôxy,khử ô-xy,loại bỏ ôxy,loại bỏ ô-xy
27549,giảm đi,dịu đi,dịu xuống,nguôi đi,hạ hỏa
27550,làm cho dày,làm cho dày đặc,làm cho sít,trở nên dày
27551,trông thấy được,nhìn thấy được
27552,làm giảm giá trị,làm giảm chất lượng
27553,làm giảm giá trị,làm cho xấu hơn
27554,làm lạnh,giảm nhiệt độ
27555,tiến hóa,tiến triển
27556,bớt đi,làm giảm đi
27557,làm giàu,làm phong phú,làm đa dạng
27558,tỉa,sửa,sửa sang,tỉa tót
27559,vui vẻ,vui tính,trở nên vui vẻ,trở nên vui tính
27560,làm sinh động,làm sống động,làm tươi tắn,làm sôi nổi
27561,tăng lên,tăng,thêm
27562,làm sẫm,làm sẫm lại,làm sẫm màu
27563,sụt giá,mất giá,giảm giá,giảm giá trị
27564,làm yếu,làm suy,làm suy nhược,làm yếu sức,làm suy yếu,làm yếu ớt
27565,làm ngán,làm chán,làm ngấy,làm chán ngán,làm ngán ngẩm,làm ngao ngán,làm phát ngấy
27566,làm đen,bôi đen,hóa đen
27567,ló,hé,ló ra,ló rạng,hé rạng,ló mặt
27568,phá vỡ,đập vỡ,đập vỡ tan,đập vỡ vụn,làm vỡ tan,làm vỡ vụn
27569,nhận nuôi
27570,căng,phồng,căng lên,căng ra,phồng ra
27571,ngăn cản,ngăn lại,cản lại,làm gián đoạn
27572,dập,dụi,dập tắt,dụi tắt
27573,bơm mực,bôi mực,đổ mực
27574,chu,chẩu
27575,mọc dính
27576,cố chấp,ngoan cố,cứng đầu,ương ngạnh
27577,xảy đến,xảy ra,ngẫu nhiên xảy ra,tình cờ xảy ra
27578,héo đi,tàn đi
27579,phát triển rộng khắp,mọc um tùm,mọc xum xuê
27580,châm thủng,chích thủng,chọc,chọc qua,chọc thủng,làm thủng,xoi,xuyên thủng,đâm,đâm qua,đâm thủng
27581,xị xuống,ỉu xìu,tiu nghỉu,xị ra,chảy ra,đần ra,đần thuỗn ra,đực ra,đần thối ra
27582,giúp,cho phép
27583,đo chiều sâu bằng sải
27584,dầm mưa dãi gió,phơi nắng phơi sương
27585,chuẩn bị,sửa soạn,dọn sẵn
27586,chuyên môn hóa,chuyên nghiệp hóa
27587,chuẩn bị,chỉnh trang
27588,nung,nung nóng
27589,nâng tầm,gia tăng quyền lực
27590,nảy sinh,xuất hiện,nảy sinh ra,xảy ra
27591,dọn đường,dẹp đường
27592,bắt đầu dấn thân,bắt đầu lao vào,bắt đầu xông vào
27593,cấp nước,cung cấp nước,cân bằng điện giải
27594,phân loại,sắp đặt có hệ thống
27595,luân canh
27596,hun,hun đen
27597,suy kiệt,kiệt sức,kiệt lực
27598,trang bị cho tàu thuyền
27599,vỡ,bở,vỡ vụn,đổ nát,đổ vỡ,vỡ tan,vỡ ra,rã ra
27600,kéo dài,kéo dài ra,nới dài,nới dài thêm
27601,nâng cấp chất lượng,nâng cao chất lượng
27602,hệ thống,hệ thống hóa
27603,cháy thành tro,cháy thành than
27604,làm mứt,ướp đường,tẩm đường,công-phi-tuya,làm công-phi-tuya
27605,giải độc,khử độc
27606,nhạt đi,mất đi
27607,chấm,đánh dấu chấm
27608,lộ ra,tiết lộ ra
27609,ngắt,cắt ngang,xen ngang,chen ngang,gián đoạn,làm gián đoạn,làm đứt đoạn
27610,hói,bị hói
27611,giảm dần,giảm đều
27612,khuếch đại,khuếch đại điện năng
27613,lấy đi,mang đi,đem đi,cất đi
27614,điều chỉnh,cải thiện
27615,bị ô-xy hóa,bị ôxy hóa
27616,tráng cao su
27617,chuẩn bị,dự phòng
27618,oxy hóa
27619,cắm phích,cắm phích vào
27620,rim
27621,giây ra,gây vết
27622,dát mỏng,dát phẳng,làm bẹt ra,san phẳng
27623,cố ý đốt cháy,cố ý gây cháy
27624,mọc mầm,nảy chồi,nảy lộc,nảy mầm,ra chồi,ra lộc,đâm chồi
27625,nấu mạch nha,làm mạch nha,gây mạch nha,ủ mạch nha
27626,hâm lại,đun nóng lại
27627,huấn luyện,luyện tập,rèn luyện,tập luyện
27628,lên xuống,chao đảo
27629,lên cao độ
27630,chuyển giọng,dịch giọng,đổi giọng
27631,nghẹn,nghẹn lại,thắt,thắt lại,tắc
27632,cắt bỏ,loại bỏ,trừ bỏ,cắt hẳn,cắt tiệt
27633,chặt cánh,cắt lông cánh,xén đầu cánh
27634,bùng,bùng phát,bùng ra,bung ra
27635,nấu,đun,đun nấu,chế biến
27636,nâng hạng
27637,kích hoạt,kích thích,cấp năng lượng,cung cấp năng lượng
27638,thuận chiều
27639,polime hóa,trùng hợp hóa
27640,cải tạo,đổi mới,cách tân
27641,bón,bón phân,chăm bón
27642,chưng cất,chưng,cất
27643,điêu chỉnh tiêu điểm,điều chỉnh tiêu cự
27644,cháy trụi,cháy sạch,cháy hết,cháy rụi
27645,cấu trúc,tổ chức,sắp xếp,bố trí,hoạch định,lên kế hoạch,vạch rõ,định rõ
27646,dời,di dời,làm trật,làm chệch,đổi chỗ,dời chỗ,chuyển chỗ
27647,làm nhớp nháp,làm dính dớp,làm nhớt nhát
27648,đúc thành một khối,chắc lại
27649,chảy ra,chảy ra ngoài,thoát ra ngoài
27650,làm cứng,làm cứng thêm,làm cho cứng
27651,xanh lá cây,màu xanh lá cây,màu lục,trở nên xanh lá cây,hóa thành màu lục
27652,tỏ rõ ra,bộc lộ ra,biểu lộ ra
27653,ủ,sưởi,ấp,làm ấm,ủ ấm,ấp ủ,sưởi ấm,làm ấm áp
27654,san phẳng,san bằng,trở nên bằng phẳng
27655,xanh,xanh lam,màu xanh lam,trở thành xanh lam,chuyển thành xanh lam
27656,bám,theo,theo bám,theo đuổi,đeo bám,đeo đuổi
27657,làm nghẹt,làm ngạt,làm thiếu khí,làm tắc thở
27658,rữa,chảy rữa,phân hủy
27659,hạ nhanh,giảm nhanh
27660,xếp lại,sắp lại,sắp xếp lại,bố trí lại,sắp đặt lại
27661,gộp vào,gộp chung,gộp chung với,gộp chung vào,hợp vào
27662,thêm mâu thuẫn,trở nên gay gắt
27663,vượt quá,đi quá,đi quá xa,vượt quá xa
27664,cải trang,giả trang,hóa trang,biến hình,biến đổi bề mặt
27665,bừa bãi,lộn xộn
27666,tan vỡ,đổ vỡ,phá sản,giải thể,giải tán,tan rã
27667,đổi,trao đổi,thay nhau
27668,thay quần áo
27669,tối thiểu hóa,giảm thiểu,thu nhỏ
27670,làm,gây,làm cho,gây ra
27671,tưới nước bằng vòi
27672,phức tạp hóa,làm rắc rối,làm cho trở nên rắc rối
27673,chạng vạng,chấp chóa,chập choạng,nhá nhem,nhập nhoạng
27674,làm bỏng hơi
27675,làm im lặng,làm ngậm miệng,làm câm miệng,làm câm lặng,làm im mồm
27676,đục,đục thủng,làm thủng
27677,làm góa,làm góa bụa
27678,làm nảy mầm,làm nẩy mầm,làm mọc mầm
27679,giảm,giảm bớt,hạ bớt,suy yếu,hạ thấp
27680,ửng đỏ,đỏ lên,đỏ rực,bừng đỏ,hừng đỏ,đỏ bừng lên
27681,hóa cứng,rắn lại,cứng lên,cứng thêm
27682,cản trở,gây cản trở,làm trì trệ,làm đình trệ,làm ngưng trệ
27683,trơ,chai lì,chai sạn,dày mặt,mặt dày
27684,nghẹt,nghẽn,nghẹt lại,nghẽn lại,bị nghẹt,bị nghẽn
27685,cơi nới,mở rộng,mở rộng phạm vi,mở rộng ra,nới,nới ra,nới rộng,nới rộng ra
27686,điều chỉnh,thiết lập
27687,nhuộm,nhuộm sợi
27688,hòa vào,tan vào
27689,phát điên,nổi điên,nổi giận,nổi xung,nối khùng,phát điên lên,nổi điên lên
27690,bôi màu,đánh dấu bằng màu
27691,luyện tập cho quen,làm dày dạn,làm cho thích hợp để sử dụng
27692,rộng hơn,rộng rãi hơn,rộng lớn hơn
27693,phạt không cho ra ngoài,cấm cung,cấm cửa,giam lỏng
27694,thâm lại
27695,nhàu,nhăn,nhăn nhó,nhăn nheo,dúm dó
27696,thổi phồng,bơm phồng,phóng đại
27697,bóc lớp phủ,thay lớp phủ,đổi lớp phủ,bóc gói bọc,thay gói bọc,đổi gói bọc,bóc lớp sơn,thay nước sơn,đổi nước sơn
27698,thối,hỏng,ung
27699,tụ,nén,cô,tụ lại,cô đặc,dồn lại,nén lại,kết tụ,cô tụ
27700,ướp,ép,ướp khô,ép khô
27701,chân không
27702,chấm dứt,kết thúc,dừng lại
27703,già đi,già nua đi
27704,đun,đun sôi
27705,làm mềm,làm dẻo,ép dẻo,làm mềm dẻo,làm mềm hơn
27706,làm nâu,nhuộm nâu
27707,làm rối,làm rối tung,làm rối ren,làm rối bời,làm phức tạp,phức tạp hóa,làm lộn xộn
27708,đầy,tràn đầy,ngập đầy,lên đầy
27709,chùng,bớt căng
27710,ló,ló dạng
27711,trật ra,lệch ra,trẹo ra
27712,bước vào,lâm vào
27713,mềm ra,nhũn ra,bở ra,nhão ra
27714,chồi lên,nhô lên,đùn lên
27715,bắt đầu lại,hoạt động lại
27716,nấu cạn,đun cạn
27717,bắt nguồn,phát ra,xuất phát,phát nguyên
27718,ra vẻ đứng đắn,ra vẻ nghiêm nghị
27719,chặn,triệt,nén,ngăn chặn,tiêu diệt,kìm nén
27720,bay nhanh,bay lẹ
27721,tận số,mệnh tận
27722,phân làm ba phần,chia thành ba phần,tách ba,chia ba,phân ba
27723,cắt râu,cạo râu,nhổ râu,vặt râu
27724,thắp đèn,đốt đèn,châm đèn
27725,luộc rau,trụng rau
27726,mở đèn,bật đèn
27727,bẻ ngô,vặt bắp,vặt ngô,hái ngô,hái bắp
27728,bao sách,bọc sách
27729,bơm nước,xả nước
27730,bơm xe,bơm bánh xe,bơm lốp,bơm lốp xe
27731,buông màn,kéo màn,thả màn
27732,cấy lúa,gieo lúa,trồng lúa
27733,chia đều,phân đều,san đều
27734,chiếu phim,phát phim,trình chiếu phim
27735,chuyển đồ,dời đồ
27736,chuyển đổi số đo
27737,xịt côn trùng,diệt côn trùng
27738,du học,đi du học
27739,xếp giấy,gấp giấy
27740,ráp hình,xếp hình,ghép hình
27741,tung xúc xắc,gieo xúc xắc,đổ xúc xắc
27742,khép cửa,chốt cửa,dóng cửa
27743,khóa cửa,chốt cửa,gài cửa,cài cửa
27744,khỏi bệnh,hết bệnh,lành bệnh,khỏi ốm,bình phục,hồi phục
27745,ngắt hoa,bứt hoa,ngắt hoa,hái hoa
27746,nhặt rau,lặt rau
27747,nhổ củ cải,thu hoạch củ cải
27748,nổ mìn,nổ bom
27749,nổ lốp xe,thủng lốp,bể bánh xe,xịt lốp,bể bánh
27750,phơi quần áo,phơi đồ
27751,trung chuyển,quá cảnh,transit,nối chuyến
27752,quy đồng mẫu số,quy đồng
27753,rẽ phải,quẹo phải
27754,rút gọn phân số,tối giản phân số,giản ước phân số,thu gọn phân số
27755,thập thò
27756,trực nhật,trực vệ sinh
27757,tuốt lúa
27758,vá xe,vá bánh,vá lốp
27759,xếp hàng dọc,xếp dọc
27760,xếp hàng ngang,xếp ngang
27761,xếp hàng ưu tiên,xếp ưu tiên
