30885,chuyển,thay đổi,đảo,đổi
30886,nghỉ,đỗ,đậu,hạ,dừng,hạ cánh
30887,đi vượt tốc độ,đi quá tốc độ
30888,bay,bay liệng,bay lượn,chao liệng,liệng,là là,lơ lửng,lượn,lửng lơ,trôi lơ lửng
30889,đi đôi,đi cùng,đi theo,sánh đôi,sánh bước
30890,vội,vội vàng,vội vã,nhanh chóng,hối hả,gấp rút,hấp tấp
30891,để lắng,làm lắng xuống,làm chìm xuống
30892,dẫn qua,đưa qua,truyền qua
30893,chết đứng,chết lặng,chết điếng,chết điếng người,điếng người,lặng người
30894,phát,phân phát,cấp phát,ban phát
30895,lái vượt gió
30896,nở,nở ra,phồng,phồng ra,phồng lên,căng lên
30897,xoáy,chảy xoáy,cuộn xoáy,xoáy tít,xoáy lốc,xoáy tít mù
30898,đi lên,tiến lên,vươn lên,vượt lên,tiến đến
30899,khoe,khoe khoang,phô trương,phô ra
30900,đi chơi,đi nghỉ,du ngoạn,đi du ngoạn,đi du lịch,du lịch,nhàn du,phiếm du
30901,hành quân,dẫn đi
30902,đổ,đổ xô,tràn,chen,chen chúc
30903,đến gần,tiến gần,đến sát,áp sát,tiến sát,dồn lại gần
30904,giật mạnh,vặn mạnh
30905,đi nước kiệu
30906,đi theo đường zíc zắc,đi theo đường xoắn ốc,đi theo đường chữ chi
30907,đi xe,lái xe,chạy xe
30908,chìm nghỉm,chìm lỉm,chìm dưới
30909,bò,trườn,bò trườn
30910,di chuyển thành đàn,di chuyển theo đàn,di chuyển thành bầy,di chuyển theo bầy
30911,rắc phân,bón phân,rải phân
30912,chở,chuyển,tải,chuyên chở,vận chuyển,vận tải
30913,cặn,cấn
30914,lao ra,nhảy vọt ra
30915,kéo thẳng,làm thẳng,nắn thẳng,vuốt thẳng,ép thẳng,đặt thẳng,để thẳng
30916,diễn tiến,phát triển,tiến,tiến lên,tiến triển
30917,nổi bong bóng,nổi bọt,sủi bong bóng,sủi bọt,tạo bọt
30918,ghìm lại,hãm lại,hãm xe,phanh,phanh lại,thắng lại
30919,nhỏ giọt,giỏ giọt,rỏ giọt,chảy nhỏ giọt,chảy lì rì,chảy rì rì
30920,hun khói đuổi,xua đi bằng khói,dùng khói xua,đuổi bằng khói
30921,lội bì bõm,bì bõm lội,lội lõm bõm
30922,lặng lẽ đến với,lặng lẽ tiến lại,lẳng lặng tiến đến
30923,lăng xăng,chạy lăng xăng
30924,bôi nhựa bẫy chim,quét nhựa bẫy chim,phết nhựa bẫy chim
30925,qua,đi qua,trôi qua
30926,đi bộ đường dài
30927,đặt đúng tâm,đặt vào giữa,để vào giữa,đặt vào chính giữa
30928,bơi,bơi lội,chìm,hụp,hụp xuống,lặn,lặn xuống,lội,ngụp,ngụp xuống
30929,đu đưa,lúc lắc,đong đưa,đung đưa,vung vảy,vung vẩy
30930,đẩy,xô,ẩy,ẩn,du,đẩn,xô đẩy,xô đẩn
30931,dốc,nghiêng
30932,cập bến,cập bờ,cập cảng,lái cập bờ,lái vào bờ,vào bờ,đẩy vào bờ,đậu
30933,phun,vọt,tuôn,xì
30934,đổ,ngã,lật,xòa,xõa,đổ vật,đổ vật ra,ngã vật,ngã vật ra
30935,chạy tán loạn,chạy như ong vỡ tổ
30936,nhớ,dư
30937,quẩn quanh,quanh quẩn
30938,quẹo đi,uốn cong,bẻ cong,bẻ queo,uốn khúc,uốn quanh
30939,bổ xuống,lao xuống,nhao xuống,nhào xuống,quăng xuống,sà xuống,đâm xuống
30940,nô đùa,nô giỡn,chơi đùa,vui đùa,đùa nghịch,nô đùa nhảy nhót
30941,đỗ,sà,hạ,đậu,đỗ xuống,sà xuống,hạ xuống,đậu xuống
30942,quay đi,ngoảnh đi,quay ngoắt đi
30943,qua cầu,đi qua cầu
30944,giần,sàng,rây
30945,chạy nước đại,phi nước đại,phóng nước đại
30946,xử,xét xử,xử án,xử tội
30947,đi xe điện,đi tàu điện
30948,phong hậu
30949,đi qua,đi ngang qua,chạy ngang qua,chạy qua,chạy cắt ngang qua,đi cắt ngang qua
30950,thả diều
30951,đi rầm rầm,chạy rầm rầm
30952,bước vào,đi,đi vào
30953,to lên,cao lên,vang lên
30954,lái,đi,điều khiển
30955,để lại,để sót lại,để lại dấu vết
30956,bẻ quặt,cua,ngoặt,quặt,quẹo,rẽ,rẽ ngoặt,rẽ quặt
30957,lội,lội qua
30958,bứt lên trước,dẫn trước,tiến lên trước,tới trước,vươn lên trước,vượt lên trước,vượt trước,đi trước,đến trước,đứng trước,ở trước
30959,biến,chuồn,chuồn vào,chuồn đi,lén,lẩn,lẩn vào,lẩn đi,lẻn,lẻn vào,lẻn đi,lỉnh,lỏn,lủi,lủi vào,lủi đi,nhót,thoát,trốn thoát
30960,tựa,dựa,ngả,tựa vào,dựa vào,ngả ra,ngả xuống
30961,du lịch,du ngoạn,du hoành,du kí,du lãm,du nhai,du ngoại,chu du,vãn du,viễn du
30962,chập chững,lẫm chẫm,đi chập chững,bước chập chững,đi lẫm chẫm,bước lẫm chẫm
30963,uốn,uốn cong,vẽ đường cong
30964,chia ra,phân chia ra,phân ra,phân tách ra,tách ra,tách riêng ra
30965,lang chạ,chung chạ,lăng nhăng,lăng loàn
30966,chen,chen chúc,chen lấn,chen nhau,chèn,len,len nhau,lách,lèn,lèn nhau,lấn
30967,rơi,rơi rớt,rớt
30968,gần,gần đến,gần tới,gần kề,cận kề,giáp,sắp tới,sắp đến
30969,tiến về phía trước,đi về phía trước
30970,nhảy,nhảy xuống
30971,lấy xuống,đưa xuống,đem xuống,mang xuống,lôi xuống,kéo xuống,tháo xuống,hạ xuống
30972,xoáy,xoáy lên,cuộn lên,xoáy cuộn lên,bốc lên
30973,bơi bằng vây
30974,quẫy,quẫy đạp,vùng vẫy
30975,lùi ra khỏi,đi lùi ra,đi lùi ra khỏi
30976,lưu hành,phát hành
30977,đi,bắt
30978,đặt vào vị trí,đưa vào vị trí,đặt đúng vị trí,đưa đúng vị trí
30979,bay thành đàn,bay thành nhóm,bay theo tổ
30980,bơi,bơi thuyền,chèo,chèo thuyền,lái,lái thuyền,đi thuyền
30981,đem đến,đưa đến,đưa ra,đưa vào,tạo ra
30982,cập bến,cập cảng,quay về bến,quay về cảng,vào bến,vào cảng
30983,quay ngược,xoay ngược,đảo ngược,lộn ngược
30984,chảy dọc,chảy dọc theo
30985,đi tập tễnh,đi khập khiễng,đi cà nhắc,đi cà nhót,đi cà nhót cà nhắc
30986,quay ngược,nghịch hành,đảo chiều
30987,bay theo gió,cuốn theo gió,cuốn theo chiều gió
30988,bập bênh,chơi bập bênh,ngồi bập bênh
30989,đi nhờ xe,cho đi nhờ xe,cho quá giang
30990,cuộn,xoay,quay,xoáy,cuộn tròn,xoay tròn,xoáy tròn,xoáy trôn ốc,xoắn ốc
30991,bỏ trốn,chạy trốn,trốn chạy,lẩn trốn,đào tẩu,đào thoát,trốn thoát
30992,ngồi dậy,bật dậy,ngồi bật dậy
30993,hòa,hòa vốn,hoàn vốn,không lỗ không lãi
30994,nghiêng đi,dốc xuống
30995,sụt,giảm,sụt giảm,suy tàn,suy sụp,tàn tạ,sụt xuống
30996,cưỡi,cỡi,leo lên,phi,trèo lên,đi
30997,vung tay,vung tay lấy đà
30998,thẳng dậy,đứng thẳng,đứng thẳng dậy
30999,đến,đạt tới,đi tới,đạt đến,đến mức,đạt mức
31000,ngồi im,ngồi yên,yên một chỗ,yên vị,đứng im,đứng im một chỗ,đứng yên,đứng yên một chỗ,ở im
31001,dao động,rung,rung rinh,rung rung,rung từng đợt,rung động
31002,tịnh tiến,chuyển động tịnh tiến
31003,đào thoát,tẩu thoát,phắn,cao chạy xa bay,lặn mất tăm,mất tăm,mất hút,đào tẩu,đào thoát,biến,chạy re kèn,ù té chạy,ù té,lủi mất,lủi một mạch,chạy biến,chuồn thẳng,chuồn đi,chuồn mất,chạy mất
31004,đâm,đụng,xô,va,đâm phải,đụng phải,xô phải,va phải,đâm vào,đụng vào,xô vào,va vào
31005,vươn lung tung,bò lung tung,đi lung tung,lan lung tung
31006,chắt,đổ,rót,trút,đổ ra,rót ra,trút ra
31007,giơ,giơ lên,nhấc,nhấc lên,nâng,nâng lên,tăng,đưa lên
31008,làm nở,làm phồng,làm nở ra,làm phồng ra,làm phồng lên,làm phồng rộp
31009,di trú,chuyển đến
31010,lái,đi,tiến
31011,trượt,tuột,buột,vuột
31012,đi,qua,vượt,băng,xuyên,đi qua,vượt qua,băng qua,xuyên qua,đi xuyên qua
31013,nâng cằm ngang xà
31014,tiến chậm,tiến chầm chậm,bước chầm chậm,tiến chậm mà chắc
31015,gặp nhau,giao nhau,cắt nhau
31016,ở lại,lùi lại,nán lại
31017,sập,sập đổ,sụp,sụp đổ,vỡ tan,vỡ tan tành,vỡ vụn,đổ,đổ sập,đổ sụp,đổ vỡ
31018,chuyển,chuyển dời,chuyển đi,chuyển đến,di dời,dời,dời đi,dời đến,rời,rời đi
31019,vụt trôi,trôi nhanh,trôi qua nhanh,trôi đi nhanh
31020,tụt,rớt,thụt,tụt lại,thụt lại,tụt lùi,thụt lùi,giật lùi,tụt hậu,rớt lại,rớt lại đằng sau,lác
31021,họp,hội họp,họp bàn,dự họp,đi họp,tập họp
31022,tại chỗ,ở tại chỗ,ở nguyên tại chỗ,ở nguyên vị trí
31023,đẩy ra đường,xô ra đường,ném ra đường,vứt ra đường
31024,đổ,chất,xếp,vun,đổ thành đống,chất thành đống,vun thành đống,xếp thành đống
31025,dừng,đỗ,dừng lại,đỗ lại,dừng xe,đỗ xe
31026,chuyển,dời,đi đến,chuyển đến,dời đến
31027,đưa lên bờ,đem lên bờ,cho lên bờ,bốc lên bờ,đưa vào bờ,đem vào bờ,cho vào bờ,bốc vào bờ
31028,thăm,du lịch,viếng thăm,thăm viếng,tới thăm,đi thăm,đến thăm,viếng thăm
31029,dựng,dựng lên,dựng thẳng
31030,đảo,đảo kính
31031,khéo xen,khéo chen
31032,du thuyền,đi thuyền,đi du thuyền,lữ hành trên thuyền
31033,túm tụm,túm tụm lại,túm tụm vào,tụm vào nhau,túm tụm vào với nhau,túm năm tụm ba,xo ro vào nhau
31034,lấn,vượt qua,vượt hơn,vượt lên,dẫn trước,lấn át,lấn lướt,áp đảo
31035,lảng vảng như ma
31036,trải rộng,mở rộng,làm lan rộng
31037,tích,tích tụ,tích hợp,hợp lại
31038,đá,đá chân,đẩy chân,hất chân
31039,dốc,thoải,thoai thoải,thoải xuống,dốc thoải xuống,dốc thoai thoải
31040,tới,đến,đi đến,đi tới,tiến đến,tiến tới
31041,trôi,trôi nổi,trôi nổi bập bềnh,lênh đênh
31042,đi,đi xe,bắt xe,ngồi xe
31043,ngước,ngẩng,ngước nhìn,ngước lên,ngẩng lên,ngẩng đầu
31044,thổi,thổi qua,thổi trên,thổi vào
31045,lái,lái đến
31046,chạy về phía,đi về phía,chạy theo hướng,đi theo hướng
31047,cong xuống,lún xuống,võng xuống
31048,dầm,dằm,đầm,nhúng
31049,giẫm,dẫm,đạp,dận,giẫm xuống,giẫm vào,dẫm xuống,dẫm vào,dận xuống
31050,bay,đi máy bay,đáp máy bay,ngồi máy bay
31051,đi lại tự do,đi lại tùy ý,đi lại tự nhiên
31052,tụ tập,tụ họp,tập hợp,nhóm họp,túm tụm,đàn đúm
31053,đứng thẳng lên,thẳng người lên
31054,đè xuống,giẫm,giẫm xuống
31055,đạt tới,đạt đến,lên tới,lên đến
31056,kéo lê,lê,lê chân,lê lết,lết,lết chân,lết ì ạch,đi khệ nệ,đi khệnh khạng,đi kệ nệ,đi lê chân,đi lết,đi lết chân,đi ì ạch
31057,lên tàu,xuống tàu,đi lên tàu,đi xuống tàu
31058,chuyển,chuyển sang,mang sang,đưa sang,mang đến,đưa đến
31059,vào lại,trở vào,đi vào lại
31060,nhảy,đệm,co bóp,khiêu vũ,đánh nhịp,gõ phách
31061,dẫn,dắt,đưa,dẫn dắt,chỉ dẫn,dẫn đường,chỉ đường
31062,qua,quanh,đi qua,đi dọc theo
31063,trốn,tránh,né,trốn tránh,né tránh,lẩn tránh,lảng tránh,lẩn trốn,tránh khéo
31064,lắc,vẫy,ve vẩy,ngoe nguẩy,lắc lư,lúc lắc,lứ lắc,tung tẩy,tung tăng tung tẩy
31065,tụ,hợp,tụm,tụ lại,hợp lại,tụm lại,họp lại,tụ tập,tụ họp,nhóm họp,túm tụm
31066,nghiêng,lệch,ngả,lệch nghiêng,nghiêng ngả,ngả nghiêng,lệch lạc,thiên lệch
31067,di chuyển,di dời,đuổi ra,đuổi khỏi,đuổi chỗ
31068,vèo vèo vèo vun vút,đâm vèo vèo,lao vùn vụt,lao vèo vèo,lao vun vút,đi vun vút
31069,làm rơi,làm rớt,làm đổ,đánh rơi,đánh rớt,đánh đổ,để rơi,để rớt
31070,đi theo đoàn,du lịch theo đoàn
31071,hướng,khơi dòng,hình thành kênh dẫn,tạo thành đường dẫn
31072,quay theo quỹ đạo,di chuyển theo quỹ đạo,chuyển động theo quỹ đạo
31073,lao,lao bổ vào,lao vào,nhảy bổ vào,phóng,phóng vào,xông,xông vào,đâm bổ vào,đâm vào
31074,thường đến,thường tới,thường lui tới,thường lui đến,hay tới,hay đến,hay lui đến,hay lui tới,năng đến,năng tới,năng lui đến
31075,lùi,lùi lại,thụt lùi
31076,phóng,lao,phi,vọt,vụt
31077,lò cò,bước lò cò,đi lò cò,nhảy lò cò
31078,điều khiển,lái,cầm lái,lèo lái
31079,bật tách,gãy tách,bẻ tách,đóng tách
31080,chạy theo chiều gió
31081,trào,tràn,tuôn,trào ra,tràn ra,tuôn ra
31082,dừng,nghỉ,thôi,dừng lại,cắt ngang,xen ngang,làm gián đoạn
31083,đi chậm,di chuyển chậm,hạ từ từ,đáp từ từ,di chuyển từ từ
31084,đặt vào nôi,cho vào trong nôi
31085,cuộn,cuồn cuộn,cuộn lên,bốc lên
31086,hạ cánh xuống nước,hạ cánh xuống biển,hạ cánh khẩn cấp xuống nước
31087,lướt,lướt nhẹ,vút nhẹ
31088,phụt,phụt ra,phun nước,phun nước ra
31089,dao động,dao động sóng
31090,đến gần,lại gần
31091,chạy len lỏi,chạy quanh,chạy vòng quanh,len lỏi,đi len lỏi,đi quanh,đi quanh co,đi vòng quanh
31092,giậm,nhảy,bước giậm chân
31093,dẫn,dẫn truyền,truyền,truyền dẫn,truyền tải
31094,rỉ,rỉ ra,rò ra,rò rỉ ra
31095,bay nghiêng,bay trượt sang một bên,bay trật sang bên
31096,lái theo gió,lái theo hướng gió
31097,hạ cánh khẩn cấp,hạ cánh gấp
31098,lệch,chệch hướng,trẹo đi,lệch đi,chệch đi
31099,bơi,chèo,kéo,lái
31100,đi ngược,đi ngược đường,đi nghịch đường
31101,đi qua,xuất hiện
31102,đi nhẹ,lướt nhẹ,sượt nhẹ
31103,nổi lên,trồi lên,nhô lên
31104,uốn,uốn cong,gấp,gấp cong,gập,gập cong
31105,chạy vù vù,bay vù vù,phóng vù vù,chạy vèo vèo,bay vèo vèo,phóng vèo vèo
31106,lê lết,lê thân,lê bước
31107,đi,lái,cưỡi,ngồi,dùng,xài
31108,hướng theo,hướng vào,hướng về,nhắm,nhắm vào,nhằm,nhằm vào,tiến theo,tiến vào,tiến về,đi theo,đi về
31109,chạy nhanh hơn,chạy vượt hơn
31110,cào,bám,bám lấy,bám để leo,bám để trèo
31111,nhường chỗ,nhường đường,tránh đường,tránh xe
31112,rời khỏi,đi khỏi,đi ra khỏi,rời đi khỏi,ra đi khỏi,biến ra,biến đi,biến ra khỏi,biến đi khỏi
31113,nhảy van,nhảy điệu van,làm điệu van
31114,nấn ná,chần chừ,lần lữa,trì hoãn,nán lại,trù chừ,lấn cấn,lấn bấn,chần chờ,chần chừ,do dự,đắn đo,lần chần,lần khần,lưỡng lự,ngần ngừ,phân vân
31115,hộ vệ,hộ tống,đi hộ vệ
31116,tháo lui,rút lui,thoái lui,lùi bước,tháo chạy,rút chạy
31117,trườn,đi ngoằn ngoèo,lượn ngoằn ngoèo,trườn ngoằn ngoèo
31118,oằn,oằn xuống,sệ,sệ xuống,võng,võng xuống
31119,hất,đẩy,xô,hẩy,xô đẩy,hất ra,đẩy ra,xô ra,hẩy ra
31120,rời trại,nhổ trại,bỏ trại,tháo trại
31121,bơi thành đàn,bơi thành bầy,bơi theo bầy
31122,vội,chạy vội,đi vội
31123,đổ,tràn,tuôn,đổ ra,tràn ra,tràn lên,tuôn lên
31124,ra khơi,nhổ neo
31125,đưa đi,gửi đi,gởi đi,đưa tới,gởi tới
31126,đến đỉnh,đến ngưỡng,đạt ngưỡng,đến đỉnh điểm,tới đỉnh điểm,đến tới hạn,đạt đến đỉnh điểm,đi đến đỉnh điểm,đến mức cao nhất,đến giới hạn trên,tới giới hạn trên,đạt đến mức cao nhất,bước đến điểm cao nhất
31127,lao,quăng,liện,lạng lách,lao vào,quăng mình vào
31128,tụ,hợp,tụm,tụ tập,quần tụ,quy tụ,tập hợp,túm tụm đàn đúm,nhóm họp,tụ lại,quy lại,quy về một mối
31129,vèo,veo,vèo vèo,bay vèo,bay vèo vèo
31130,chuyển,chuyển hướng,chuyển sang,hướng sang
31131,qua,vượt qua,băng qua,xuyên qua,qua được,vượt qua được,băng qua được,xuyên qua được
31132,nằm ngửa,ngửa
31133,vặn vẹo,vùng vẫy,giẫy giụa,cựa quậy,quằn quại
31134,đậu,đỗ,đậu xuống,đỗ xuống,đỗ lại
31135,bay tàu lượn
31136,đi qua,vượt qua,vụt qua,vèo qua
31137,xiêu vẹo,loạng choạng,nghiêng ngả,ngả nghiêng,đi xiêu vẹo,đi loạng choạng,đi nghiêng ngả,đi ngả nghiêng,ngả ngớn
31138,đi vội vã,đi tất tưởi,đi tất ta tất tưởi,bay vù,lao vù
31139,luồn,xỏ
31140,chảy ra,chảy đi,chảy ra ngoài
31141,cho dừng,chặn,chặn lại,cản,dừng,dừng lại,khống chế,ngăn,ngăn chặn,ngăn cản,ngăn lại,đình chỉ
31142,truyền,bay,lan,trôi,truyền đi,bay đi,lan đi,trôi đi
31143,đến từ,được từ
31144,đi xuồng,bơi xuồng,chèo xuồng
31145,co rúm lại,co mình lại,co rúm mình lại
31146,xua,xua đi,xua đuổi,xua tan,làm tiêu tan
31147,thúc,đốc thúc,thúc đẩy
31148,chuyển,quay,hướng
31149,cút,phắn,xéo,biến,cút đi,phắn đi,xéo đi,biến đi
31150,giẫm,dận,giẫm lên,giẫm vào,lấy chân ấn vào
31151,chuyển sang,chuyển qua,bước sang,bước qua
31152,chở xà lan
31153,phấp phới,phất phới,phất phơ,phất pha phất phơ
31154,đi tàu hỏa,đi xe lửa,đi xa hỏa
31155,lắc hông,xoay hông,vặn hông,đánh hông,nhảy lắc hông,nhảy xoay hông,nhảy vặn hông
31156,quạt,phe phẩy,đập phành phạch,tung tẩy
31157,đi thong dong,đi thong thả,đi thung dung,đi ung dung,đi đủng đà đủng đỉnh,đi đủng đỉnh
31158,trào dâng,dâng trào,dâng tràn,dâng cao,lên cao,nổi lên
31159,nhảy,đi,leo lên
31160,cuốn,cuốn bay,cuốn trôi,cuốn đi,trôi
31161,nằm ngoài tầm với,nằm ngoài khả năng,nằm ngoài tầm tay,vượt quá khả năng,vượt khỏi tầm tay,vượt khỏi tầm kiểm soát,nằm ngoài tầm kiểm soát
31162,gập,co,gập lại,co lại,co gập lại
31163,trượt,trượt sang bên
31164,đi,bước,bước đi
31165,lấy,múc,kín,lấy ra,múc ra,lấy lên,múc lên
31166,vắt chéo,gập chéo,bắt chéo,đặt chéo
31167,chệch hướng,lệch hướng,đổi hướng,chuyển hướng,trẹo hướng,thay đổi hướng
31168,giẫm,giẫm lên,đạp,đạp lên,chà đạp,chà đạp lên
31169,trật đường ray,chệch đường ray,làm trật bánh
31170,nghiêng,nghiêng về
31171,nhởn nhơ,rề rà,nấn ná,kề cà,lần lữa,con cà con kê,khất lần
31172,chiếm,lấy,lấp,phủ
31173,cọ quạy,cựa,cựa mình,cựa quậy,ngọ ngoạy,nhích,nhúc nhích,nhúc nhắc,động đậy
31174,mọc lên,được xây lên,được dựng lên,được xây dựng lên
31175,tách ra,rẽ ra,chia lìa,xa rời,rời xa
31176,rỉ,rỏ,làm rỉ vào,làm rỏ vào
31177,làm quay,làm xoay,làm đổi hướng
31178,đi đều,bước đều,bước hành quân
31179,trượt tuyết
31180,làm chảy,làm đổ,làm chảy ra,làm đổ ra,đổ,chảy
31181,cưỡi,cưỡi ngựa,phi ngựa,phóng ngựa
31182,đắm,chìm,chìm xuống,chìm đắm
31183,ngụp lặn dưới nước
31184,đi chĩa ngón chân,đi chĩa mũi chân
31185,lấn,lấn chiếm,vượt quá,xâm lấn,xâm nhập,xâm phạm,đi quá
31186,lượn quanh,đi lượn,lượn vòng
31187,ngọ nguậy,cựa quậy,động đậy liên tục
31188,trèo,leo,trèo leo,leo trèo,trèo lên,leo lên
31189,rê,kéo,di
31190,hối hả,rối rít,tất bật,cập rập
31191,đâm sầm,đâm rầm,đâm sầm vào,đâm rầm vào,đâm sầm cái,đâm rầm cái
31192,thơ thẩn,đi thơ thẩn,đi vẩn vơ
31193,chạy được
31194,vọt,bắn,phọt,phun,phụt,vọt ra,bắn ra,phun ra,phụt ra,bắn ra
31195,lao,lao đi,lao vút,lao vun vút,vọt lên
31196,lảo đảo,lểu đểu,đi loạng choạng,đi loạng quạng,đi chệnh choạng,đi chuệch choạng
31197,trần truồng
31198,lên tàu,đáp tàu
31199,ghìm,giữ,gò
31200,lui,thoái lui,rút lui,lùi lại,lùi xuống
31201,bám theo,bám đuổi,rượt theo,rượt đuổi,săn đuổi,truy đuổi,đuổi,đuổi bắt,đuổi theo
31202,quàng dây kéo,quàng dây lôi,buộc dây kéo,buộc dây lôi
31203,xoáy,xoay tít,xoay tròn,xoay vòng,quay tít,quay lộn,quay tròn
31204,đánh gục,lật đổ,lật nhào,bắt hàng phục
31205,cúi,ngả,gục,nghiêng,gập
31206,hạ đột ngột,xuống đột ngột,giảm đột ngột,phanh đột ngột
31207,xoay,quay,ngoặt
31208,chìm xuống,lún xuống,lắng xuống
31209,lái sang trái,quay sang trái
31210,xua,xua đi,xua tan,đốt lửa xua,dùng lửa xua đuổi,hun
31211,lái máy bay,điều khiển máy bay,bay
31212,đi dạo,tản bộ,đi thơ thẩn,đi tha thẩn,đi lang thang,đi vơ vẩn
31213,giật phắt,giật nảy người,giật nẩy người,giật nảy mình,giật bắn,giật bắn người,giật thót,giật thót người
31214,bay tầm thấp,bay thấp,bay sát
31215,bắt nhảy
31216,chạy,đi,chuyển,di chuyển,chuyển động
31217,chạy,chuồn,vội rời đi,chợt bỏ đi,chuồn ngay,tháo chạy
31218,chuyển,thay,thay đổi,chuyển đổi,chuyển xe,thay xe,đổi xe
31219,nghiêng,nghiêng cánh
31220,ghì,ghì cương,ghì cương ngựa,ghìm,ghìm cương,ghìm cương ngựa,gò,gò cương,gò cương ngựa,kéo cương
31221,quay,quay tay
31222,õng ẹo,ưỡn ẹo,thưỡn thẹo,đi õng ẹo,đi ưỡn ẹo,đi thưỡn thẹo
31223,trôi,giạt,cuốn trôi,kéo trôi,trôi giạt,cuốn đi,trôi đi,giạt đi
31224,lái xe đi chơi,đánh xe đi chơi,chạy xe đi chơi
31225,đi với,cùng đi với,đi cùng với,tháp tùng,theo đuôi,bám đuôi
31226,tự tiện vào,tự ý vào,tự tiện lao vào,tự ý lao vào
31227,đi không vững,bước chập chững,chập chững bước đi
31228,lật,úp,sấp,lật úp,lật ngược,lật sấp,úp sấp
31229,đứng lên,đứng dậy,đứng thẳng dậy,bật dậy,đứng bật dậy
31230,vấp,trượt,sẩy chân,vấp chân,trượt chân,hụt chân,vấp phải,trượt phải,bước hụt
31231,đi nghênh ngang,đi khệnh khạng,bước khệnh khạng,đi khụng khiệng
31232,bỏ,thải,tống,tống cổ,tống khứ,thoát khỏi,loại bỏ,thải hồi
31233,trốn đi,trốn cùng nhau,chạy trốn cùng nhau,trốn đi cùng nhau,chạy trốn với người tình,chạy trốn với người yêu,trốn đi cùng người yêu,trốn đi cùng người thương,trốn đi cùng người tình
31234,chuyển quanh
31235,tiến lên,tiến tới,đi tới,thẳng tiến,đi lên,thẳng lên,thẳng tới
31236,hạ,chìm,lặn,ngụp,đắm,đắm chìm
31237,xiêu,vẹo,nghiêng,ngả,liêu xiêu,xiêu vẹo,nghiêng ngả,ngả nghiêng,chòng chành
31238,sa thải,thải hồi,đuổi,đuổi ra,đuổi đi
31239,vượt rào,nhảy vượt rào,nhẩy vượt rào
31240,lảo đảo,lểu đểu,ngả nghiêng,lắc lư
31241,dàn hòa,gỡ hòa,san bằng tỉ số,san bằng cách biệt
31242,làm giảm,làm hạ
31243,lướt,trôi,lềnh bềnh,bồng bềnh
31244,đâm sầm,đổ rầm,đổ sầm,đâm rầm,ngã sầm,ngã rầm
31245,lùi về,đi lùi về,kéo lùi về,thụt lùi về
31246,lăn,lăn mình,lăn tròn
31247,rào,chắn,ngăn,rào chắn
31248,quặt,quặt lại,gập,gập ra phía sau
31249,đi sâu vào,đi xuyên qua,thâm nhập,thâm nhập vào,băng qua
31250,chảy từ từ,chảy dần dần,chảy ròng ròng,chảy róc rách,chảy róc ra róc rách
31251,lén lút,đi lén lút,lén la len lút
31252,đi tàu thủy,đi bằng tàu thủy
31253,chảy xuống,rút,rút lui,rút xuống,thoái,thoái lui xuống
31254,đi lạc,lạc đường,lạc lối,đi chệch,đi lệch,đi trệch,lệch hướng,chệch hướng,trệch hướng
31255,đi lại,đi đây đó,đi đây đi đó
31256,rẽ quặt,rẽ ngoặt,đột ngột chuyển hướng,đột ngột đổi hướng,đột ngột rẽ,đột ngột quay,đột ngột xoay,đổi hướng bất ngờ,đảo hướng đột ngột
31257,mất hơi,mất vết,mất dấu vết
31258,lẻn đi,lẩn đi,trốn đi,lủi đi,chuồn đi,lẻn khỏi,trốn khỏi,chuồn khỏi
31259,dao động quá lớn
31260,mọc,lên,mọc lên
31261,lướt,lướt nhanh
31262,lách,luồn lách,chạy lắt léo,di chuyển lắt léo,léo lắt,di chuyển léo lắt
31263,lên cao,dâng cao,vươn cao
31264,dựng,dựng đứng lên
31265,co lại,co rúm,co rúm lại,co rúm người,rúm,rúm lại
31266,đi từng bước,nhấc từng bước,đi cà nhắc,bước cà nhắc,đi nhón,bước nhón,nhón chân
31267,nhún nhảy,nhún nhẩy,rún rẩy
31268,chuyển bất ngờ,chuyển đột ngột
31269,tràn,trào,sánh,đổ
31270,leo,trèo,leo trèo,leo lên,trèo lên,leo trèo lên
31271,thả trượt,thả cho trượt,đẩy trượt,đẩy cho trượt
31272,chuyển vế,chuyển vế đổi dấu
31273,tham gia,vào guồng,vào cuộc
31274,xuống,tụt xuống,xuống dốc,dốc xuống,đi xuống,nghiêng xuống
31275,bỏ,bỏ lại,để lại
31276,trượt,lướt,trôi,xuôi,trôi xuôi
31277,ủ dột,ủ rũ,rũ xuống
31278,chia,chia rẽ,phân chia,phân nhánh,làm chia rẽ,làm phân chia,làm phân nhánh
31279,đưa,dẫn,dắt,dẫn dắt,hộ tống
31280,trượt xuống,lướt xuống,quét xuống
31281,lướt qua,quét qua,sượt qua,vèo qua,vụt qua
31282,mang,chuyển,đưa,cầm
31283,đi theo thủy triều,cuốn theo thủy triều,bị cuốn theo thủy triều
31284,chạy tán loạn,chạy loạn xạ,chạy nháo nhào
31285,ra đi,lên đường,lên đường ra trận
31286,đi tới đi lui,đi qua đi lại
31287,chèn,chèn ngang,chèn lên trước
31288,băng,băng qua,nhảy,nhảy qua,nhẩy,nhẩy qua,vượt,vượt qua
31289,bước,di chuyển,dịch chuyển
31290,lái,chở,thồ,đèo
31291,đi xa,đi xa nhà,ra ngoài,đi ra ngoài,bước ra ngoài
31292,lưu thông,tuần hoàn,luân chuyển,lưu chuyển
31293,phai màu,thôi màu,bị làm nhạt màu
31294,xông qua,lao qua
31295,vòng quanh,xoay,xoay tròn,quay,quay tròn,quay vòng,xoay vòng,đi vòng quanh,đi xoay tròn,đi quay tròn,đi quay vòng,đi xoay vòng
31296,bay thường
31297,cho nhờ xe,cho đi nhờ xe
31298,đâm trả,phản công,đâm trả lại,đánh trả lại
31299,nhảy cầu,lao xuống nước
31300,rút,rút ra,hút ra
31301,rơi tự do
31302,bay vừa phải,bay với tốc độ vừa phải,bay ở tốc độ vừa phải,chạy vừa phải,chạy ở tốc độ vừa phải,chạy với tốc độ vừa phải
31303,rút bằng vòi
31304,chuyển về dòng trước,chuyển lên dòng trên,dịch về dòng trước,dịch lên dòng trên
31305,leo tới đỉnh,lên đến đỉnh,đi đến đỉnh
31306,quét màn hình,quét hình
31307,thuyên chuyển,lưu chuyển
31308,làm nhiễu,gây nhiễu loạn,gây hỗn loạn,làm náo loạn
31309,lên đỉnh,lên tới đỉnh,lên đến đỉnh
31310,chạy toán loạn,khiến chạy toán loạn,buộc chạy tán loạn,nháo nhào chạy
31311,làm máy bay nghiêng ngả,làm máy bay tròng trành,làm máy bay chòng chành
31312,thả,thả tõm,thả rơi tõm,làm rơi tõm
31313,tụm lại,túm tụm,túm tụm lại,chụm lại,chụm lại với nhau
31314,quỳ,quỳ gối,quỳ xuống
31315,trơn,trơn trượt,trơn tuột
31316,thay đổi hướng thiên thể chuyển động,làm lệch hướng thiên thể chuyển động,làm chệch hướng thiên thể chuyển động
31317,làm nhỏ giọt,đổ nhỏ giọt,để nhỏ giọt
31318,làm ngừng chạy,làm dừng chạy,làm chết máy,gây chết máy
31319,cất cánh,xuất phát bay,bắt đầu bay
31320,nhún nhẩy,uốn éo,đi nhún nhảy,đi nhún nhẩy,đi uốn éo
31321,xông vào,xen vào,xâm nhập,thâm nhập,chen vào,ùa vào,không mời mà vào,không mời mà đến
31322,thúc ngựa chạy nước kiệu,thúc ngựa phi nước kiệu,bắt ngựa phi nước kiệu
31323,di tản,sơ tán,tản cư,rút chạy,tháo chạy
31324,ngả,ngã,gục,gục xuống,khuỵu xuống
31325,phe phẩy,ve vẩy,phe phảy,ve vảy
31326,loạng choạng,lảo đảo,đi loạng choạng,đi lảo đảo,bước loạng choạng,bước lảo đảo
31327,đi lại,qua lại,đi lại thường xuyên,qua lại thường xuyên,qua lại giữa hai nơi,đi lại giữa hai nơi
31328,vút qua,chạy vút qua,bay vút,bay vèo vèo
31329,phi nước kiệu,phi ngựa nước kiệu,cưỡi ngựa nước kiệu
31330,lang thang,phiêu bạt,đi phiêu bạt,đi lang lang
31331,lái,đèo,lai
31332,xếp cách nhau,sắp cách nhau,đặt cách nhau,để cách nhau
31333,đạt,vươn tới được,với tới được,chạm tới được
31334,chệch hướng,chệch đi,lệch hướng
31335,lặn,xuống núi,lặn xuống
31336,vụt đi,đi nhanh,chạy nhanh,lượn nhanh
31337,chạy vội,chạy gấp
31338,lún,tụt,chìm,lún xuống,tụt xuống,chìm xuống
31339,vút,vút lên,bay vút lên,vút bay lên
31340,trốn,đào tẩu,đào thoát,tẩu thoát,chạy trốn,trốn thoát,trốn khỏi,thoát khỏi
31341,đập,giáng,đập mạnh vào,giáng mạnh vào
31342,đổ,lật,lộn,đổ nhào,đổ lật,lật nhào,lộn nhào,lật úp
31343,chảy ngắt quãng,lúc chảy lúc không,chảy từng đợt
31344,ấn,đút,chèn,đẩy,đùn,giúi,lèn,nhét,ép vào
31345,theo kịp,đuổi kịp,bắt kịp,hoàn thành kịp,đuổi theo kịp
31346,tuột,tuột dốc,xuống dốc,thả dốc,xuống dốc không phanh,tụt dốc không phanh
31347,trượt,hỏng,không trúng,trật,hụt
31348,lui về,thu mình
31349,phóng,phóng ra,phát ra,tung ra
31350,tuần hoàn,theo chu kì,theo chu kỳ,theo chu trình
31351,nhảy vọt,tăng vọt,tăng đột ngột
31352,run,lẩy bẩy,lật bật,bần bật,lập cập,run lên,run run,run rẩy,run sợ,run bần bật,run bây bẩy,run như cầy sấy
31353,lên đỉnh,lên tới đỉnh,đạt tới đỉnh
31354,tháp tùng,hộ tống,đi cùng
31355,tràn,ào,ùa,tràn vào,ào vào,ùa vào
31356,theo,theo sau,đi theo,theo đuôi,bám theo,đi sau,đi theo sau
31357,bỏ xa,vượt xa,bỏ lại
31358,sụp,thụp,sụp xuống,thụp xuống
31359,đuổi,xua,xua đuổi,lùa
31360,ngồi,ngồi xuống
31361,đạp xe,đạp xe đạp,đi xe đạp
31362,đông đúc,quá tải
31363,cặn,lắng,lắng cặn,đóng cặn,cáu cặn,cặn lại,lắng lại
31364,dồn,húc,thúc,xô,xô lấn,xô đẩy,đẩy
31365,bật vọt lên,nhảy qua,nhảy tót lên,nhảy vọt lên,tót lên,vọt lên
31366,luồn dây,xỏ dây,luồn dây qua,xỏ dây qua
31367,khởi động nhờ ắc quy xe khác,khởi động nhờ vào ắc quy xe khác,khởi động qua ắc quy xe khác
31368,đỗ,dừng,đậu,đỗ lại,dừng lại,ngừng lại,đậu lại
31369,phủ,bao phủ,trùm phủ,bao trùm
31370,rút,rút lại,rút đi,thoái lui,triệt thoái
31371,đổ,nhào,đổ nhào,đổ ào
31372,nhìn về,hướng về,quay về
31373,giật,co giật
31374,chuyển mạch,rẽ mạch
31375,nhảy,nhảy múa,bập bùng,nhún nhảy,nhảy lên,nhảy nhót
31376,lăn,đảo,xoay,quay
31377,nhảy,nhảy qua,vượt qua,vọt qua,nhảy vọt qua
31378,vội vã,lao nhanh,phóng nhanh,phi nhanh,đi nhanh,chạy nhanh
31379,chạy vừa phải,chạy từ từ,chạy vừa vừa
31380,ngập ngừng,lấn cấn,cấn cá,cấn cái
31381,lảng vảng,rình mò,đi lảng vảng,đi rình mò
31382,ngã ngửa,ngã ra sau,ngã bổ chửng
31383,thrash,rớt,lác,lag
31384,đi dọc,đi theo,lần theo,dọc theo
31385,đẩy,thúc,thúc đẩy,đẩy lên,thúc lên
31386,rong ruổi,đi rong ruổi,đi khắp nơi
31387,đung đưa,đu đưa,đong đưa,đưa qua đưa lại
31388,đánh xe vào,lái xe vào
31389,búng,đẩy nhẹ,hẩy nhẹ,hất nhẹ
31390,xô ngã,đẩy ngã,húc ngã,làm ngã,làm ngã nhào,đẩy ngã nhào
31391,nâng lên,nâng cao,nâng cao lên
31392,lao ra,nhảy bổ ra,bổ ra,lao bổ ra,nhảy xổ ra
31393,hãm phanh,phanh,phanh gấp,phanh lại,thắng,thắng gấp,thắng phanh,tắt
31394,chuyển vào bộ nhớ,nạp vào bộ nhớ,nạp dữ liệu
31395,chen lấn,xô đẩy,xô nhau,đẩy nhau
31396,chạy hơi nước,chạy bằng hơi nước
31397,quay về,quay về nhà,trở về,trở về nhà,về nhà,đi về nhà
31398,dựng lên,nhảy dựng lên,dựng đứng lên
31399,dẫn đầu,đi đầu,bước đi đầu
31400,diễu hành,tuần hành
31401,lắng,để lắng,làm lắng
31402,lạy,quì lạy,quỳ lạy,cúi lạy
31403,giao,cắt,cắt nhau,giao nhau,chéo nhau,vắt qua,chéo qua
31404,xuống ngựa,bước xuống ngựa,nhảy xuống ngựa
31405,để lại chỗ cũ,quay về chỗ cũ
31406,vụt qua,vụt chạy,tháo chạy,bỏ chạy,chạy biến
31407,đuổi đi,tống đi,xua đi,mời đi,xua đuổi
31408,chìm,đắm,đánh chìm,đánh đắm
31409,bay thành đàn,bay thành đội,bay theo đội
31410,nổi,trôi,trôi nổi,dập dềnh,dập dà dập dềnh,rập rình,rập rà rập rình
31411,hạ chốc lát,hạ xuống một thoáng,hạ xuống xong bị kéo ngay lên
31412,vỗ,đập,vỗ cánh,đập cánh
31413,chạy như bay
31414,nảy,bật nảy
31415,vỗ phần phật,bay phần phật,đập phần phật
31416,đổi hướng,chuyển hướng,làm lệch,làm chệch
31417,lảo đảo,đi lảo đảo,đi không vững,đi chập chững,đi loạng choạng
31418,bay,lan truyền,lan tràn,bay đi,bị phát tán
31419,lê,chạy ì ạch,bay rề rề,chạy rề rề,chạy lề rà lề rề,đi ì ạch
31420,nghiêng,làm nghiêng,xô nghiêng,làm chệch,làm nghiêng làm ngả
31421,chỉ,dẫn,trỏ,chỉ dẫn,chỉ đường,dẫn đường,trỏ đường,chỉ lối,dẫn lối,trỏ lối,dẫn hướng,chỉ hướng,trỏ hướng
31422,phun ra,vọt ra,phọt ra,bắn ra,phụt ra,xì ra
31423,bỏ,bỏ lại,bỏ đi,ra đi,rời,rời bỏ,rời khỏi,rời đi,từ biệt,đi,đi khỏi
31424,đi,chở,chuyên chở
31425,dựng,vểnh,hếch,dỏng,giương,ngỏng,dựng lên,vểnh lên,hếch lên,dỏng lên,giương lên,ngỏng lên
31426,đi thành hàng,đi thẳng hàng
31427,leo,trèo,đi lên
31428,đi,đi qua,đi ngang qua
31429,dồn vào góc,dồn vào chân tường
31430,bật ra,thoát ra,bật khỏi,thoát khỏi
31431,đổi thế,chuyển thế,đổi tư thế,thay đổi tư thế,thay đổi dáng điệu
31432,chở bằng xe tải,chuyển bằng xe tải,vận chuyển bằng xe tải
31433,lùa,lùa qua
31434,lật,trở,dở,giở,lật lại,lật giở,dở lại,giở lại
31435,lượn,lượn quanh
31436,đi bấm chân
31437,đỗ xe,đậu xe,đáp xe
31438,thăm,đến thăm,đi thăm,tới thăm,công du
31439,qua lại,chuyển động qua lại,chuyển động con thoi
31440,di chuyển bập bênh
31441,đi khí cầu,lái khí cầu,lái khinh khí cầu
31442,bập bà bập bềnh,bập bềnh,bập bồng,bềnh bồng,bồng bềnh,dập dềnh,dập dờn,lên xuống,nhấp nhô,phấp phới,rập rình,rập rờn
31443,vỗ,vẫy,vỗ cánh,vẫy cánh
31444,đi dạo,tản bộ,đi dạo mát,đi dạo chơi,đi bách bộ,đi tản bộ,rong chơi,dạo chơi
31445,dẫn bóng,dắt bóng,đi bóng,dê bóng
31446,nhảy Tapdance
31447,rình,rình rập,rình mò,rình bắt
31448,tuôn trào,trào ra,phun ra,tuôn ra,vọt ra,giàn giụa
31449,đâm,chọc,thọc,đâm xuống,chọc xuống
31450,đưa,gửi,đẩy
31451,nghỉ,ngừng,dừng
31452,ấn,ấn vào,kéo đến chật,kéo chật đến
31453,dâng,dâng tràn,dâng trào,tràn dâng,trào dâng
31454,đập mạnh,sập mạnh,đập rầm,rơi bốp,rơi sầm,hành quân,đi rầm rầm,đi rầm rập
31455,sắp thành hàng,sắp đặt thành hàng,sắp đặt hàng ngũ,sắp xếp theo thứ tự
31456,ngáng chân,nghoéo chân,ngáng đường,làm vấp
31457,thả,thả trôi
31458,làm vỡ tung,làm vỡ tung ra,làm vỡ bung,làm vỡ bung ra,làm bật tung ra
31459,lướt,trượt,sượt,thoáng,thoảng,lướt đi,trượt đi,sượt qua,thoáng qua,thoảng qua
31460,gửi ấn định
31461,cho phép lưu thông,cho phép đi qua,cho phép lưu chuyển,cho phép luân chuyển
31462,bắn rơi,bắn hạ,hạ gục,bắn gục
31463,kéo ra,rút ra,lôi ra,lấy ra,nhấc ra,nhâng ra
31464,chệch,chệch đường,chệch hướng,đi chệch đường,đi chệch hướng
31465,bắt tay vào,bắt đầu,khởi xướng,khởi đầu,khởi động,phát động,xướng lên,xướng nên
31466,đặt chân,nhấn chân,ấn chân
31467,gãy ra,gãy rời ra,rơi ra,rời ra,rụng ra,tuột ra,tách ra,đứt ra
31468,bay,bay lên,cuộn,cuộn lên,bốc,bốc lên
31469,phá hoại,quấy phá,phá quấy
31470,mở đường,đi trước,đi tiên phong
31471,rơi đột ngột
31472,đi phà
31473,lôi ra,kéo ra,đẩy ra,khui,khui ra
31474,chở bè
31475,luồn cúi,khúm núm,khép nép,quỵ lụy,quy phục
31476,dọn hết,dọn sạch,dọn hết đi,dọn dẹp hết
31477,nổi lên,ngoi lên,bốc lên,nổi lên mặt,bốc lên mặt,nổi lên bề mặt,bốc lên bề mặt
31478,lao,lao nhanh,lao như tên bắn,phi,phi như bay,phóng,phóng nhanh,phóng vụt,phọt,vọt
31479,đổ,rót,đổ sang,rót sang
31480,di chuyển đột ngột,di chuyển bất thình lình
31481,đi qua,ngang qua,băng qua,vượt qua,đi ngang qua,chuyển qua,di chuyển qua,băng ngang qua
31482,bơm,đẩy
31483,chia,phân,phân chia,phân cắt,chia cắt,tách,tách ra,chia ra,chia tách,phân tách
31484,đập nhanh,gõ nhanh
31485,đổ,đổ vào
31486,quay,quay lại,ngoảnh,ngoảnh lại,ngoảnh đi ngoảnh lại
31487,chọc vào,chui vào,luồn vào,lách vào,chọc thủng,xuyên thủng,khoan thủng,phá thủng
31488,trượt,té,ngã
31489,quay,xoay,quay tròn,xoay tròn,quay quanh,xoay quanh
31490,săn lùng,săn đuổi,săn tìm,đuổi bắt,lùng bắt,săn bắt,tìm bắt,truy nã,truy tìm,lùng sục,tìm kiếm gắt gao
31491,sôi,sục sôi,sôi sục,nổi sóng
31492,gửi,vận chuyển,chuyển vận,chuyển tải,vận tải,chở,chuyên chở
31493,tụ tập,tập hợp,tập họp,túm tụm
31494,dàn trải,trải ra,trải rộng ra
31495,tập trung,tề tựu,tụ họp,tụ tập
31496,đứng ra,ra mặt,đại diện
31497,né,tránh,nánh,né tránh,tránh né
31498,rẽ,nghẹo,đẩy,kéo,ném,lẳng,vứt,hất,thúc đẩy,đẩy về
31499,làm mắc cạn
31500,rung,rung chuyển,lay chuyển,rung lắc,chao đảo,làm rung chuyển,làm rung động,làm chấn động,làm lay chuyển,làm rung lắc,làm chao đảo
31501,tọt,chui tọt,chui tọt vào
31502,làm thông thoáng,làm thoáng khí,làm thông khí,làm lưu thông
31503,đứng thẳng người,đứng nghiêm,đứng thẳng,đứng chỉnh tề
31504,dao động,dao động điều hòa,dao động con lắc,dao động tịnh tiến,lắc lư,đung đưa,đu đưa
31505,hất,hất ra,đẩy ra ngoài,xô ra ngoài,hất ra ngoài
31506,dắt,dẫn,dắt đi,dẫn đi,đưa đi
31507,trở buồm,quay buồm,xoay buồm,đi trở buồm,lái trở buồm
31508,trở mình,trăn trở,băn khoăn,trở mình đi trở mình lại
31509,đuổi theo,bám theo,đeo bám,theo,theo sau,theo đuổi,truy bắt
31510,chạy tuyến,chạy theo tuyến
31511,trải ra,mở ra,kéo ra,dãn ra,trải dài ra,kéo dài ra,kéo dãn ra
31512,làm trượt đi,làm lướt đi
31513,lắc lư,bập bềnh,tròng trành,sòng sành
31514,rẽ,chuyển
31515,kéo đến,lũ lượt kéo đến,lũ lượt đến,xum lại
31516,rung mạnh,lắc mạnh,rung động mạnh
31517,quay lại,quay ngược lại,quay trở lại,quay trở về,quay về,trở lại,trở về
31518,khom,khom lưng,khom người
31519,chuyển tàu,chuyển thuyền,chuyển sang thuyền khác,chuyển sang tàu khác
31520,xúm đông,xúm đông xúm đỏ,tụ tập đông đúc,xúm xít,xúm xít lại,túm năm tụm ba,xúm vào,nhào vào
31521,nhảy break-dance
31522,lùi,đi lùi,lùi lại,cài số lùi,bước lùi lại
31523,phun,tuôn,tuôn ra
31524,chạy ầm ầm
31525,quăng,rải,rắc,tung,vung,vãi
31526,rung,rung lên,run rẩy,run lẩy bẩy,run lập cập,run cầm cập,lắc,lắc lư
31527,nhón,nhón chân,đi nhón chân,bước nhón chân
31528,lùa,dẫn,dồn
31529,ngừng,dừng,ngừng quay,dừng quay,cắt
31530,phục hồi,tái chế
31531,rẽ,rẽ ngang qua,cắt qua,cắt ngang qua
31532,tràn,lan,tràn ra,lan ra,tản ra,tỏa ra,lan tỏa ra,tản khai,bung ra
31533,chảy tràn,tràn qua,tràn ngập,ngập,ngập tràn
31534,bật lại,nảy lại,nẩy lại,nẩy bật,bật nẩy,bật ra khỏi
31535,đi bè,lái bè,dùng bè
31536,thám hiểm,đi thám hiểm,du khảo
31537,kêu lạch cạch,rung lách cách,khua lạch cạch,kêu lách cách,kêu lách ca lách cách
31538,hạ cánh,tiếp đất,hạ xuống đất,hạ cánh xuống đất
31539,vụt,phóng,vụt nhanh,phóng nhanh
31540,nghiêng,ngoẹo
31541,xúm quanh,đổ về,đổ dồn về,cùng kéo về,cùng đổ về,hội tụ,quy tụ,tụ lại
31542,vọt,phóng,vụt,vọt lên,phóng lên,vụt lên,phóng vọt lên,bay vọt lên,phóng vụt lên,bay vụt lên
31543,xuống,bước xuống,bước ra,ra khỏi,bước ra khỏi
31544,tiến đến,tiếp cận,tới gần,đến gần
31545,lùi,lui,rút lui,rút về,rút khỏi,lui về,lùi về,triệt thoái,triệt hồi,lùi khỏi
31546,lấy lên,đưa lên trên,nâng lên
31547,lạch bạch
31548,bơi chân chèo,bơi chó
31549,đi lên,lên cao,nổi lên,dâng lên,trào lên,tràn lên
31550,xâm nhập,đột nhập,vào một cách lỗ mãng
31551,lướt qua,đi lướt qua,chạy lướt qua
31552,bắt đầu,khởi sự,khởi hành,khởi động,mở màn,mào đầu,khởi sự,khởi xướng,phát đoan,khai đoan
31553,dịch,nhích,dịch chuyển,chuyển dịch,xê dịch
31554,uốn,uốn cong,uốn dẻo,uốn người,uốn mình
31555,cúi gập,gập người xuống,cúi người,cúi gập người
31556,lén theo,lẻn theo,bám theo,lảng vảng theo
31557,chuyển,chuyền,đưa
31558,lướt,lướt tới,lướt lên
31559,trượt patin,trượt pa-tanh
31560,lướt sóng
31561,quay,vắt,xoay
31562,trục vớt,làm nổi,làm nổi lên,thả trôi lại,làm nổi lại
31563,cúi,cúi chào,cúi đầu,cúi mình,nghiêng mình,nghiêng người
31564,ào lên,lao lên
31565,đi biển,đi chơi biển,đi du lịch biển
31566,chạy ngoằn ngoèo,di chuyển ngoằn ngoèo,chạy zíc zắc
31567,ra khỏi,thoát khỏi,rút ra,kéo ra,tránh xa
31568,nhích dần,tiến chậm,đi lần lần,đi từng bước,tiến từng chút một
31569,đưa,dẫn,dẫn đường,đưa đường
31570,xoay tít,xoay vòng,quay tít,quay vòng
31571,lăn quanh miệng
31572,di cư,di dân,di trú,di tản
31573,dẫn bằng đường ống,vận chuyển bằng đường ống,truyền bằng đường ống
31574,chuyển,chuyển theo hướng
31575,bơi sải,bơi trườn sấp
31576,bắt kịp,đến kịp
31577,chèo thuyền bằng chèo đôi
31578,lắc đầu,gật gù
31579,nằm dài,nằm dài ra,ườn ra,nằm ườn ra
31580,leo dốc,đi lên dốc,leo lên dốc
31581,bay một mình
31582,cúi,gập,gục,cúi người,gập người
31583,tròng trành,nghiêng ngả,ngả nghiêng
31584,rơi xuống,lao xuống,rớt xuống
31585,quay,ngoặt,quay ngoặt,quay ngoắt
31586,lăn bánh
31587,bám gót,theo gót
31588,rẽ,cày
31589,nằm xuống theo lệnh,nằm xuống theo yêu cầu
31590,nhảy ra,phóng ra,vụt ra,bắn ra,phọt ra,vọt ra,nhảy vọt ra
31591,đến được,đạt tới,tới được,vươn tới được,với tới được
31592,chuyển ray,chuyển hướng,đổi ray
31593,hút,hút vào
31594,leo thang,trèo thang
31595,rung,run,lắc lư
31596,qua cửa cổng,đi qua của cổng
31597,bay qua,bay vượt,bay vượt qua,bay
31598,chuyển về hậu cảnh,chuyển về sau cánh gà
31599,đập,co bóp
31600,quét,lướt,lia
31601,gục,rũ,cúi,chúc,gục xuống,rũ xuống,rũ ra,cúi xuống
31602,lên kịp,bắt kịp
31603,săn lùng rốt ráo,săn lùng ráo riết
31604,tan,giải tán,tan đám,tan rã,tan đàn xẻ nghé
31605,gập,gấp,đóng,thu,gập lại,đóng lại,gập vào,đóng vào,thu vào,thu lại
31606,châu đầu lại,chụm lại,giao nhau,giao tụ,gặp,gặp nhau,hội lại,hội tụ,quy lại,quy tụ,tụ,tụ lại
31607,đẩy,ấn,đè,ép,đẩy mạnh,ấn mạnh,đè mạnh,ép mạnh
31608,tung,tung đồng tiền
31609,chật kín,chật ních,ních đầy,nhét đầy
31610,làm đập nhanh,khiến đập nhanh
31611,đập mạnh,đập nhanh,co thắt,đập thình thịch,co thắt mạnh
31612,va mạnh,đập mạnh,đâm mạnh
31613,nhảy dù
31614,đi,đi được
31615,biểu diễn nhào lộn
31616,hạ thấp,hạ xuống,lún xuống,sụt xuống,tụt xuống
31617,nhảy dựng lên,nhảy chồm lên,dựng lên,chồm lên
31618,kẹt,mắc kẹt,kẹt cứng,chết cứng
31619,thúc chạy,bắt chạy
31620,chìm,đắm,chìm đắm,đắm chìm,ngập,chìm ngập,ngập trong
31621,đi xe máy,đi xe mô tô,cưỡi xe máy,cưỡi mô tô
31622,lướt,lướt đi,lướt bay,lướt qua,vút,vút đi,vút bay
31623,xối,xối xả,chảy như thác đổ,rơi như thác đổ
31624,chuyển nhanh
31625,chảy ngược,đổ ngược,chảy ngược về,đổ ngược về
31626,lảo đảo,lắc lư,tròng trành,bước lảo đảo,bước lắc lư,đi lảo đảo,đi lắc lư,đi tròng trành
31627,phai,lan,loang,phai ra,lan ra,loang ra
31628,đi,đi đến,đi tới,chu du,du lịch,đi du lịch,công du
31629,tham quan,thưởng ngoạn,du lãm,đi ngắm cảnh
31630,tiếp đất,chạm đất
31631,đấm,thụi,thọi,đá,đạp,vung tay,vung chân
31632,tóe lửa,phóng tóe lửa
31633,nấn ná,lần lữa,chần chừ,rề rà,cà rà
31634,đi theo,lẽo đẽo theo,lẵng nhẵng theo,bám theo,bám riết theo
31635,nhúng,nhúng ướt,dúng,dúng ướt
31636,bắn một loạt,nổ một loạt,khai hỏa một loạt
31637,chắt,gạn,chắt ra,gạn ra
31638,qua,thông,thông qua
31639,nhảy bao bố
31640,kéo co
31641,dòng sông chảy,sông cuộn chảy,sông chảy
31642,đi học,tới trường,lên trường
31643,đổ nước
31644,lon ton,tung tăng
