29209,kéo,kéo ra,kể lể ra,lôi,lôi ra,lấy,lấy ra,nhổ,nhổ ra,rút,rút ra,trích xuất
29210,quất bằng roi da,quật bằng roi da,đánh bằng roi da,vụt bằng roi da
29211,rải đá mạt,phủ đá mạt
29212,đâm,chém,cắt,chặt,đâm bằng dao,chém bằng dao,cắt bằng dao,chặt bằng dao
29213,chặt,đốn,cưa,chặt đổ,đốn đổ,cưa đổ
29214,xây thanh giằng,đóng thanh giằng,chống bằng trụ chống
29215,kê,đặt,để
29216,đàn hồi,cong,dẻo,lún
29217,ném vào đầu,ném trúng đầu
29218,quất bằng roi da bò,đánh bằng roi da bò
29219,giết chết,làm chết,cướp đi sinh mạng,cướp đi sự sống
29220,lục tìm,lục lạo
29221,rách,thủng
29222,kẹp,kẹp chặt,kẹt,kẹt chặt,ép chặt
29223,khởi động,vận hành,chạy,sử dụng
29224,đặt vào lọ
29225,buộc,chắp ghép,chắp nối,ghép,ghép nối,kết nối,liên kết,nối
29226,chạm chữ,khắc chữ
29227,chạm,chạm khắc,chạm trổ,gọt,khắc,trổ,tạc,điêu khắc,đẽo,đục
29228,cào,cào bằng,cào phẳng
29229,chạm đáy
29230,đẽo,đục,đẽo đục
29231,bắt,tóm cổ,chộp
29232,bao quanh,bọc quanh,bao,bao bọc
29233,tháo xích chó,mở xích chó
29234,đóng két,đóng thùng
29235,mài mòn,làm trầy xước,làm mài mòn,làm mòn,làm xước,cọ mòn,cọ xước
29236,chọc,đâm,xuyên,xoi,chọc thủng,đâm thủng,xuyên thủng,xoi thủng
29237,cố tình phá hoại,chủ ý phá hoại,phá hoại có chủ ý
29238,chúm lại,chụm lại,dúm lại
29239,múc bằng môi,múc bằng muôi
29240,buộc bằng dây thừng nhỏ,trói bằng dây thừng nhỏ
29241,buộc thành chuỗi,nối thành chuỗi,trói thành chuỗi,xâu thành chuỗi,xích thành chuỗi
29242,xếp lồng vào nhau
29243,nối khớp chữ T,lắp khớp chữ T
29244,nâng lên,đưa lên,đẩy lên,đẩy mạnh
29245,bón vôi,rắc vôi
29246,cung cấp kiến thức cơ bản,truyền kiến thức cơ bản,dạy kiến thức cơ bản
29247,choàng,choàng áo,khoác áo choàng,mặc áo choàng
29248,dìm,giầm,ngâm,nhúng,nhấn
29249,buộc ách,đóng ách
29250,phủ muội,phủ bồ hóng,phủ nhọ nồi
29251,phát,tét,đánh,đét
29252,bắn lên,văng lên,bắn tóe,bắn tung tóe
29253,chăn thả xa
29254,đổi,đổi tiền,đổi tiền lẻ,đổi tiền thối
29255,lau bụi,phủi bụi,quét bụi,xoa bụi
29256,đánh,gõ,gảy,gẩy,chơi,đánh đàn,gõ đàn,gảy đàn,gẩy đàn,chơi đàn
29257,phủ,lát ngoài,phủ ngoài,bao ngoài,phủ bên ngoài,bao bên ngoài
29258,nằm tựa,nằm dựa,nằm tựa vào,nằm dựa vào
29259,bao phủ,phủ lấy,bao lấy,bao trùm,trùm lên
29260,ném,vứt,đổ,quăng,tung,liệng,đánh
29261,giảm,cắt giảm,cắt bớt
29262,nhổ,dỡ
29263,đánh,đập,quất,đánh liên tiếp,đập liên tiếp,đánh liên hồi,đập liên hồi,quất liên hồi
29264,mã hóa,đánh mã
29265,khoét,đục,xẻ,xẻ rãnh,đục rãnh,khoét rãnh
29266,bắt vào lưới,dồn vào lưới,mắc vào lưới,sa vào lưới
29267,che bạt,phủ bạt
29268,lợp
29269,kéo,quay
29270,đánh dấu,làm dấu,đánh dấu chấm,làm dấu chấm
29271,hủy hoại,hủy phá,làm hư,làm hư hại,làm hư hỏng,làm hại,làm hỏng,phá,phá hoại,phá hại,phá hỏng,phá hủy,phá tan,tàn phá
29272,sáp nhập,hợp nhất,kết hợp
29273,bẫy,đặt bẫy,gài bẫy,cài bẫy,đánh bẫy
29274,phủ vải kếp,che vải kếp
29275,đặt lại,để lại,đặt lại chỗ cũ,để lại chỗ cũ
29276,quá tải,bị quá tải,chất quá nặng
29277,lên dây,căng dây
29278,đen đét,đánh đét,quất đét,vụt đét,đánh đen đét,quất đen đét,vụt đen đét
29279,chạm ngón chân
29280,dán,gắn,đặt,để
29281,kẻ sọc
29282,đánh liên tục,đánh liên hồi,đánh liên tiếp,đánh trúng liên tục,đánh bại hoàn toàn
29283,đặt ở dưới,đặt bên dưới
29284,bắt được,tóm được
29285,phủi,phất,phẩy
29286,xù,xù lên,làm dựng lên,làm xù lên
29287,ép,nén,siết,mím,bóp,thắt,ép lại,nén lại,siết lại,thắt lại,làm co,làm co thắt
29288,cắt xiên,cắt chéo
29289,bọc thép,mạ thép,viền thép
29290,đâm vào nhau,húc vào nhau,lút vào nhau,thu gọn vào,thu gọn lại,thu ngắn lại
29291,cầm chéo
29292,ép,nghiền
29293,va,đụng,đâm,đâm vào,đâm sầm vào,va phải,tông phải,đụng phải
29294,liếc,mài
29295,nổ mạnh,sập mạnh,vỗ mạnh,đánh mạnh,đạp mạnh,đập mạnh
29296,phá hủy bên trong
29297,rắc,té,vung,rải
29298,chất chồng,chất đống,chồng chất,sắp chồng,sắp thành chồng,tích lũy,xếp chồng,xếp thành đống
29299,cắm điện,cắm
29300,bắn một loạt,bắn xối xả,quần xạ
29301,gõ tìm,tìm kiếm
29302,dựng,cắm
29303,sơn,quét sơn,phủ sơn,phết sơn
29304,lót,trải
29305,đập liên tiếp,nện liên tiếp,đánh liên tiếp,đập đi đập lại,nện đi nện lại
29306,nghịch,quay,vặn,vặn vặn,xoay,xoay xoay
29307,bôi bẩn,bị làm bẩn,làm bẩn,làm lấm bẩn,làm nhơ,làm nhơ bẩn,vấy bùn,vấy bẩn,vẩy bùn
29308,chạm,chạm vào,mó,mó vào,rờ,rờ mó,rờ vào,sờ,sờ mó,sờ soạng,sờ vào,động,động chạm,động vào,đụng,đụng chạm,đụng vào
29309,sắp từng lớp,sắp từng tầng,xếp từng lớp,xếp từng tầng,rải từng tầng,rải từng lớp
29310,đập tay
29311,chuyển,gởi,gởi bưu điện,gởi qu bưu điện,gởi theo đường bưu điện,gửi,gửi bưu điện,gửi qua bưu điện,gửi theo đường bưu điện
29312,làm,khiến,đặt,đưa,làm cho,khiến cho,đặt cho,đưa cho,đặt vào,đưa vào
29313,cầm,nhặt,lặt,lượm,nhặt lượm,cầm lên,nhặt lên,lặt lên,lượm lên,nhặt lượm lên
29314,sơn lót,quét sơn lót
29315,dọn,làm sạch,dọn sạch,dẹp sạch,dọn dẹp
29316,cắt khoanh cây
29317,chiêu nạp,cóp nhặt,dồn lại,góp nhặt,sưu tập,thu nhặt,thu thập,tập hợp,tập trung,tụ tập
29318,kéo ra,lôi ra,nhấc ra,rút ra,đẩy ra
29319,đánh,đánh bay,đánh mạnh,đánh thật lực,đánh tung,đánh đau
29320,để cỏ mọc,trồng cỏ
29321,tháo dây da,cởi dây da,mở dây da,tháo thắt lưng,cởi thắt lưng,mở thắt lưng
29322,xỏ chốt vào dây mà buộc
29323,ném vào,liệng vào,quăng vào
29324,phá,phá bi
29325,dập khuôn
29326,kéo,dắt,lai
29327,kéo vào,thu vào,rút vào,co lại,co vào,rụt vào,rụt lại
29328,chích,chích thủng,chích vào,chọc,chọc thủng,chọc vào,khoan,khoan thủng,khoan vào,khoét,khoét thủng,khoét vào,thọc,xuyên qua,đâm,đâm thủng,đâm vào
29329,ngào,nhào,nhào nặn,nhào trộn,nhồi,trộn,đánh,đảo
29330,bắt bằng dây thòng lọng,tròng
29331,đánh gục,đánh quỵ,đánh quị,nốc ao,hạ đo ván,đánh nốc ao,cho đo ván,knock-out
29332,rửa bát,rửa chén,rửa bát đĩa,rửa chén đĩa
29333,phối,ghép,cấy
29334,cắt bằng kéo
29335,chống,chống bằng cột
29336,lấy phần ruột
29337,rạch,khắc,cắt
29338,giục,giục giã,hối thúc,kích động,thúc,thúc bách,thúc giục,xui,xui bẩy,xui giục,xúi,xúi bẩy,xúi giục
29339,nạo vét
29340,bó,bó bột,nắn,chữa
29341,đánh một chốt,đánh cú một chốt,chiếm gôn thứ nhất
29342,đánh dưới hai gậy so với chuẩn,đánh hai gậy dưới tiêu chuẩn
29343,giũ,giặt,dội,súc,sục,rửa
29344,xúc,xúc bằng xẻng
29345,nằm trên,đặt lên trên,nằm đè lên
29346,còng,xích,khóa tay,còng lại,xích lại,khóa tay lại,còng tay lại,xích tay lại
29347,yết,yết thị,niêm yết,cho hiển thị
29348,tháo,gỡ,tháo gỡ,tháo ra,gỡ ra,cởi bỏ
29349,chùi bằng bọt biển,cọ bằng bọt biển,lau bằng bọt biển,lau chùi bằng bọt biển
29350,ghép,ghép cho đều,ghép cho phẳng
29351,dội,rót,té,tưới,vảy,vẩy,xối,đổ
29352,rào,rào chắn,rào lại,rào quanh
29353,phủ bằng cỏ,phủ với cỏ
29354,phủ một lớp vỏ
29355,dốc,đổ hết,đổ ra,trút sạch,làm cạn,tháo sạch,trút hết ra,đổ ra sạch
29356,cuộn,cuốn,quấn,cuộn tròn,cuốn tròn,quấn tròn
29357,châm,chích,chó cắn,cắn,ngoạm,đốt,đớp
29358,bó chỉ,bọc chỉ
29359,cúi,khom,đi còng lưng
29360,chuyển sang,biến thành
29361,gây gổ,ẩu đả,đánh nhau
29362,bắt,bắt giam,bắt giữ,bỏ tù,cấm,cầm tù,giam,giam cầm,giam giữ,giam hãm,giam lại,hạn chế,khóa,khóa lại,nhốt,nhốt giữ,nhốt lại,tóm,tóm cổ,tống giam,vây bắt
29363,bắt,tóm,chộp,bắt được,túm được
29364,cời,gạt
29365,gắn bản lề,lắp bản lề
29366,buộc,băng,băng buộc,buộc dải,buộc băng
29367,bẻ,bẻ gãy,bẻ gẫy,cắt,làm gãy,làm gẫy,làm đứt,xé
29368,bới,xới,lục,dò tìm,mò mẫm,lục lọi,đào bới,bới tung,lục tung,xới tung
29369,chạm,đụng,va,đụng chạm,va chạm,tiếp xúc
29370,đóng sập,đóng sầm,rập mạnh
29371,cho nổ,cho nổ tung,làm nổ,làm nổ tung,nổ,nổ tung
29372,gắn mát tít,ốp mát tít
29373,bôi bẩn,bẩn,bửn,dơ,hoen ố,làm bẩn,làm bửn,làm dơ,làm dơ bẩn,làm dơ dáy,làm hoen ố,làm lấm,làm lấm bẩn,làm lấm lem,làm nhơ,làm nhơ bẩn,làm nhơ nhuốc,làm xấu,làm ô uế,làm ố,nhơ,vấy bẩn,ố
29374,đóng chai
29375,lát ván,ốp ván,phủ ván
29376,gập,gấp,khép,gập lại,cuốn lại,cuộn lại,xếp lại,đóng lại,khép lại
29377,cởi,tháo,bỏ,thoát,nhả,cởi bỏ,tháo ra,cởi ra,rút ra,tháo bỏ,nhả ra,thoát khỏi
29378,gỡ,gỡ rối,tháo gỡ,làm sáng tỏ,làm rõ,làm cho rõ ràng,làm cho sáng rõ,làm sáng rõ
29379,đấm nhẹ
29380,cởi gánh nặng,trút được gánh nặng,đặt gánh nặng xuống,để gánh nặng xuống
29381,giật,kéo,giật phắt,kéo phắt
29382,đắp bờ
29383,để trong xô,để trong thùng
29384,chào đón,đón chào,đón mừng,hoan nghênh,hoan nghinh,nghênh đón,nghinh đón,chào mời,mời chào
29385,đến,đặt chân,đi tới,đi đến,đặt chân đến,đặt chân tới
29386,lợp tôn,chần tôn
29387,làm hình nón
29388,tán sắc,tán quang
29389,phá hủy,phá sạch,phá tan,xóa sổ
29390,tìm,tìm kiếm,lục lọi
29391,làm viền răng cưa,cắt viền răng cưa
29392,đấm,thụi,thọi,đập,phát
29393,đóng vó,lắp vó
29394,viền tua,diềm tua
29395,gặm,gặm cỏ,ăn cỏ,bứt,bứt cỏ
29396,tán đấu đinh tán
29397,thọc,cho,nhúng,đút
29398,ôm chặt,nắm chặt,siết chặt,túm chặt,níu chặt,bấu chặt,ghì chặt,tóm chặt
29399,vãi,rải,tãi,rãi,rắc,gieo vãi,gieo rãi,gieo rắc
29400,bao,bao bọc,bọc,che,che chắn,che phủ,chắn,phủ,vây
29401,chất,chất đống,kết,kết tụ,tích,tích tụ,tụ,đánh đống,đống
29402,ghép thêm,gắn thêm,phụ,phụ thêm,phụ vào,thêm vào
29403,đính ghim,đóng ghim
29404,đóng bìa,đóng gáy,đóng bìa sách,đóng gáy sách
29405,đứng,đứng thẳng,đứng dậy,đứng lên,đứng thẳng dậy,đứng thẳng lên
29406,đào,khoét,đào khoét,đào bới
29407,chạy,vận hành,điều khiển
29408,đào hang,đào hốc
29409,buộc túm,thắt túm,buộc túm lại,thắt túm lại
29410,lấy,mang,đem,lấy đi,mang đi,đưa đi,đem đi
29411,làm ngạt,làm nghẹt,làm tắc,làm ngột ngạt,làm ngạt thở,làm nghẹt thở,làm tắc thở
29412,nghẽn,nghẹt,thắt
29413,vặt lông,nhổ lông,cạo lông
29414,trồng bằng rễ,làm bén rễ,làm bắt rễ
29415,móc,móc lên,mắc,mắc lên,treo,treo lên
29416,cấm bay
29417,làm bầm,làm bầm giập,làm bầm tím,làm giập,làm thâm tím,làm tím
29418,tát vũng
29419,thay đổi thứ tự,thay đổi vị trí,thay đồi cách sắp xếp
29420,quật bằng gậy,đánh bằng gậy
29421,đào lỗ,đục lỗ
29422,tách,tách ra,phân ra,tách rời ra,phân rời ra
29423,làm rối,làm rối tung,làm rối beng,làm rắc rối,làm phức tạp,phức tạp hóa,làm lộn xộn
29424,gắn,dính,buộc,dán,trói,đính
29425,giữ,níu,giữ lại,níu lại,níu kéo,níu giữ
29426,lăn,cán
29427,đạp,đạp bàn đạp
29428,gắn,tiếp xúc với,chạm vào,gắn vào,gắn với
29429,làm hoen ố,làm lấm tấm,làm lốm đốm,làm nhám,làm nổi đốm,làm sần,làm sần sùi,làm đốm,làm ố
29430,giết,giết chết,giết hại,hạ sát,hại chết,sát hại
29431,đóng kín,bịt kín,gắn xi
29432,lau,rửa,tẩy,cạo,dọn,quét,lau sạch,rửa sạch,dọn sạch,cạo sạch,đánh sạch,tẩy sạch,vét sạch,quét sạch,lau dọn,rửa dọn,quét dọn,tẩy rửa
29433,đóng cửa chớp
29434,đập,đập bóng,smash
29435,vun đất
29436,chuốt,cắt,cắt gọt,cắt tỉa,cắt xén,gọt,gọt đẽo,tỉa,vót,xén,đẽo,đẽo gọt
29437,tìm,tìm kiếm,lùng,lùng sục,truy tìm,truy lùng
29438,đóng đai,lắp đai
29439,làm bằng,làm phẳng,san,san bằng,san phẳng,ủi,ủi phẳng
29440,bổ,bổ ra,bửa,bửa ra,chẻ,chẻ ra,lọc,lọc ra,rẽ,rẽ ra,tách,tách ra
29441,biến dạng,méo mó,làm xấu đi
29442,xoa bóp,đấm bóp,mát-xa,tẩm quất,tầm quất,xoa nắn,tẩm quất mát-xa,tầm quất mát xa
29443,đập bóng chạm đất,đánh bóng chạm đất
29444,đánh bẩn,làm bẩn
29445,đánh bằng dùi cui,đánh bằng gậy tày
29446,đè nặng,ấn xuống
29447,rải,rắc,vãi,rải rác,rải trên
29448,đào hào chôn,đào hố trồng
29449,thấm qua,thấm vào,ngấm qua,ngấm vào,thẩm thấu,lọc qua
29450,đẩy,kéo,ủn,ẩn,xô
29451,tẩm,rưới
29452,suy,suy thoái,khủng hoảng,sa sút,sút kém
29453,bỏ cuống,cắt,cắt cuống,ngắt,ngắt cuống
29454,làm hỏng,làm xấu,làm hại,làm hư hỏng,làm hư hại
29455,đá bổng,đánh bổng,đánh võng lên
29456,đuổi ra ngoài,đuổi ra sân,cho ra sân
29457,trút,xả
29458,hắt,rảy,tung té,té,vẩy
29459,dành dụm,tích góp,tích cóp,ki cóp,cóp lại,cóp nhặt,gom góp
29460,gối,gối đầu,kê,kê đầu
29461,đóng bằng then,đóng bằng chốt,gài then,cài then
29462,bơm,ấn lên xuống,ấn lên ấn xuống
29463,giã,giã bằng chày,nện
29464,phá,phá hủy,tàn phá,phá hoại,phá nát,phá tan,phá tan tành,làm hư,làm hại,làm hư hại,làm hư hỏng
29465,đấm móc,đấm hook
29466,cởi,cởi trói,mở,mở trói,tháo,tháo mở
29467,cào,cào cấu,cấu,mèo cào,móc,quào
29468,liệng,ném,phóng,quăng,tung
29469,tìm,kiếm,tìm kiếm,kiếm tìm,truy tìm,săn tìm,tìm bắt,truy nã,truy lùng,săn lùng,lùng sục
29470,nhấn,nhấn xuống,nén,đè,ấn,ấn xuống
29471,đổ nát,điêu tàn,suy tàn,tàn tạ,tàn lụi
29472,tàn phá,phá hủy,thiêu,đốt cháy,cháy hết,thiêu hủy
29473,bịt,cụp,gập,khép,đóng
29474,thúc,thọc,chọc,huých,ấn,ẩy
29475,bĩu,cau,chau,mím,mắm,nhíu,nhăn
29476,đập,phá,đập phá,đập vỡ,phá vỡ,đập bể,đập tan,phá tan,đập nát,phá nát
29477,đá,đá nhau
29478,cắt vào,xuyên qua,cắt ngang,cắt ngang qua
29479,xích,trói,buộc
29480,thêm trung tố
29481,mở,tháo,cởi,nới,gỡ,tháo ra,cởi ra,gỡ ra,cởi bỏ,tháo bỏ
29482,mắc,mắc kẹt,mắc lại,kẹt lại
29483,dọn nhà,lau nhà,lau dọn,lau dọn nhà,dọn dẹp nhà cửa,lau rửa nhà cửa,quét dọn nhà cửa,quét rửa nhà cửa
29484,bổ,chém,chặt,chẻ,băm,đốn,bổ
29485,mài,mài dao,liếc dao
29486,treo lủng lẳng,treo lơ lửng,treo lửng lơ
29487,kết diềm xếp nếp,kết diềm đăng ten tổ ong
29488,xếp lên tàu,chất lên tàu
29489,kéo,kéo lê,kéo mạnh,lôi,lôi kéo
29490,cấy vào,gắn vào,ghép vào
29491,châm kim,chọc kim,đâm kim,chích kim
29492,bóc,bóc vỏ,mở,mở gói,mở bọc
29493,gạch,xóa,bỏ,gạch đi,gạch bỏ,xóa đi,xóa bỏ
29494,ôm sau lưng,ôm từ phía sau,cái ôm sau lưng,cái ôm từ phía sau
29495,bắt,bắt ép,cưỡng ép,thúc,ép,ép buộc
29496,lên cò súng,kéo cò súng
29497,ra hạt,kết hạt,đậu hạt
29498,chiếm dụng,trưng dụng
29499,nhổ lông bằng chỉ
29500,mang về,lấy về,đưa về,cầm lại,đem lại,mang lại,đưa lại,lấy lại,xách lại
29501,trát bùn,trét bùn,trít bùn
29502,chồng,xếp,đặt,xếp chồng,xếp chồng lên,con chồn
29503,phết hồ,quết hồ
29504,hái nấm
29505,tra dầu,bôi dầu,đánh dầu
29506,bôi đầy,dán đầy,làm dính đầy,phết đầy,phủ đầy,trát đầy,trét đầy
29507,nghiến,khép,mím,nắm,khép chặt,siết chặt,nghiến chặt,mím chặt,nắm chặt
29508,xói,xoi,xoi rãnh,xẻ rãnh,khía rãnh,tạo rãnh,rạch rãnh
29509,đánh cúp
29510,tra dầu mỡ,bôi trơn
29511,va mạnh,va chạm mạnh,chạm mạnh
29512,xua,trừ,đuổi,yểm,xua trừ,xua đuổi,yểm trừ
29513,phết,phệt,quệt,quết
29514,bện,đan,đan bện
29515,phủ rơm
29516,choàng,choàng lên,khoác,khoác lên,phủ,phủ lên,trùm,trùm lên
29517,vắt sổ,khâu vắt sổ
29518,cào,cời
29519,xoa,thoa,cọ,chà,xát,chà xát,kì,kì cọ
29520,đặt sai,để sai,đặt sai vị trí,đặt không đúng chỗ,để không đúng chỗ,để sai chỗ
29521,nối với đất,đặt dây đất
29522,kết nối,kết hợp,nối liền lại,gắn liền lại
29523,vẽ nội tiếp
29524,lái tàu ngầm
29525,bắt chuột,giết chuột,diệt chuột
29526,lắp đặt,cài,cài đặt
29527,tách,cà,chà
29528,xáo,xào,trộn,xào xáo,đảo
29529,đánh chiếm,cưỡng đoạt,cưỡng chiếm
29530,phá bóng,cản bóng
29531,an nghỉ,nằm,yên nghỉ
29532,cài,đóng,buộc
29533,gõ cửa
29534,buộc,cột,buộc dây,cột dây,buộc bằng dây,cột bằng dây
29535,bắt,giữ,nắm,bắt lấy,giữ lấy,nắm lấy
29536,kẹp bằng thanh kẹp,kẹp bằng bàn kẹp
29537,nghiền,xay,lọc
29538,nhấc,bế,nhấc lên,bế lên
29539,đặt,đặt lại,đặt nằm,đặt vào,để,để lại,để nằm,để vào
29540,kiểm soát bằng van
29541,gây độc
29542,quét senlăc
29543,kẹp,véo,cấu,bẹo,bóp,siết,bấu,béo,beo
29544,cắt,rạch,xé,tách
29545,đâm,đâm sâu,đâm ngập,đâm vào thịt,đâm sâu vào thịt,đâm ngập vào thịt
29546,chia thành phiến mỏng
29547,chồng,chất,chồng lên,chất lên,con chồn
29548,nhấn chìm,át,lấn át,lấn lướt
29549,xía vào,nhảy vào,chen ngang,xen ngang,cắt ngang
29550,chọc,chọc thủng,xiên,xiên qua,xiên thủng,đâm,đâm qua,đâm thủng
29551,bôi kem,thoa kem,xoa kem
29552,khâu,khâu vá,may,vá
29553,khâu cúc,khâu khuy,đơm cúc,đơm khuy
29554,quào lấy,vồ lấy,bấu lấy
29555,bóp,ép,ấn,bóp chặt,nắm chặt,siết chặt,ấn mạnh,ấn mạnh,ấn chặt
29556,gắn,gắn lại,hàn,hàn gắn,hàn gắn lại,hàn lại,hàn nối lại
29557,bốc,bốc dỡ,bốc hàng,bốc vác,bốc xếp,bốc xếp hàng,chất,chất hàng,dỡ,dỡ hàng,vác,xếp
29558,buộc,buộc lại,cột,cột lại,thắt,thắt lại,trói,trói lại
29559,tiếp,tiếp chuyện,tiếp kiến
29560,cắm,cài,đính
29561,chạm,chạm vào,cầm,cầm vào,mó,rờ,rờ mó,sờ,sờ mó,sờ vào
29562,chặt,đốn,bổ,chẻ,băm,thái
29563,phủ một lớp vỏ ngoài
29564,truyền,chuyển,lan truyền
29565,thu thập,tập hợp,sưu tập,thu gom
29566,tung hứng
29567,dò,thăm dò,dò tìm,dò bằng que thăm
29568,khu rừng,phủ xanh đất trống,phủ xanh đồi trọc,trồng cây,trồng cây gây rừng,trồng rừng
29569,ốp,dán,ốp gỗ,dán gỗ
29570,làm trầy,làm sứt,làm xước,làm rách,làm toác,làm xây xước,làm trầy xước,làm rách toác,làm sây sát
29571,đập vỡ sọ,đập vỡ đầu,đập vỡ hộp sọ
29572,dồn,tập họp,tập hợp,tập trung
29573,đóng mạnh,dập mạnh
29574,lồng,lộn
29575,buộc,trói,cột,buộc vào,trói vào,cột vào,buộc vào cọc,trói vào cọc,cột vào cọc
29576,gửi đi,gởi đi,chuyển đi,truyền đi,phát đi
29577,che mạng,trùm mạng
29578,nắm,giữ,cầm,nắm giữ,cầm giữ,níu giữ
29579,dán tem
29580,đỡ,chống,nâng,chống đỡ,nâng đỡ
29581,nhấp,đạp nhẹ
29582,quét,phủi
29583,cắt lúa bằng hái có khung gạt
29584,giao cấu,giao cấu với,giao hợp,giao hợp với,giao phối,giao phối với,làm tình,làm tình với,lên giường với,ngủ với,nhảy,phối ngẫu,phối ngẫu với,qua đêm với,quan hệ tình dục,quan hệ tình dục với,quan hệ với,truyền giống,ăn nằm,ăn nằm với
29585,phát về phía sau,phát bóng về phía sau
29586,đặt,để,bỏ
29587,cắm,xuyên,đâm
29588,lướt,lướt qua,lướt trên
29589,đeo,địu,cõng,mang
29590,cuốc,bổ
29591,phun,chảy,phụt,xịt
29592,hôn,thơm,hôn nhau,thơm nhau,hôn hít
29593,buộc,chằng,cột,bó
29594,bao quanh,bao xung quanh,vây quanh
29595,đưa vào tổ,đặt vào tổ
29596,bong,bong ra,bong sơn,bong từng mảng,bung ra,rộp,rời ra,tróc ra,tróc ra từng mảng,tróc từng mảng,tách ra
29597,xuyên,chọc,đâm,khoan,đục,xuyên qua,chọc thủng,đâm thủng,đục thủng,khoan thủng,xuyên thủng
29598,làm bóng,làm cho bóng,làm cho láng,làm cho sáng,làm láng,làm sáng,đánh bóng,đánh láng,đánh sáng
29599,khoanh tròn,vẽ đường xung quanh,vẽ đường bao quanh,vẽ đường bao
29600,nút,bít,bịt,nút lại,bít lại,bịt lại
29601,nghiền,đánh nhuyễn,đánh mềm,làm nhuyễn,làm mềm
29602,bắt cóc,cuỗm đi,lừa đem đi
29603,đánh xoáy cầu võng
29604,phết bơ vào
29605,nịt bít tất
29606,đặt rơ le
29607,buộc bằng dây sắt
29608,khía,khắc khía,tạo khía
29609,tấn phong
29610,phơi nắng,tắm nắng
29611,kết hợp,gộp lại,tổ hợp,hợp lại,kết hợp lại,tập hợp lại
29612,tráng,tráng men,làm láng
29613,phá,phá vỡ,phá hỏng,phá hủy
29614,gắn ống,gắn ống vào,đặt ống
29615,mạng
29616,phủ,tẩm,bọc,tráng
29617,gói,bọc lại,buộc lại,đóng gói,đóng hộp
29618,nhúng bùn
29619,nạp,lắp,nhét,nhồi,nhồi nhét,nhồi vào,nhét vào
29620,khiến,bắt
29621,mặc yếm nịt,mặc áo quây
29622,kín chỗ,chật kín chỗ,chật cứng chỗ,chật ních chỗ
29623,đánh vào chân trụ
29624,nén,ép,nén lại,ép lại,ép chặt lại
29625,làm xoăn,làm quăn,uốn xoăn,uốn quăn
29626,truy tìm,truy lùng,săn đuổi
29627,gặp rắc rối,gặp khó khăn,lâm vào rắc rối,lâm vào,rơi vào,rơi vào khó khăn,lâm vào khó khăn,rơi vào rắc rối,sa vào,sa vào rắc rối,sa vào khó khăn
29628,tách thịt tại các khớp,lọc thịt tại các khớp,cắt tại những đoạn nối,chia ra từng đoạn
29629,đánh bóng vào lỗ
29630,hòa lẫn,hòa lẫn vào nhau,hòa trộn,kết hợp,làm nhòa lẫn,pha lẫn,pha trộn,trộn,trộn lẫn,xen lẫn
29631,tìm,tìm kiếm,lục tìm,truy tìm,lùng,truy lùng,săn tìm,kiếm tìm,tìm tòi
29632,chắp,vá,nối,vá víu,chắp vá,chắp nối
29633,dán một tấm mỏng lên trên,phủ một tấm mỏng lên trên
29634,đâm lỗ chỗ,xuyên lỗ chỗ,đâm thủng lỗ chỗ,xuyên thủng lỗ chỗ
29635,vùng,vùng vẫy,vẫy vùng,vùng dậy,vùng lên
29636,làm đổ,kéo đổ,đánh đổ,làm sập,kéo sập,đánh sập,làm gãy,làm gẫy,làm đổ sập,làm đổ xuống,làm sập xuống
29637,nhét,nén,nhồi,ấn,nhồi,ních,tống,lèn,nhồi nhét
29638,đào được,đào lên được,khai quật được
29639,tiêm,bơm
29640,cản,ngăn,chặn,cản trở,trở ngại,ngăn cản
29641,làm dàn gỗ,dựng giàn gỗ
29642,đánh bằng túi cát,đánh bằng bọc cát
29643,làm khung,lên khung,dựng khung
29644,gỡ,tháo ra,tháo gỡ,gỡ rối
29645,gắn chặt,dán,dán mắt,dán chặt,đóng chặt,gắn chắc,cài chắc,thắt chặt,buộc chặt,kháo chặt
29646,đào đường hầm xuyên qua
29647,trộn lung tung,làm lung tung,làm lộn xộn,làm xáo trộn,làm đảo lộn,làm hỗn loạn
29648,thất lạc,để mất
29649,bóp cổ chết,bóp cổ giết,siết cổ chết,bóp nghẹt giết
29650,đè chết
29651,kéo,giương,nhấc,nhâng,kéo lên,nhấc lên,đưa lên,giương lên
29652,bẩy,cạy,nạy,nậy,bẩy ra,cạy ra,nạy ra,nậy ra
29653,vẽ hình ngoại tiếp
29654,thêm vào,bổ khuyết,thêm vào cuối,nối vào,nối với
29655,rê,đẩy,dẫn
29656,kéo bằng tời,di chuyển bằng tời
29657,để lên giá,để lên kệ,đặt lên giá,đặt lên kệ,xếp vào ngăn
29658,hút,hấp thu,thu hút,tiếp thu
29659,tháo,ngắt,tháo ra,tách ra,ngắt rời,làm rời ra,cắt rời ra,tháo rời ra
29660,rơi vỡ loảng xoảng,đổ rầm xuống,vỡ tan
29661,dò dẫm,lần mò,lần tìm,mò,mò mẫm,quờ quạng,rờ rẫm,sờ soạng
29662,chốt,chốt then,cài,cài chốt,cài then
29663,nhấc,nâng,kéo,nhấc lên,nâng lên,kéo lên
29664,cắt ngắn,xén ngắn,hớt ngắn
29665,lê,quét
29666,vặn,xoáy,siết,xoáy vít,vặn vít,siết vít
29667,nhổ rễ,nhổ bật rễ,nhổ bật gốc
29668,chém,cưa,bổ,chặt,phạt,phăng,cắt
29669,đánh trượt,đánh chóp
29670,bắt hàu
29671,chắp,chắp nối,nối,ráp,ráp nối
29672,đánh trúng,đánh được,đánh thành công
29673,giả mạo,làm giả,chữa,sửa bậy
29674,phẫu thuật cắt bỏ,cắt bỏ
29675,giã,nện,giáng
29676,đổ máu,chém giết,tàn sát,lấy máu,giết chóc
29677,lược,may lược,khâu lược
29678,điều khiển,vận hành,thao tác,điều hành,điều chỉnh
29679,đánh bóng sống,đánh vô-lê,đánh vô lê,đánh vôlê
29680,cắt đuôi,chặt đuôi
29681,quẳng,tung,quẳng lên,tung lên
29682,chặt,đốn,chém,thái
29683,xếp thành tầng,phân tầng,tạo thành tầng,đặt thành tầng,xếp thành cột,xếp thành dãy
29684,cấy,cấy ghép,ghép
29685,chất thành đống,chồng thành đống,con chồn
29686,căng,kéo căng,kéo giãn,làm giãn
29687,ngăn bằng đập
29688,chẻ,rẽ,xẻ,bổ,tách ra
29689,đan,lồng,cài,đan vào nhau,lồng vào nhau,cài vào nhau
29690,chọc,đâm,xuyên,chọc qua,đâm qua,xuyên qua
29691,bỏ,thả,buông,nhả,thả ra,bỏ ra,buông ra,nhả ra
29692,hạ cánh khẩn cấp,lật nhào,đổ rầm xuống
29693,đánh,đấm,đập,vỗ,choảng,đánh đấm,đánh đập
29694,quấn,cuộn,rút ra
29695,đeo phù hiệu,đeo huy hiệu
29696,đeo vòng cổ
29697,bọc bố,bọc vải
29698,buộc vào,buộc móc vào,buộc thòng lọng,buộc vòng vào
29699,rút,chích
29700,rưới nước sốt,tưới nước sốt
29701,ném qua,bay lướt qua
29702,đắp luống,làm luống,tạo luống,cày luống
29703,ráp,gắn
29704,chôn,chôn vùi,chôn lấp,chôn giấu,vùi lấp,che đi,phủ đi,giấu đi
29705,quấn tã,quấn bằng tã
29706,biểu hiện ra,biểu lộ ra
29707,lợp bằng đá bản,lợp bằng đá phiến
29708,tiện ren trong,xẻ ren trong
29709,lau sạch bằng hơi nước
29710,đuổi đi,trục xuất,đánh đuổi,đánh bật,tống cổ đi,đuổi ra khỏi,tống ra khỏi,đánh ra khỏi
29711,bắt,bắt lấy,chộp,chộp lấy,chụp,chụp lấy,nắm lấy,tóm,tóm lấy,túm,túm lấy,vồ,vồ lấy
29712,buộc,bó lại,trói gô lại
29713,gian dâm,thông dâm,tà dâm,thông gian,tư thông
29714,chạm,chạm khẽ,chạm lướt,chạm nhẹ,khẽ chạm,khẽ sờ,khẽ đụng,sờ,sờ nhẹ,đụng,đụng khẽ,đụng nhẹ
29715,trói cánh tay
29716,gộp,gộp vào nhau,gộp lại,gộp lại với nhau,dồn lại,cộng lại,hợp lại,gom lại,gồm lại
29717,tự tử,tự sát,tự vẫn,quyên sinh
29718,vặn xoắn,vặn vẹo,làm méo,bóp méo,làm méo mó
29719,tung,rải,rắc,gieo
29720,cắt răng cưa,cắt hình răng cưa
29721,in,hằn,lằn,in hằn,in lên,hằn lên,lằn lên,in hằn lên
29722,dính chặt,bám chặt,bó sát,dính chặt vào,bám chặt vào,bó sát vào,dính vào nhau
29723,cột,trụ,chống bằng trụ,chống bằng cột
29724,nảy,bật,dội lại,nảy lại,bật lại,bật ngược lại
29725,làm bẩn,làm dơ,làm dơ bẩn,làm dơ duốc,làm dơ dáy,làm hoen ố,làm lem luốc,làm lấm,làm lấm bẩn,làm lấm lem,làm nhem nhuốc,làm nhơ,làm nhơ bẩn,làm nhơ nhuốc,làm vấy bẩn,làm ô uế,làm ố,vấy bẩn
29726,đụng đến,chạm đến,đụng chạm đến,đụng chạm vào
29727,gánh,vác,gánh vác,vác trên vai,gánh trên lưng,gánh trách nhiệm nặng nề
29728,bào mòn,khoét mòn,xói mòn
29729,xén lông,hớt lông,cắt lông
29730,bọc,gói,quấn,cuốn,bọc lại,gói lại,quấn lại,cuốn lại
29731,cố định
29732,bện,nối bện
29733,đặt vòng hoa
29734,lau,chùi,lau chùi,lau sạch,chùi sạch,lau chùi sạch
29735,cập vào cầu tàu
29736,kèm,theo kèm,kèm riết,kèm sát,theo sát
29737,phóng tên lửa,bắn tên lửa
29738,nắm chặt,siết chặt,ôm chặt,ghì chặt,giữ chặt,kẹp chặt,bám chặt,bấu chặt
29739,dựng,dựng buồm,dựng buồm lên bệ
29740,chiếm được,có được
29741,buộc dây cằm
29742,xếp nếp,tạo nếp,gấp nếp
29743,hạ thủy,thả
29744,tháo ra,gỡ ra,tách ra
29745,bới,cuốc,làm rời ra,làm tơi,xới,đào,đánh tơi
29746,đặt,để,đỗ
29747,mài,mài nhẵn,làm nhẵn
29748,phun ra,vọt ra,phun ra thành tia,làm bắn tia
29749,cắt bỏ,cắt đi,chặt bỏ,phá đi,phá bỏ
29750,cắt,xẻ
29751,bật tanh tách,bẻ tanh tách
29752,cắn nhẹ,cắn yêu
29753,bào xoi
29754,cắt hình chữ chi,cắt mép răng cưa
29755,bạt bóng
29756,mang đi,đem đi,bắt đi
29757,xào lại bài,trộn lại bài,xáo lại bài,tráo lại bài
29758,phá phách,cướp bóc,phá hoại,tàn phá,chiếm đoạt,cướp đoạt,cưỡng đoạt,cướp phá,xâm phạm,xâm chiếm
29759,xả hơi,xì hơi,tháo hơi,làm xì hơi,làm xẹp
29760,lát khảm,lát đá khảm
29761,dệt màu
29762,đâm,chọc,châm,chích,đục,khoan,đâm thủng,chọc thủng,châm thủng,chích thủng,đục thủng,khoan thủng
29763,ghép cặp,ghép thành cặp,ghép thành đôi,ghép đôi,sắp thành cặp,sắp thành đôi,thành cặp,thành đôi
29764,xô,đẩy,huých,húc,hích,thúc khuỷu tay,xô lấn,xô đẩy,thúc,hẩy,đẩy mạnh
29765,dụ dỗ,gạ gẫm,quyến rũ,dụ,gạ
29766,cắt,khứa,cứa,rạch,dọc
29767,đánh vảy,cạo vảy,lột vảy,đánh vẩy,cạo vẩy,lột vẩy
29768,nối lại bằng đoạn nối,ghép lại bằng đoạn nối
29769,xâu,xâu qua
29770,xé thành từng mảnh,xé ra từng mảnh,phanh ra từng mảnh
29771,hôn nhẹ,hôn khẽ,hôn lướt,hôn vội
29772,lùng,lùng sục,lục lạo,lục lọi,lục soát,sục
29773,rút lõi,lấy lõi ra,lấy nhân ra
29774,giặt,hút bụi,lau,lau rửa,lọc,rửa,thanh lọc,tẩy,tẩy rửa
29775,khua,lùa
29776,kéo lên,cột vào
29777,lên giây
29778,ném,chuyển
29779,buộc tàu vào bến,cột tàu vào bến
29780,xiên qua,đâm,đâm qua,đâm xuyên,đóng cọc
29781,lướt,xem qua,lướt qua,xem lướt,xem lướt qua,đọc lướt qua,đọc bỏ quãng
29782,hủy,phá,hủy hoại,phá hủy,phá hại
29783,chìa ra,đưa ra,chìa tay ra,đưa tay ra
29784,xếp,xếp chỗ,xếp cho,xếp chỗ cho,xếp chỗ ngồi cho,xếp ghế cho
29785,bó bột,trát thạch cao
29786,nhỏ,rỏ,giỏ,nhỏ giọt,rỏ giọt,giỏ giọt
29787,ứ,đọng,nghẽn bùn,tắc bùn
29788,bấm,bấu,dập,véo,xé rách
29789,bôi,phủ,phết,dán,trát,quyết,áp,bôi lên,phết lên,dán lên
29790,đặt,dựng,dán yết thị,dán thông báo
29791,chặn,ngăn,chắn,cấm
29792,bện,kết,tết,vặn,xe,xoắn
29793,sút,đá,đạp
29794,lột trần,mở ra
29795,đập,đâm,xô,nện,thụi,thọi,đâm sầm
29796,gỡ,thoát,giải thoát,gỡ rối,giải cứu,gỡ thoát,cứu thoát
29797,đầu độc,hạ độc,tẩm độc,đánh bả,bỏ bả,độc sát,bỏ thuốc độc,tẩm thuốc độc
29798,dính,bám,dính chặt,dính chắc,dính vào,bám chắc
29799,bày ra,dang,dang ra,dàn ra,giăng,giăng ra,giải,giải ra,mở,mở ra,phơi,phơi ra,rải ra,trải,trải ra,tung,tung ra
29800,cách nhiệt,bọc cách nhiệt,dán cách nhiệt,làm cách nhiệt
29801,thí mạng,thí bỏ,hi sinh
29802,đá bóng
29803,làm ẩu,làm cẩu thả,làm qua loa,làm qua quýt,làm tào lao,làm đại khái,làm lấy lệ,làm có lệ,làm cho có
29804,tháo,bỏ,tháo bỏ,tháo ghim,bỏ ghim,tháo bỏ ghim
29805,thu hoạch hạnh,thu lượm hạnh,thu hoạch quả hạnh,thu lượm quả hạnh
29806,nứt áo,tách khỏi vỏ,rơi khỏi vỏ
29807,viền,viền dài viền,viền ruy băng
29808,để,ném,liệng,lẳng,vứt,hất,tống,nhét
29809,đào hào,đào rãnh,đào mương
29810,dũi,dũi mõm,thọc mõm
29811,làm giảm bớt,làm hạ thấp,làm hạ bớt
29812,khép,ngăn,khép kín,ngăn cách,giữ khoảng cách,cắt liên lạc
29813,đưa,sờ,lướt
29814,rơi,đập
29815,đánh,đánh gục,đánh ngã,đốn ngã,đánh đổ,hạ gục
29816,cắm,găm,gắn
29817,ném,vứt,tung,liệng,quăng,quẳng,hắt,hất
29818,cạo,giũa,nạo
29819,cho phối giống,nhân giống,cho nhân giống
29820,xô,đẩy,đùn đẩy,xô đẩy
29821,xóa,hủy,bỏ,hủy bỏ,xóa bỏ,loại bỏ,vứt bỏ,bỏ đi,gạch bỏ,thủ tiêu,triệt tiêu,gạch đi
29822,ném bóng mạnh,thảy bóng mạnh
29823,nhổ neo,kéo neo
29824,giật,giật mạnh,giằng,giằng mạnh,kéo,kéo mạnh,lôi,lôi mạnh
29825,vợt,đánh vợt,đánh bằng vợt
29826,ra sức ném,ném mạnh,ráng sức ném
29827,thít chặt,làm tắc,làm nghẹt
29828,quấn,quàng,quấn quanh,quàng quanh
29829,kéo khóa,kéo khóa lên
29830,lột da
29831,đánh,đánh nhanh,đánh bất ngờ,đánh bất thình lình
29832,cúp máy,dập máy,gác máy,tắt máy
29833,cắt chân tay,chặt chân tay,chặt cánh,chặt đùi
29834,hạ,đánh gục,đốn,đốn hạ
29835,va,đâm,đâm mạnh,va mạnh,đâm mạnh vào,va mạnh vào
29836,chằng,trói,buộc,chằng lại,trói lại,buộc lại
29837,đấu,thi đấu,đọ sức,đối đầu,đối chọi,đối kháng,ganh đua
29838,cắt,cắt tỉa,cắt xén,hớt,tỉa,tỉa tót,xén,xén tỉa
29839,căng ra,trải ra
29840,giũa sắc,làm sắc,mài,mài sắc
29841,cắt,thái
29842,vỗ,gõ,đập,đánh
29843,bắn,vấy,văng
29844,bao bọc,bao phủ,bao trùm,che,che phủ,che đậy,phủ
29845,ràng,bó
29846,bỏ mạng che mặt,tháo mạng che mặt,tháo bỏ mạng che mặt
29847,móc vào,treo vào,mắc vào,cài vào
29848,cắt thành,cắt bỏ
29849,chia tư,chia bốn,chia thành bốn phần
29850,mạ đồng,tráng đồng,bọc đồng
29851,chà xước bằng chìa khóa,cọ xước bằng chìa khóa
29852,lợp rạ,lợp lá,lợp tranh
29853,cắt bỏ,cắt đứt,cắt rời,cắt đi,cắt phăng,chặt phăng
29854,làm tràn ngập,làm tràn đầy,ngập,ngập tràn,tràn,tràn ngập
29855,cắt,cứa,khía,khứa,rạch
29856,lan ra,tràn ra,lan truyền,tỏa khắp,lan khắp,tràn ngập,lan tràn,truyền khắp
29857,cất giữ vào thánh đường
29858,lốp
29859,để lại sẹo,để lại vết sẹo
29860,va,va vào,đâm,đâm sầm,đâm sầm vào,đâm sầm xuống,đâm vào,đập,đập vào,đụng
29861,mở,tháo,bóc,gỡ,tách
29862,tháo,nới lỏng,thả lỏng,buông lỏng,thả ra,cởi ra,tháo ra,buông ra,nới ra,làm rời ra,gỡ ra
29863,đeo thắt lưng,thắt dây lưng,buộc chặt bằng dây lưng
29864,mò ngọc trai,mò ngọc
29865,sắp xếp,sắp xếp văn bản
29866,sơn giả vân
29867,thủ dâm,tự sướng,thẩm du,sóc lọ,móc cua
29868,dán băng,dính băng,đính băng
29869,cào nhẹ,cấu nhẹ,véo nhẹ,sượt qua
29870,vật,đấu vật,đánh vật,vật nhau
29871,trải thảm,bao phủ bằng thảm
29872,đập,nện,phang,đập xuống,nện xuống,phang xuống
29873,chém đầu,xử trảm,lấy đầu,chặt đầu,chặt lấy thủ cấp
29874,đút vào,nhét vào,bỏ vào,thu vào,rúc vào
29875,đánh bổng ngắn
29876,lưu,giữ,trữ,cất,lưu trữ,cất giữ
29877,co lại,thu lại,thun lại,nhỏ lại,sun lại,thu nhỏ lại
29878,đậu,đậu trên
29879,đánh,tẩn,nện,quất,quật,đập,bụp,dần,đánh đập,đánh đòn
29880,dồn,gộp,gộp lại,dồn đống,dồn lại,xếp lại thành đống,thu gọn lại thành đống
29881,chia vùng,phân vùng,ngăn cách,ngăn ra,chia ra,phân mảnh,chia cắt,phân chia,phân chia ra,phân tách ra
29882,dừng lại,hãm,tắt,đỗ lại
29883,ép,nén,chèn
29884,ném phịch,quăng phịch
29885,lau,lau chùi,đánh bóng
29886,phanh ra,banh ra
29887,xúc,múc
29888,tráng kẽm,mạ kẽm,bọc kẽm
29889,kê,đệm,chặn
29890,đặt mạnh xuống,đặt huỵch xuống,ném bịch xuống
29891,dẫn vào bến,dẫn vào cảng,đưa vào bến,đưa vào cảng
29892,tiếp nối,nối liền,kết nối,nối nhau,gặp nhau,giao nhau
29893,vớt bọt biển
29894,bật,cho chạy,khởi động,mở
29895,căng ra,banh ra,kéo ra,mở ra
29896,nhồi,nhét,lèn,nhồi vào,nhét vào,nhồi nhét
29897,hành hình vì đạo
29898,đẩy,bắn,phóng,đẩy lên
29899,đẩy lùi,đánh lui,đánh lùi
29900,gập,gập lại,bẻ gập,làm cong,uốn cong
29901,đội mũ vải
29902,duỗi,duỗi ra,duỗi thẳng,kéo thẳng,làm thẳng,nắn thẳng,trải thắng,uốn thẳng,vuốt thẳng,ép thẳng
29903,cho đi ngủ,đặt vào giường
29904,cuốn,cuộn,cuộn lại,quấn,quấn lại,quặn,quặn lại,vòng,vấn,vặn,vặn lại,xoắn,xoắn lại
29905,tách,lấy,gỡ,lột,làm rời,tách ra,làm rời ra,lấy ra,gỡ ra,lột ra,bóc ra,lôi ra
29906,đập,vỗ,vỗ nhẹ,đập nhẹ,gõ nhẹ
29907,bật lên,nảy lên
29908,cho chở quá nặng,cho chở quá tải,chất quá nặng,chất quá tải,chất quá đầy,nhồi quá mức
29909,bắn ra,hất,làm bắn ra,làm phun ra,làm phọt ra,phun,phun ra,phóng,phóng ra,phọt,phọt ra,vọt,vọt ra
29910,không thấm nước,chống thấm nước
29911,đóng đinh,đóng đinh ngắn
29912,trầy da,xước da,sầy da,sất da,lướt qua,sượt qua,làm trầy da,làm xước da
29913,tắc,làm tắc,làm nghẽn,làm nghẹt,làm tắc nghẽn,gây tắc nghẽn,làm tắc nghẹt
29914,dán nhãn,gắn nhãn,đính nhãn
29915,cuốn,hút,thu hút,lôi cuốn,lôi kéo,cuốn hút,hấp dẫn,quyến rũ
29916,đuổi,loại,tống khứ,đuổi đi,đuổi khỏi,loại trừ,loại bỏ,gạt bỏ,tống ra,loại ra,tống khỏi,đuổi tống ra,đuổi cổ khỏi
29917,đan,đan dệt
29918,trồng,trồng cây
29919,làm thăng bằng,làm cân bằng,giữ thăng bằng,giữ cân bằng
29920,bao,bao kín,bao quanh,bao trùm,bao vây,quây quanh,vây,vây quanh
29921,làm nhẵn,làm mịn,làm phẳng,làm nhẵn mịn,làm nhẵn phẳng,làm phẳng mịn
29922,xâm lấn,tấn công,lan
29923,mài,chà,làm sờn,cọ sờn,mài mòn,bào mòn
29924,truyền,lan truyền,truyền bá,quảng bá,phát tán,phổ biến,tuyên truyền
29925,làm bẩn,làm bẩn thỉu
29926,tết,bện,tết lại,bện lại
29927,bỏ vào hộp,cho vào bao bì,cho vào hộp,đóng gói,đóng hộp,đóng kiện
29928,lấp,bịt,bít,lấp đầy,lấp kín,nhét đầy,nhét kín,bịt kín,bít kín
29929,nhỏ,vảy,vẩy
29930,ra cảng,tới cảng
29931,chăn,thả,dắt,chăn thả,chăn dắt,thả dắt
29932,dán quảng cáo,dán áp phích,dán áp phích lên tường
29933,tách,chia,tách ra,chia ra,chia tách,chia tách ra
29934,đóng yên,đóng yên cương,thắng yên,thắng cương,thắng yên cương
29935,thẳng vào ách,lồng ách vào
29936,tiu,bạt
29937,giạng,chạng,choãi,doạng,xoạc,giạng chân,chạng chân,choãi chân,doạng chân,xoạc chân
29938,quạt,sy,sảy,sẩy,rê,quạt thóc,sy thóc,sẩy thóc,rê thóc
29939,băm,bằm,vằm
29940,véo mông,cấu mông,bấu mông,véo vào mông,cấu vào mông,bấu vào mông
29941,nuốt,nhấn chìm,nuốt chửng,nuốt gọn
29942,kéo lại gần nhau,mang lại gần nhau,xích lại gần nhau
29943,nâng,nhấc,kéo,cẩu,trục,nâng lên,kéo lên,cẩu lên
29944,dựng,đặt,để,dựng đứng
29945,giữ,duy trì,mang,giữ vững
29946,nịt,đai,nịt đai,thắng đai
29947,cho vào túi,bỏ túi,bỏ vào túi
29948,xóa,xóa bỏ,xóa đi,xóa tan đi,tẩy đi,tẩy bỏ,tẩy sạch,tẩy xóa,lau sạch
29949,kéo dài ra thành dây
29950,chụm,tụm,túm,chụm lại,tụm lại
29951,đánh giấy ráp,đánh giấy nhám
29952,nhồi,độn,nhồi vào,độn vào
29953,xâu kim,xâu chỉ
29954,bào,bào đi
29955,dựng cột
29956,đánh trên một gậy so với chuẩn,đánh quá một gậy so với chuẩn
29957,lở băng,vỡ băng,vỡ ra những tảng băng nổi
29958,gánh,vác,đặt lên vai,vác lên vai
29959,xáo trộn,làm lộn xộn,làm rối tung,gây xáo trộn
29960,nạo,mài,xát
29961,xâu,xỏ
29962,đánh sáp,vuốt sáp,bôi sáp,bọc sáp,phủ sáp,đánh sáp lên,vuốt sáp lên,bôi sáp lên,phủ sáp lên
29963,bấm,cắt ngọn,bấm ngọn,cắt tỉa,cắt tỉa ngọn
29964,buộc bằng dây da,trói bằng dây da,cột bằng dây da
29965,trát,trít,trát xi măng,trít xi măng
29966,cắt đứt,rời,đoạn tuyệt
29967,đưa,chèn,xen,nhập,gắn,cho,thêm,nhét,đưa vào,chèn vào,thêm vào,cho vào,nhét vào
29968,nhúng,vùi,chôn
29969,triệt,tiêu diệt,hủy diệt,tàn sát,diệt trừ,giết hết,giết sạch
29970,ném mạnh,vứt mạnh,quăng mạnh,liệng mạnh
29971,hái,lượm,thu nhặt
29972,bắt vít,vít chặt
29973,lau hầm tàu,dọn hầm tàu,rửa hầm tàu
29974,đánh đòn quyết định
29975,bẻ thành hình quay tay,uốn thành hình quay tay
29976,tháo,dỡ,tháo ra,dỡ ra,nới ra
29977,đặt,đậu,đội
29978,chơi gái
29979,bắt,kèm
29980,bắn,quăng,ném
29981,khóa,đan,lồng
29982,bôi,trát,phết,quyết,bôi lên,trát lên,phết lên,quyết lên
29983,gây tắc,làm tắc,gây nghẽn,làm nghẽn,gây tắc nghẽn,làm tắc nghẽn,bít,bịt
29984,tràn lên,bao trùm,trùm lên
29985,hất bằng chĩa,gảy bằng chĩa,đào bằng chĩa
29986,đặt ở điểm phát bóng
29987,mang,cầm,chở,đem,đưa,khuân,vận chuyển,mang vác,khuân vác
29988,cặp tóc
29989,quất,quật,quất mạnh,quật mạnh
29990,gom vỏ,thu thập vỏ
29991,chia lẻ,chia nhỏ
29992,trát,trít,trát vữa,trít vữa
29993,tập kích,xâm nhập,đột kích,đột nhập
29994,gắn bó,gắn chặt,gắn kết,kết chặt,thắt chặt
29995,thắt nút,buộc chặt bằng nút
29996,làm tơi,làm xốp,đánh tơi,làm tơi xốp
29997,cắt phần dưới
29998,túm lấy,níu lấy
29999,gặm,nhai
30000,sơn mỏng,quét sơn mỏng,sơn kim loại mỏng
30001,bắt mạch,xem mạch,xúc chẩn
30002,gảy,gẩy,búng,bật
30003,khai,thông,khai thông
30004,vun đất thành luống
30005,lao,quăng,ném,lao xuống,quăng xuống,ném xuống
30006,không vận,chở bằng máy bay,dùng máy bay,vận chuyển bằng máy bay
30007,nhập quan
30008,phủ kem
30009,đánh bằng gót gậy
30010,đào hào quanh,đào rãnh quanh
30011,chạm nhẹ,vuốt nhẹ,cọ nhẹ
30012,tổ,ổ
30013,bày bừa,làm rối,làm rối beng,làm rối bù,làm rối như tơ vò,làm rối rắm,làm rối tung,làm xáo trộn,lục lọi,lục tung
30014,dựa,tựa,chống,đỡ,chống đỡ
30015,dùng,chỉnh,sử dụng,vận dụng,điều khiển,điều chỉnh,thi hành
30016,đỡ,nâng đỡ,đỡ bằng giàn
30017,chất đầy,chất lên
30018,hủy bỏ,thủ tiêu,loại bỏ,hoàn lại
30019,xoa,thoa,láng,làm nhẵn,làm mịn
30020,ép,vắt,bóp bẹp,đè bẹp
30021,nghỉ,nghỉ ngơi,tĩnh dưỡng,dưỡng sức,an dưỡng
30022,nằm sấp,nằm úp mặt
30023,bọc bằng nỉ
30024,quét,phết,phủ,sơn,thoa,bôi,trát,trít
30025,trích,mổ
30026,phá trinh,làm mất trinh
30027,rạch,rạch da,rạch sẹo
30028,giết,tiêu hủy
30029,thâm nhập,xâm nhập,nhập sâu
30030,đóng,ngăn,cản,ngăn cản,đóng lại,ngăn lại,đóng cửa
30031,nối lại,chập lại
30032,vắt,vắt nước,bóp,bóp nước
30033,bó sát,ôm chặt
30034,trát bằng vữa xtucô
30035,hóa kiếp,tiễn đi
30036,nhấc,nâng,nhắc,nhấc lên,nâng lên
30037,niêm,đóng dấu niêm,đóng dâu niêm phong
30038,tráng thiếc,bọc thiếc
30039,lột sạch,lột hết,lấy hết,lấy sạch
30040,mắc,vướng,móc,kẹp
30041,đánh thẳng,đập thẳng,vụt thẳng,quật thẳng
30042,lắp quay tay
30043,chằng,buộc chằng,trói chằng
30044,bôi máu
30045,bít,trét,hàn,bịt
30046,cọ,lau,chùi cọ,lau chùi,cọ rửa
30047,nắm chặt,túm chặt,ôm chặt,bám chặt,giữ chặt
30048,vo,vê,vo tròn,vê tròn
30049,khoanh,khoanh tròn
30050,hoạt động tốt,làm việc hiệu quả,chạy ro ro
30051,kẹp,gán,cặp,gắn,ghim,đâm,đính
30052,đeo chuông,đeo chuông cho
30053,bắc cầu,xây cầu
30054,đặt,đặt xuống đất
30055,lan truyền,lan ra,lan tỏa
30056,đục,khoan,dùi
30057,đào,đào bới,khai quật,khai phá,khoét,moi,khoét rỗng
30058,săn ếch,bắt ếch
30059,làm sứt,làm mẻ,làm sứt mẻ
30060,gửi thư ngoại giao,gửi thông điệp ngoại giao,gửi sứ điệp,gởi thư ngoại giao,gởi sứ điệp,chuyển thư ngoại giao,chuyển sứ điệp,chuyển thông điệp ngoại giao,gửi chuyển thông điệp
30061,vặn cổ,siết cổ,bóp cổ
30062,dán giấy dán tường,phủ giấy gián tường
30063,thắt cổ,treo cổ,vặn cổ
30064,làm kẹt,làm mắc,làm tắc,làm kẹt lại,làm kẹt cứng,làm mắc kẹt,làm mắc lại,làm tắc lại,làm không nhúc nhích được
30065,đụng,va,chạm,đụng chạm,va chạm,đụng nhau,đụng vào nhau,va nhau,va vào nhau,va chạm nhau,va chạm vào nhau
30066,lót,lót ván
30067,trượt,trật,hụt,không trúng,trật lấc
30068,xáo trộn,làm lộn xộn,làm rối,làm rối tung,làm rối bù,làm rối mù,làm mất trật tự
30069,bóp chặt,nén,nén ép,ép,đè nèn
30070,chạy không
30071,vít,đóng,bắt,ráp,lắp,vặn,chốt,ấn,bắt vít,đóng vít
30072,trồng,cấy,gieo,gieo trồng,đặt,gieo cấy
30073,gắn xi măng
30074,tẩy bằng bọt biển,xóa bằng bọt biển,lau chùi bằng bọt biển,cọ sạch bằng bọt biển
30075,dùng chuột,sử dụng chuột máy tính
30076,uốn,xoắn,gập,uốn cong,bẻ cong,gập cong,làm cong
30077,chấm,tạo chấm,tạo đốm
30078,cùm,cùm lại
30079,múc bằng thìa,múc
30080,bỏ màn,vén màn,khánh thành
30081,nối mộng rãnh rìa
30082,đưa vào làm,đặt làm vào
30083,lan rộng,lan khắp,tỏa khắp,tỏa rộng,lan tỏa,lan ra,tỏa ra
30084,ném lén lút,ném giấu giếm
30085,cản trở,làm khó,gây khó,khó dễ
30086,may nối vắt,khâu nối vắt
30087,đánh hai chốt,đánh cú hai chốt,chiếm gôn thứ hai
30088,thêm tiền tố
30089,kéo,kéo lê,kéo theo
30090,chặt đầu,cắt đầu,lấy đầu,bỏ đầu
30091,đâm bằng lưỡi lê
30092,cuộn,quấn,cuốn,cuộn vào,quấn vào,cuốn vào
30093,xé,xé nát,xé toạc,xé rách,xé phay
30094,khụy xuống,sụp xuống,quỵ xuống,sập xuống,hạ xuống,sập xuống
30095,mang bằng xô
30096,đánh sang trái,đánh xoáy trái,đánh nhẹ sang trái,đánh xoáy sang trái
30097,đâm gậy nhọn,chọc gậy nhọn,thọc gậy nhọn,thúc gậy nhọn,đâm bằng gậy nhọn,chọc bằng gậy nhọn,thọc bằng gậy nhọn,thúc bằng gậy nhọn
30098,cọ,cào cấu,cọ xát
30099,vỡ,bể,gãy,gẫy,đứt,vỡ ra,bể ra,gãy ra,gẫy ra,đứt ra,gãy rời,gãy rời ra
30100,đánh,đấm,đập,giáng,nện,choảng
30101,cắt đứt,chặt rời,cắt lìa,cắt rời
30102,nối nhau,cặp vào nhau
30103,thúc ngựa
30104,rút ổ cắm,rút phích cắm,tháo ổ cắm,tháo phích cắm
30105,rải nhựa,trải nhựa,bôi hắc ín,quét nhựa đường,phủ nhựa đường,tráng nhựa đường
30106,quấn,quấn quanh,vấn xung quanh,buộc vào,buộc quấn,buộc quanh,bao quanh
30107,nổ,bắn,phóng
30108,drive,bạt golf,bạt gôn
30109,xào bài,trộn bài,xáo bài,tráo bài
30110,đánh lưới,bắt bằng lưới,đánh bằng lưới
30111,quét lên,phết lên,trát lên,bôi lên
30112,hấp thu,hấp thụ,tiếp thu,tiếp thụ
30113,bồng bế,nâng niu,âu yếm,ôm,ôm ấp
30114,ném tới tấp,dội tới tấp
30115,kích lên
30116,tháo sợi,rút sợi
30117,vặn chặt,siết chặt
30118,cào,gãi,nạo,cạo
30119,day,véo,vấu,beo,bấu,cấu,day nhẹ,day day,véo yêu
30120,vuốt ve,ve vuốt,vuốt nhẹ,vuốt khẽ,mơn trớn,mơn man
30121,tách,tách ra,cắt,cắt ra,chia cắt,phân liệt,phân tách
30122,táp vào,đập vào
30123,đóng nút bần vào
30124,đào hào vây quanh,đào hào bảo vệ
30125,vận chuyển bằng hàng không,vận chuyển bằng đường hàng không
30126,lau,xoa,xóa,chùi,lau chùi
30127,săn được,bắn chết,bắn được,săn bắn được
30128,trát,trít,đổ bê tông,rải bê tông
30129,té,tung tóe,làm bắn,làm tóe,làm tung tóe
30130,giết,mổ,thịt,giết mổ,giết thịt,mổ thịt,làm thịt
30131,che,chắn,che chắn,che đậy,che lại
30132,gây rối,làm loạn,phá quấy,quấy rối,quấy quả,làm xáo động,làm náo động,làm xao động
30133,giáng,giáng đòn,ra đòn,tung chưởng,xuất chưởng
30134,chồng,xếp,xếp chồng,chồng lên,xếp lên,con chồn
30135,dũi đất,ủi đất
30136,vặt,nhổ,giật,bứt,ngắt,hái,trẩy,bẻ
30137,nghiến,cọ,nghiến ken két,nghiến kèn kẹt
30138,dán đầy lên,dán lên,gắn lên
30139,đóng dấu bưu điện
30140,đánh bằng roi chín dài
30141,đẩy bằng sào
30142,hú,xuỵt
30143,lót,đệm,độn
30144,chậm,tiếp thu chậm,tiếp thu kém,chậm tiếp thu,chậm hiểu,hiểu chậm
30145,đào hầm,đào hào
30146,tống đạt,gửi,chuyển lệnh đến
30147,bợp,bớp,tát,vả
30148,đậy,phủ,trùm,cuốn,bọc,đậy kín,phủ kín,trùm kín,bọc kín
30149,đãi,chao,gạn
30150,đóng xiên,đóng nghiêng
30151,ra sức,ra sức làm,làm miệt mài,làm chăm chỉ
30152,đóng trại,cắm trại,dựng trại,hạ trại
30153,đập lúa
30154,nện,thọi,thọi mạnh,thụi,thụi mạnh,đánh,đánh bình bịch,đánh mạnh,đánh phình phịch,đấm,đấm bốp,đấm mạnh,đấm đánh,đập,đập bốp
30155,làm thay đổi,làm đổi thay
30156,chở bằng xe ngựa
30157,tước xơ
30158,làm mái,lợp mái
30159,đặt,đặt xuống
30160,dán nhãn,đóng nhãn
30161,siết,siết chặt
30162,làm lõm,làm lõm xuống
30163,đập hụt bóng,đánh hụt bóng,đập lỡ bóng,đánh lỡ bóng,whiff
30164,đánh bằng mũi gậy
30165,đánh bằng roi,quất bằng roi,vụt bằng roi,quật bằng roi
30166,làm tắt,dập tắt,thổi tắt
30167,là,ủi,là ủi
30168,khuấy,khoắng,quấy,quậy
30169,băng,băng bó,quấn băng
30170,chặn,chắn,ngăn,cản,ngăn cản,chặn lại,chắn lại,ngăn lại,cản lại,ngăn cản lại
30171,quây vào trong một lùm cây
30172,tiếp giáp với,giáp với,ở cạnh,ở sát,giáp giới với,nằm sát,nằm sát cạnh
30173,đeo băng
30174,gói,bọc,bọc lại,buộc lại
30175,treo,mắc,lắp,gắn
30176,quất,quật,vụt,phết
30177,quật ngã,làm ngã,đánh ngã,hất ngã
30178,ném đá,ném đá cho chết
30179,dựng,dựng hình
30180,giữ,ngăn,chặn,cản trở,giữ lại,ngăn lại,chặn lại,cản lại
30181,lau bằng khăn
30182,chia cắt,tách rời,chia tách
30183,chặt,đốn,xẻ,chặt gỗ,đốn gỗ,xẻ gỗ,đốn cây
30184,phủ,che,bao,bọc,bao bọc,bao phủ,che phủ
30185,dọn,dọn dẹp,quét,quét dọn,quét nhà
30186,mài,mài sắc làm sắc
30187,rửa xà phòng
30188,lắp vào đầu xe,gắn vào đầu xe,nối vào đầu xe
30189,gieo,gieo hạt,gieo mầm,gieo giống,gieo hạt giống,trỉa,trỉa hạt
30190,chuẩn bị sử dụng
30191,cú chip shot,cú hớt bóng
30192,khuấy,khuấy đục,đảo
30193,chặt,đẽo,chặt bằng rìu,đẽo bằng rìu
30194,mổ sống,mổ xẻ sống
30195,cột bằng dây cáp,buộc bằng dây cáp
30196,bắc giàn giáo
30197,bới,tìm,bới tìm
30198,cất đi,xếp xó,bỏ không
30199,hớt,vớt,hớt bọt,hớt váng,vớt bọt,vớt váng
30200,pha,chế,pha chế
30201,khoan,khoan xương
30202,nêm gia vị,thêm gia vị,cho thêm gia vị
30203,phân đoạn,phân đốt
30204,bào mòn,gặm mòn,hao,hao mòn,làm mòn,mài mòn,mòn,ăn mòn
30205,bắt trai sò
30206,vặn,vắt,bóp
30207,thái,lạng,cắt lát,thái lắt,thái mỏng,cắt mỏng,lạng mỏng
30208,phủ một lớp
30209,dồn việc,dồn trách nhiệm,chất gánh nặng lên
30210,bơm,đổ,nạp
30211,mở,mở khóa
30212,chèn nêm,chêm nêm,kê nêm,nêm,đóng nêm
30213,quét vôi
30214,hút bằng bọt biển
30215,cướp,giật,cướp giật
30216,đánh dấu phụ
30217,dồn toa xe thành lũy
30218,lùng sục,sục tìm,sục sạo,sạo sục
30219,đánh trứng,trộn trứng,đánh trứng vào,trộn trứng vào
30220,ràng,buộc,cột,trói,buộc chặt,cột chặt,trói chặt
30221,vụt,lướt
30222,đánh vỡ đầu,đánh vỡ sọ
30223,hôn,âu yếm,ôm hôn,vuốt ve,mơn trớn
30224,kiêm,kiêm nhiệm
30225,ném,vứt,quăng,quẳng,liệng,lao,tống
30226,chải,quét
30227,hợp,hiệp,kết hợp,dung hòa,liên hiệp,hợp lại,hiệp lại,liên hợp lại,hợp nhất lại
30228,tháo dây,cởi dây
30229,nắm chặt,cầm chặt,ôm chặt,kẹp chặt
30230,mang theo,đưa theo,dẫn theo,đem theo
30231,dệt với kim tuyến
30232,tháo,cởi,gỡ,mở,tháo ra,cởi ra,gỡ ra,mở ra
30233,phủ sương,phủ sương giá
30234,giao,giao hàng,chuyển hàng,chuyển phát,vận chuyển
30235,đeo vòng chân,gắn vòng chân
30236,may viền,tạo viền,khâu viền
30237,cài,cài khuy,cài cúc
30238,chà liên tục,chà xát liên tục,chà không ngừng,chà xát không ngừng
30239,xé,xé rách,xé toạc,bửa ra,nứt ra,toạc ra,bung ra
30240,đi tơ,đạp mái
30241,vứt rác bừa bãi lên,bày bừa rác,vứt rác rưởi bừa bãi lên,bày bừa rác rưởi
30242,hoạt động sai,hoạt động không chính xác,hoạt động không đúng,chạy sai,hoạt động sai,chạy không đúng,chạy không chính xác
30243,niêm kín,dán kín
30244,ghim,găm,cài,ghim lại,găm lại,cài lại
30245,lát,ốp
30246,búi,bối,quấn
30247,rập chữ nổi
30248,mạ bạc,tráng bạc
30249,hút,hút ra,mút,mút ra
30250,ép,vắt,chiết
30251,nép,rúc,xích,cuộn mình,thu mình,nép mình,náu mình,rúc vào,ẩn mình
30252,liệm,khâm liệm
30253,tháo,rút sợi
30254,lai,lai giống,ghép giống,cho lai giống,cho ghép giống
30255,dẫn,đưa,đem
30256,nghịch vẩn vơ,đùa vẩn vơ,chơi vẩn vơ
30257,khám xét,rà soát
30258,gán,gán cho,gắn cho
30259,xếp tầng
30260,để chảy nhỏ giọt
30261,bắt đầu khoan
30262,giữ trên mặt đất
30263,kéo,lôi,giật,lôi kéo
30264,kì,kỳ,kì cọ,kỳ cọ,chà,chà xát,cọ
30265,cất,cất linh hồn,đưa,đưa đi,gọi,gọi về
30266,giao bóng,ném bóng
30267,liếm,liếm láp
30268,cắn nhẹ,ngoạm nhẹ
30269,xẻ,cưa
30270,quét,khua,khoắng
30271,để ngồi,đặt ngồi
30272,xếp nếp,xếp li,xếp ly
30273,đặt dấu nối
30274,bào,bóc,gọt,lột,tước
30275,chải,chà
30276,len,lách,len lỏi,luồn lách
30277,tách riêng,chia ra riêng,tách ra riêng
30278,xếp theo thứ tự,sắp xếp theo thứ tự
30279,tách nhỏ
30280,chọc,xuyên,xoi,thọc,đâm,thúc,thích,ấn,ẩy,chọc thủng,xuyên thủng,xoi thủng
30281,tước,gọt,bóc,gọt vỏ,bóc vỏ,lột vỏ,tước vỏ
30282,bọc,mạ,phủ,tráng
30283,gỡ,tách,bóc,bóc tách
30284,che,phủ,che phủ,phủ lên,che lên
30285,cài,gài,ghim,xiên
30286,sắp,xếp,đặt,để,sắp đặt,sắp xếp,bố trí
30287,ngừng hoạt động,ngừng vận hành
30288,làm đổ,làm tràn,đánh đổ
30289,gấp nếp,làm nhăn,làm nhàu,tạo nhăn,tạo nhàu
30290,gập,gấp,vén,xắn,bẻ,gập lên,gấp lên,vén lên,xắn lên,bẻ lên
30291,gấp nếp,ép nếp,uốn nếp
30292,đãi,lọc,sàng,sảy,sẩy
30293,dò,dò tìm,dò la
30294,gậm,gậm nhấm,gặm,gặm nhấm,ngoạm
30295,làm kén
30296,đánh nhẹ,búng,vụt nhẹ,gõ nhẹ
30297,đập nhẹ,gõ khẽ,gõ nhẹ,vỗ khẽ,vỗ nhẹ,phết nhẹ,đánh nhẹ,đánh khẽ
30298,làm dấu,ghi dấu,tạo dấu
30299,vuốt,xoa,vuốt ve,ve vuốt,vuốt vuốt,xoa xoa,mơn man,mơn trớn
30300,trồng cỏ xanh lên,trồng cỏ xanh lên đám đất
30301,thắt bằng dây thừng,buộc bằng dây thừng,trói bằng dây thừng,cột bằng dây thừng
30302,đào ngang,đào lò ngang
30303,thủ tiêu,loại bỏ,trừ khử,khử,thanh toán,sát hại
30304,đóng,ấn,cắm,đóng chặt,đóng sâu,gắn chặt,cắm chặt
30305,sàng,rây,lọc,sàng lọc
30306,vạch mặt,vạch trần,bóc vỏ,lột vỏ,lột mặt nạ,cởi mặt nạ,bỏ mặt nạ ra
30307,ngồi xổm,ngồi chồm hỗm,ngồi chồm hổm
30308,hất,làm ngã
30309,lót viền
30310,giảm phân
30311,ném trứng vào
30312,mổ,xẻ,mổ xẻ
30313,lồng kính,lắp kính
30314,rắc,rải,phân tán,phân tán rải rác
30315,móc,cài,gài
30316,rạch,chọc
30317,phủ đầy lông,gắn đầy lông
30318,cho vào vỏ,bỏ vào bao
30319,thông nhau,nối thông,nối thông nhau
30320,đâm sừng,húc bằng sừng,đâm bằng ngà,xé bằng răng nanh
30321,rửa,tẩy,tẩy rửa,xả,giặt giũ
30322,đâm bằng giáo,đâm bằng thương
30323,thêm hậu tố
30324,kết hợp,kết đôi,ghép nối,ghép đôi,ghép hợp
30325,tách ra,tách rời,rời ra,phân ra,phân tách ra
30326,ghim,ghim lại,đóng ghim
30327,đắp nổi,chạm nổi,khắc nổi
30328,đóng chốt,đóng cọc
30329,vãi,đánh đổ,làm đổ,để đổ,làm rơi,làm vãi,để vãi ra,để đổ ra,để rơi ra
30330,biến dạng,thay đổi,đổi dạng
30331,đóng lô,tập hợp thành lô
30332,làm rỗng,khoét rỗng,đục rỗng,làm ruỗng,đục ruỗng
30333,đấm bốc,đấu quyền anh,đấu đấm bốc,đấu boxing,đánh quyền anh,thi đấu quyền anh,thi đấu đấm bốc,thi đấu boxing
30334,đá lên,đá tung lên
30335,đáp,đáp lại,đáp trả
30336,sục mũi vào,dí mũi vào,gí mũi vào,rúc mũi
30337,moi ruột,rút ruột,bỏ ruột
30338,đuổi ra,tống cổ ra,thải hồi
30339,đúng tiêu chuẩn,đúng quy cách
30340,đóng vào bao tải
30341,thấm,hút,thấm hút
30342,đánh bất tỉnh,đánh gục,đánh ngất xỉu
30343,thắng,thắng cương,thắng dây,thắng dây cương
30344,buộc thòng lọng,thắt bằng dây thòng lọng,buộc bằng dây thòng lọng
30345,rũ,buông,rủ,xõa,thõng,buông xuống,thõng xuống,thả xuống,chùng xuống,xõa xuống,rủ xuống,rũ xuống
30346,đánh véc - ni,phủ véc - ni,quét véc-ni,đánh véc ni,quét véc ni,phủ véc ni,quét sơn dầu,đánh sơn dầu
30347,rặn,rặn ra
30348,đá,đánh,đập,vỗ
30349,rỉa lông
30350,khoét,đào,khoét sâu,đào sâu,sục sâu
30351,rắc,phủ
30352,thái thành từng khối,cắt thành từng khối
30353,in dấu,đóng dấu,đóng dấu lên,in dấu lên,đóng dấu vào,in dấu vào
30354,thả ở cầu tàu
30355,mạ kền,mạ ni ken,mạ ni-ken
30356,ngăn gian,ngăn ô,phân gian
30357,bật sáng,khởi động
30358,ném,tung,búng,liệng,lia,hất
30359,bắn tên,bắn cung tên,bắn cung
30360,cắt lông mũi
30361,nhổ lông mày,cắt lông mày,cạo lông mày
30362,nhổ tóc,cắt tóc
30363,vắt,vắt chanh
30364,chanh nóng,nước chan nóng
30365,bế em,bồng em,ẵm em
30366,câu cá,câu,đánh bắt cá,bắt cá,đánh cá
30367,đánh bắt,bắt cá,khai thác thủy sản,giăng lưới,thả lưới
30368,đeo kính,mang kính
30369,khoác áo,choàng áo,mặc áo
30370,tha mồi,mang mồi
30371,đắp chăn,trùm chăn,đắp mền,trùm mền
30372,xả rác,vứt rác,ném rác,thải rác
30373,xóa bảng,lau bảng,chùi bảng,bôi bảng
30374,sửa quần áo,vá quần áo
